CREATE TABLE Account (
	Account_id SERIAL PRIMARY KEY,
	Login VARCHAR(30) NOT NULL,
	Password VARCHAR(30) NOT NULL,
	Permission_level INTEGER NOT NULL,
	Date_of_creation DATE NOT NULL,
	Last_time_online TIMESTAMP NOT NULL
);

CREATE TABLE Staff (
	Passport_number INTEGER PRIMARY KEY,
	Account_id INTEGER UNIQUE NOT NULL,
	Full_name VARCHAR(50) NOT NULL,
	Position VARCHAR(50) NOT NULL,
	FOREIGN KEY (Account_id) REFERENCES Account(Account_id)
);

CREATE TABLE Medical_staff (
	MS_id SERIAL PRIMARY KEY,
	Passport_number INTEGER,
	FOREIGN KEY (Passport_number) REFERENCES Staff(Passport_number)
);

CREATE TABLE Nonmedical_staff (
	NMS_id SERIAL PRIMARY KEY,
	Passport_number INTEGER,
	FOREIGN KEY (Passport_number) REFERENCES Staff(Passport_number)
);

CREATE TABLE Doctor (
	Doctor_id SERIAL PRIMARY KEY,
	MS_id INTEGER NOT NULL,
	Specialization VARCHAR(50) NOT NULL,
	FOREIGN KEY (MS_id) REFERENCES Medical_staff(MS_id)
);

CREATE TABLE Patient (
	Patient_id SERIAL PRIMARY KEY,
	Account_id INTEGER,
	Full_name VARCHAR(50) NOT NULL,
	Address VARCHAR(200) NOT NULL,
	Date_of_birth DATE NOT NULL,
	Passport_number INTEGER UNIQUE NOT NULL,
	Insurance_policy_number VARCHAR(50) UNIQUE NOT NULL,
	Credit_card_number VARCHAR(16) UNIQUE NOT NULL,
	Age INTEGER NOT NULL,
	FOREIGN KEY (Account_id) REFERENCES Account(Account_id)
);

CREATE TABLE Schedule (
	Doctor_id INTEGER,
	Day VARCHAR(3),
	Time TIME NOT NULL,
	FOREIGN KEY (Doctor_id) REFERENCES Doctor(Doctor_id)
);

CREATE TABLE Appointment (
	Appointment_id SERIAL PRIMARY KEY,
	Doctor_id INTEGER NOT NULL,
	Patient_id INTEGER NOT NULL,
	Room INTEGER NOT NULL,
	Date TIMESTAMP NOT NULL,
	Price INTEGER,
	FOREIGN KEY (Doctor_id) REFERENCES Doctor(Doctor_id),
	FOREIGN KEY (Patient_id) REFERENCES Patient(Patient_id)
);

CREATE TABLE Medical_record (
	Record_id SERIAL PRIMARY KEY,
	Patient_id INTEGER NOT NULL,
	Creation_date DATE NOT NULL,
	Diagnosis VARCHAR(1000),
	Prescription VARCHAR(1000),
	FOREIGN KEY (Patient_id) REFERENCES Patient(Patient_id)
);

CREATE TABLE Notification (
	Notification_id SERIAL NOT NULL,
	Patient_id INTEGER NOT NULL,
	Date DATE NOT NULL,
	Event VARCHAR(100) NOT NULL,
	Sound INTEGER,
	FOREIGN KEY (Patient_id) REFERENCES Patient(Patient_id)
);

CREATE TABLE Payment (
	Invoice_number SERIAL PRIMARY KEY,
	Patient_id INTEGER NOT NULL,
	Date DATE NOT NULL,
	Description VARCHAR(300),
	Amount INTEGER NOT NULL,
	FOREIGN KEY (Patient_id) REFERENCES Patient(Patient_id)
);

CREATE TABLE Video_record (
	Video_id SERIAL PRIMARY KEY,
	Date DATE NOT NULL,
	Path VARCHAR(100) NOT NULL,
	Camera_number INTEGER NOT NULL
);

CREATE TABLE Email (
	Passport_number INTEGER,
	Email VARCHAR(50),
	FOREIGN KEY (Passport_number) REFERENCES Staff(Passport_number)
);

CREATE TABLE Message (
	Message_id SERIAL PRIMARY KEY,
	Passport_number INTEGER,
	Time_sent TIMESTAMP NOT NULL,
	Text VARCHAR(1000) NOT NULL,
	FOREIGN KEY (Passport_number) REFERENCES Staff(Passport_number)
);

CREATE TABLE Receiver (
	Message_id INTEGER,
	Receiver_id INTEGER,
	FOREIGN KEY (Message_id) REFERENCES Message(Message_id),
	FOREIGN KEY (Receiver_id) REFERENCES Staff(Passport_number)
);

CREATE TABLE Equipment (
	Equipment_id SERIAL PRIMARY KEY,
	Name VARCHAR(50) NOT NULL,
	Quantity INTEGER NOT NULL
);

CREATE TABLE Medical_equipment (
	ME_id SERIAL PRIMARY KEY,
	Equipment_id INTEGER,
	FOREIGN KEY (Equipment_id) REFERENCES Equipment(Equipment_id)
);

CREATE TABLE Nonmedical_equipment (
	NME_id SERIAL PRIMARY KEY,
	Equipment_id INTEGER,
	FOREIGN KEY (Equipment_id) REFERENCES Equipment(Equipment_id)
);

INSERT INTO Account(Login, Password, Permission_level, Date_of_creation, Last_time_online) VALUES ('michaelbeck','_#sE8lynT4' , 1 , '2013-02-14 17:44:06' , '2019-11-20 00:45:14');
INSERT INTO Staff(Passport_number, Account_id, Full_name, Position) VALUES (13307172 , (SELECT CURRVAL('account_account_id_seq') ),'Lauren Hunt' , 'Doctor' );
INSERT INTO Email(Passport_number, Email) VALUES(13307172 , 'amy79@hotmail.com' );
INSERT INTO Email(Passport_number, Email) VALUES(13307172 , 'christopherjohnson@gmail.com' );
INSERT INTO Email(Passport_number, Email) VALUES(13307172 , 'elizabeth77@adams.biz' );
INSERT INTO Medical_staff(Passport_number) VALUES (13307172);
INSERT INTO Doctor(MS_id, Specialization) VALUES ((SELECT CURRVAL('medical_staff_ms_id_seq')), 'Colorectal Surgery' );
INSERT INTO Schedule(Doctor_id, Day, Time) VALUES ((SELECT CURRVAL('Doctor_doctor_id_seq')), 'SUN' , '2:00' );
INSERT INTO Schedule(Doctor_id, Day, Time) VALUES ((SELECT CURRVAL('Doctor_doctor_id_seq')), 'SUN' , '20:00' );
INSERT INTO Schedule(Doctor_id, Day, Time) VALUES ((SELECT CURRVAL('Doctor_doctor_id_seq')), 'SUN' , '23:00' );
INSERT INTO Schedule(Doctor_id, Day, Time) VALUES ((SELECT CURRVAL('Doctor_doctor_id_seq')), 'MON' , '4:00' );
INSERT INTO Schedule(Doctor_id, Day, Time) VALUES ((SELECT CURRVAL('Doctor_doctor_id_seq')), 'TUE' , '3:00' );
INSERT INTO Schedule(Doctor_id, Day, Time) VALUES ((SELECT CURRVAL('Doctor_doctor_id_seq')), 'TUE' , '9:00' );
INSERT INTO Schedule(Doctor_id, Day, Time) VALUES ((SELECT CURRVAL('Doctor_doctor_id_seq')), 'TUE' , '21:00' );
INSERT INTO Schedule(Doctor_id, Day, Time) VALUES ((SELECT CURRVAL('Doctor_doctor_id_seq')), 'WED' , '14:00' );
INSERT INTO Schedule(Doctor_id, Day, Time) VALUES ((SELECT CURRVAL('Doctor_doctor_id_seq')), 'THU' , '18:00' );
INSERT INTO Schedule(Doctor_id, Day, Time) VALUES ((SELECT CURRVAL('Doctor_doctor_id_seq')), 'FRI' , '4:00' );
INSERT INTO Schedule(Doctor_id, Day, Time) VALUES ((SELECT CURRVAL('Doctor_doctor_id_seq')), 'SAT' , '2:00' );
INSERT INTO Schedule(Doctor_id, Day, Time) VALUES ((SELECT CURRVAL('Doctor_doctor_id_seq')), 'SAT' , '18:00' );
INSERT INTO Schedule(Doctor_id, Day, Time) VALUES ((SELECT CURRVAL('Doctor_doctor_id_seq')), 'SAT' , '23:00' );
INSERT INTO Account(Login, Password, Permission_level, Date_of_creation, Last_time_online) VALUES ('uvalentine','@wC(3Sixi5' , 1 , '2015-05-27 02:45:52' , '2019-11-24 05:00:52');
INSERT INTO Staff(Passport_number, Account_id, Full_name, Position) VALUES (83121982 , (SELECT CURRVAL('account_account_id_seq') ),'Jason Gates' , 'Doctor' );
INSERT INTO Email(Passport_number, Email) VALUES(83121982 , 'williamskeith@hotmail.com' );
INSERT INTO Medical_staff(Passport_number) VALUES (83121982);
INSERT INTO Doctor(MS_id, Specialization) VALUES ((SELECT CURRVAL('medical_staff_ms_id_seq')), 'Emergency Medicine' );
INSERT INTO Schedule(Doctor_id, Day, Time) VALUES ((SELECT CURRVAL('Doctor_doctor_id_seq')), 'SUN' , '2:00' );
INSERT INTO Schedule(Doctor_id, Day, Time) VALUES ((SELECT CURRVAL('Doctor_doctor_id_seq')), 'SUN' , '8:00' );
INSERT INTO Schedule(Doctor_id, Day, Time) VALUES ((SELECT CURRVAL('Doctor_doctor_id_seq')), 'SUN' , '9:00' );
INSERT INTO Schedule(Doctor_id, Day, Time) VALUES ((SELECT CURRVAL('Doctor_doctor_id_seq')), 'SUN' , '12:00' );
INSERT INTO Schedule(Doctor_id, Day, Time) VALUES ((SELECT CURRVAL('Doctor_doctor_id_seq')), 'SUN' , '15:00' );
INSERT INTO Schedule(Doctor_id, Day, Time) VALUES ((SELECT CURRVAL('Doctor_doctor_id_seq')), 'SUN' , '17:00' );
INSERT INTO Schedule(Doctor_id, Day, Time) VALUES ((SELECT CURRVAL('Doctor_doctor_id_seq')), 'SUN' , '18:00' );
INSERT INTO Schedule(Doctor_id, Day, Time) VALUES ((SELECT CURRVAL('Doctor_doctor_id_seq')), 'SUN' , '22:00' );
INSERT INTO Schedule(Doctor_id, Day, Time) VALUES ((SELECT CURRVAL('Doctor_doctor_id_seq')), 'MON' , '1:00' );
INSERT INTO Schedule(Doctor_id, Day, Time) VALUES ((SELECT CURRVAL('Doctor_doctor_id_seq')), 'MON' , '10:00' );
INSERT INTO Schedule(Doctor_id, Day, Time) VALUES ((SELECT CURRVAL('Doctor_doctor_id_seq')), 'MON' , '11:00' );
INSERT INTO Schedule(Doctor_id, Day, Time) VALUES ((SELECT CURRVAL('Doctor_doctor_id_seq')), 'MON' , '16:00' );
INSERT INTO Schedule(Doctor_id, Day, Time) VALUES ((SELECT CURRVAL('Doctor_doctor_id_seq')), 'MON' , '17:00' );
INSERT INTO Schedule(Doctor_id, Day, Time) VALUES ((SELECT CURRVAL('Doctor_doctor_id_seq')), 'MON' , '23:00' );
INSERT INTO Schedule(Doctor_id, Day, Time) VALUES ((SELECT CURRVAL('Doctor_doctor_id_seq')), 'TUE' , '2:00' );
INSERT INTO Schedule(Doctor_id, Day, Time) VALUES ((SELECT CURRVAL('Doctor_doctor_id_seq')), 'TUE' , '5:00' );
INSERT INTO Schedule(Doctor_id, Day, Time) VALUES ((SELECT CURRVAL('Doctor_doctor_id_seq')), 'TUE' , '18:00' );
INSERT INTO Schedule(Doctor_id, Day, Time) VALUES ((SELECT CURRVAL('Doctor_doctor_id_seq')), 'WED' , '0:00' );
INSERT INTO Schedule(Doctor_id, Day, Time) VALUES ((SELECT CURRVAL('Doctor_doctor_id_seq')), 'WED' , '1:00' );
INSERT INTO Schedule(Doctor_id, Day, Time) VALUES ((SELECT CURRVAL('Doctor_doctor_id_seq')), 'WED' , '2:00' );
INSERT INTO Schedule(Doctor_id, Day, Time) VALUES ((SELECT CURRVAL('Doctor_doctor_id_seq')), 'WED' , '3:00' );
INSERT INTO Schedule(Doctor_id, Day, Time) VALUES ((SELECT CURRVAL('Doctor_doctor_id_seq')), 'WED' , '10:00' );
INSERT INTO Schedule(Doctor_id, Day, Time) VALUES ((SELECT CURRVAL('Doctor_doctor_id_seq')), 'WED' , '18:00' );
INSERT INTO Schedule(Doctor_id, Day, Time) VALUES ((SELECT CURRVAL('Doctor_doctor_id_seq')), 'WED' , '22:00' );
INSERT INTO Schedule(Doctor_id, Day, Time) VALUES ((SELECT CURRVAL('Doctor_doctor_id_seq')), 'WED' , '23:00' );
INSERT INTO Schedule(Doctor_id, Day, Time) VALUES ((SELECT CURRVAL('Doctor_doctor_id_seq')), 'THU' , '6:00' );
INSERT INTO Schedule(Doctor_id, Day, Time) VALUES ((SELECT CURRVAL('Doctor_doctor_id_seq')), 'THU' , '7:00' );
INSERT INTO Schedule(Doctor_id, Day, Time) VALUES ((SELECT CURRVAL('Doctor_doctor_id_seq')), 'THU' , '8:00' );
INSERT INTO Schedule(Doctor_id, Day, Time) VALUES ((SELECT CURRVAL('Doctor_doctor_id_seq')), 'THU' , '9:00' );
INSERT INTO Schedule(Doctor_id, Day, Time) VALUES ((SELECT CURRVAL('Doctor_doctor_id_seq')), 'THU' , '10:00' );
INSERT INTO Schedule(Doctor_id, Day, Time) VALUES ((SELECT CURRVAL('Doctor_doctor_id_seq')), 'THU' , '11:00' );
INSERT INTO Schedule(Doctor_id, Day, Time) VALUES ((SELECT CURRVAL('Doctor_doctor_id_seq')), 'THU' , '18:00' );
INSERT INTO Schedule(Doctor_id, Day, Time) VALUES ((SELECT CURRVAL('Doctor_doctor_id_seq')), 'THU' , '21:00' );
INSERT INTO Schedule(Doctor_id, Day, Time) VALUES ((SELECT CURRVAL('Doctor_doctor_id_seq')), 'THU' , '23:00' );
INSERT INTO Schedule(Doctor_id, Day, Time) VALUES ((SELECT CURRVAL('Doctor_doctor_id_seq')), 'FRI' , '0:00' );
INSERT INTO Schedule(Doctor_id, Day, Time) VALUES ((SELECT CURRVAL('Doctor_doctor_id_seq')), 'FRI' , '2:00' );
INSERT INTO Schedule(Doctor_id, Day, Time) VALUES ((SELECT CURRVAL('Doctor_doctor_id_seq')), 'FRI' , '12:00' );
INSERT INTO Schedule(Doctor_id, Day, Time) VALUES ((SELECT CURRVAL('Doctor_doctor_id_seq')), 'FRI' , '14:00' );
INSERT INTO Schedule(Doctor_id, Day, Time) VALUES ((SELECT CURRVAL('Doctor_doctor_id_seq')), 'FRI' , '16:00' );
INSERT INTO Schedule(Doctor_id, Day, Time) VALUES ((SELECT CURRVAL('Doctor_doctor_id_seq')), 'FRI' , '19:00' );
INSERT INTO Schedule(Doctor_id, Day, Time) VALUES ((SELECT CURRVAL('Doctor_doctor_id_seq')), 'FRI' , '21:00' );
INSERT INTO Schedule(Doctor_id, Day, Time) VALUES ((SELECT CURRVAL('Doctor_doctor_id_seq')), 'SAT' , '1:00' );
INSERT INTO Schedule(Doctor_id, Day, Time) VALUES ((SELECT CURRVAL('Doctor_doctor_id_seq')), 'SAT' , '6:00' );
INSERT INTO Schedule(Doctor_id, Day, Time) VALUES ((SELECT CURRVAL('Doctor_doctor_id_seq')), 'SAT' , '7:00' );
INSERT INTO Schedule(Doctor_id, Day, Time) VALUES ((SELECT CURRVAL('Doctor_doctor_id_seq')), 'SAT' , '8:00' );
INSERT INTO Schedule(Doctor_id, Day, Time) VALUES ((SELECT CURRVAL('Doctor_doctor_id_seq')), 'SAT' , '9:00' );
INSERT INTO Schedule(Doctor_id, Day, Time) VALUES ((SELECT CURRVAL('Doctor_doctor_id_seq')), 'SAT' , '18:00' );
INSERT INTO Schedule(Doctor_id, Day, Time) VALUES ((SELECT CURRVAL('Doctor_doctor_id_seq')), 'SAT' , '20:00' );
INSERT INTO Schedule(Doctor_id, Day, Time) VALUES ((SELECT CURRVAL('Doctor_doctor_id_seq')), 'SAT' , '22:00' );
INSERT INTO Account(Login, Password, Permission_level, Date_of_creation, Last_time_online) VALUES ('caroline29','^2H9JmFee@' , 2 , '2011-08-12 00:28:46' , '2019-11-21 17:50:22');
INSERT INTO Staff(Passport_number, Account_id, Full_name, Position) VALUES (18534511 , (SELECT CURRVAL('account_account_id_seq') ),'Christian Nelson' , 'Doctor' );
INSERT INTO Medical_staff(Passport_number) VALUES (18534511);
INSERT INTO Doctor(MS_id, Specialization) VALUES ((SELECT CURRVAL('medical_staff_ms_id_seq')), 'Allergy' );
INSERT INTO Schedule(Doctor_id, Day, Time) VALUES ((SELECT CURRVAL('Doctor_doctor_id_seq')), 'SUN' , '2:00' );
INSERT INTO Schedule(Doctor_id, Day, Time) VALUES ((SELECT CURRVAL('Doctor_doctor_id_seq')), 'SUN' , '4:00' );
INSERT INTO Schedule(Doctor_id, Day, Time) VALUES ((SELECT CURRVAL('Doctor_doctor_id_seq')), 'SUN' , '9:00' );
INSERT INTO Schedule(Doctor_id, Day, Time) VALUES ((SELECT CURRVAL('Doctor_doctor_id_seq')), 'SUN' , '14:00' );
INSERT INTO Schedule(Doctor_id, Day, Time) VALUES ((SELECT CURRVAL('Doctor_doctor_id_seq')), 'SUN' , '15:00' );
INSERT INTO Schedule(Doctor_id, Day, Time) VALUES ((SELECT CURRVAL('Doctor_doctor_id_seq')), 'SUN' , '20:00' );
INSERT INTO Schedule(Doctor_id, Day, Time) VALUES ((SELECT CURRVAL('Doctor_doctor_id_seq')), 'SUN' , '22:00' );
INSERT INTO Schedule(Doctor_id, Day, Time) VALUES ((SELECT CURRVAL('Doctor_doctor_id_seq')), 'MON' , '0:00' );
INSERT INTO Schedule(Doctor_id, Day, Time) VALUES ((SELECT CURRVAL('Doctor_doctor_id_seq')), 'MON' , '4:00' );
INSERT INTO Schedule(Doctor_id, Day, Time) VALUES ((SELECT CURRVAL('Doctor_doctor_id_seq')), 'MON' , '14:00' );
INSERT INTO Schedule(Doctor_id, Day, Time) VALUES ((SELECT CURRVAL('Doctor_doctor_id_seq')), 'MON' , '15:00' );
INSERT INTO Schedule(Doctor_id, Day, Time) VALUES ((SELECT CURRVAL('Doctor_doctor_id_seq')), 'MON' , '16:00' );
INSERT INTO Schedule(Doctor_id, Day, Time) VALUES ((SELECT CURRVAL('Doctor_doctor_id_seq')), 'MON' , '20:00' );
INSERT INTO Schedule(Doctor_id, Day, Time) VALUES ((SELECT CURRVAL('Doctor_doctor_id_seq')), 'MON' , '21:00' );
INSERT INTO Schedule(Doctor_id, Day, Time) VALUES ((SELECT CURRVAL('Doctor_doctor_id_seq')), 'TUE' , '4:00' );
INSERT INTO Schedule(Doctor_id, Day, Time) VALUES ((SELECT CURRVAL('Doctor_doctor_id_seq')), 'TUE' , '6:00' );
INSERT INTO Schedule(Doctor_id, Day, Time) VALUES ((SELECT CURRVAL('Doctor_doctor_id_seq')), 'TUE' , '23:00' );
INSERT INTO Schedule(Doctor_id, Day, Time) VALUES ((SELECT CURRVAL('Doctor_doctor_id_seq')), 'WED' , '5:00' );
INSERT INTO Schedule(Doctor_id, Day, Time) VALUES ((SELECT CURRVAL('Doctor_doctor_id_seq')), 'WED' , '6:00' );
INSERT INTO Schedule(Doctor_id, Day, Time) VALUES ((SELECT CURRVAL('Doctor_doctor_id_seq')), 'WED' , '8:00' );
INSERT INTO Schedule(Doctor_id, Day, Time) VALUES ((SELECT CURRVAL('Doctor_doctor_id_seq')), 'WED' , '10:00' );
INSERT INTO Schedule(Doctor_id, Day, Time) VALUES ((SELECT CURRVAL('Doctor_doctor_id_seq')), 'WED' , '11:00' );
INSERT INTO Schedule(Doctor_id, Day, Time) VALUES ((SELECT CURRVAL('Doctor_doctor_id_seq')), 'WED' , '13:00' );
INSERT INTO Schedule(Doctor_id, Day, Time) VALUES ((SELECT CURRVAL('Doctor_doctor_id_seq')), 'THU' , '3:00' );
INSERT INTO Schedule(Doctor_id, Day, Time) VALUES ((SELECT CURRVAL('Doctor_doctor_id_seq')), 'THU' , '4:00' );
INSERT INTO Schedule(Doctor_id, Day, Time) VALUES ((SELECT CURRVAL('Doctor_doctor_id_seq')), 'THU' , '5:00' );
INSERT INTO Schedule(Doctor_id, Day, Time) VALUES ((SELECT CURRVAL('Doctor_doctor_id_seq')), 'THU' , '6:00' );
INSERT INTO Schedule(Doctor_id, Day, Time) VALUES ((SELECT CURRVAL('Doctor_doctor_id_seq')), 'THU' , '12:00' );
INSERT INTO Schedule(Doctor_id, Day, Time) VALUES ((SELECT CURRVAL('Doctor_doctor_id_seq')), 'THU' , '14:00' );
INSERT INTO Schedule(Doctor_id, Day, Time) VALUES ((SELECT CURRVAL('Doctor_doctor_id_seq')), 'THU' , '17:00' );
INSERT INTO Schedule(Doctor_id, Day, Time) VALUES ((SELECT CURRVAL('Doctor_doctor_id_seq')), 'THU' , '20:00' );
INSERT INTO Schedule(Doctor_id, Day, Time) VALUES ((SELECT CURRVAL('Doctor_doctor_id_seq')), 'THU' , '22:00' );
INSERT INTO Schedule(Doctor_id, Day, Time) VALUES ((SELECT CURRVAL('Doctor_doctor_id_seq')), 'FRI' , '6:00' );
INSERT INTO Schedule(Doctor_id, Day, Time) VALUES ((SELECT CURRVAL('Doctor_doctor_id_seq')), 'FRI' , '7:00' );
INSERT INTO Schedule(Doctor_id, Day, Time) VALUES ((SELECT CURRVAL('Doctor_doctor_id_seq')), 'FRI' , '8:00' );
INSERT INTO Schedule(Doctor_id, Day, Time) VALUES ((SELECT CURRVAL('Doctor_doctor_id_seq')), 'FRI' , '13:00' );
INSERT INTO Schedule(Doctor_id, Day, Time) VALUES ((SELECT CURRVAL('Doctor_doctor_id_seq')), 'FRI' , '17:00' );
INSERT INTO Schedule(Doctor_id, Day, Time) VALUES ((SELECT CURRVAL('Doctor_doctor_id_seq')), 'FRI' , '19:00' );
INSERT INTO Schedule(Doctor_id, Day, Time) VALUES ((SELECT CURRVAL('Doctor_doctor_id_seq')), 'FRI' , '21:00' );
INSERT INTO Schedule(Doctor_id, Day, Time) VALUES ((SELECT CURRVAL('Doctor_doctor_id_seq')), 'SAT' , '0:00' );
INSERT INTO Schedule(Doctor_id, Day, Time) VALUES ((SELECT CURRVAL('Doctor_doctor_id_seq')), 'SAT' , '2:00' );
INSERT INTO Schedule(Doctor_id, Day, Time) VALUES ((SELECT CURRVAL('Doctor_doctor_id_seq')), 'SAT' , '8:00' );
INSERT INTO Schedule(Doctor_id, Day, Time) VALUES ((SELECT CURRVAL('Doctor_doctor_id_seq')), 'SAT' , '11:00' );
INSERT INTO Schedule(Doctor_id, Day, Time) VALUES ((SELECT CURRVAL('Doctor_doctor_id_seq')), 'SAT' , '21:00' );
INSERT INTO Account(Login, Password, Permission_level, Date_of_creation, Last_time_online) VALUES ('jasminhatfield','DgvX_4&c!6' , 1 , '2010-11-22 11:06:09' , '2019-11-20 03:15:25');
INSERT INTO Staff(Passport_number, Account_id, Full_name, Position) VALUES (77633217 , (SELECT CURRVAL('account_account_id_seq') ),'Christopher Simmons' , 'Doctor' );
INSERT INTO Email(Passport_number, Email) VALUES(77633217 , 'williamjackson@gmail.com' );
INSERT INTO Email(Passport_number, Email) VALUES(77633217 , 'snyderjohn@yahoo.com' );
INSERT INTO Email(Passport_number, Email) VALUES(77633217 , 'wjohnson@anthony.biz' );
INSERT INTO Medical_staff(Passport_number) VALUES (77633217);
INSERT INTO Doctor(MS_id, Specialization) VALUES ((SELECT CURRVAL('medical_staff_ms_id_seq')), 'Gynecologic Oncology' );
INSERT INTO Schedule(Doctor_id, Day, Time) VALUES ((SELECT CURRVAL('Doctor_doctor_id_seq')), 'SUN' , '0:00' );
INSERT INTO Schedule(Doctor_id, Day, Time) VALUES ((SELECT CURRVAL('Doctor_doctor_id_seq')), 'SUN' , '3:00' );
INSERT INTO Schedule(Doctor_id, Day, Time) VALUES ((SELECT CURRVAL('Doctor_doctor_id_seq')), 'SUN' , '13:00' );
INSERT INTO Schedule(Doctor_id, Day, Time) VALUES ((SELECT CURRVAL('Doctor_doctor_id_seq')), 'SUN' , '14:00' );
INSERT INTO Schedule(Doctor_id, Day, Time) VALUES ((SELECT CURRVAL('Doctor_doctor_id_seq')), 'SUN' , '21:00' );
INSERT INTO Schedule(Doctor_id, Day, Time) VALUES ((SELECT CURRVAL('Doctor_doctor_id_seq')), 'SUN' , '23:00' );
INSERT INTO Schedule(Doctor_id, Day, Time) VALUES ((SELECT CURRVAL('Doctor_doctor_id_seq')), 'MON' , '0:00' );
INSERT INTO Schedule(Doctor_id, Day, Time) VALUES ((SELECT CURRVAL('Doctor_doctor_id_seq')), 'MON' , '4:00' );
INSERT INTO Schedule(Doctor_id, Day, Time) VALUES ((SELECT CURRVAL('Doctor_doctor_id_seq')), 'MON' , '6:00' );
INSERT INTO Schedule(Doctor_id, Day, Time) VALUES ((SELECT CURRVAL('Doctor_doctor_id_seq')), 'MON' , '7:00' );
INSERT INTO Schedule(Doctor_id, Day, Time) VALUES ((SELECT CURRVAL('Doctor_doctor_id_seq')), 'MON' , '11:00' );
INSERT INTO Schedule(Doctor_id, Day, Time) VALUES ((SELECT CURRVAL('Doctor_doctor_id_seq')), 'TUE' , '4:00' );
INSERT INTO Schedule(Doctor_id, Day, Time) VALUES ((SELECT CURRVAL('Doctor_doctor_id_seq')), 'TUE' , '14:00' );
INSERT INTO Schedule(Doctor_id, Day, Time) VALUES ((SELECT CURRVAL('Doctor_doctor_id_seq')), 'TUE' , '17:00' );
INSERT INTO Schedule(Doctor_id, Day, Time) VALUES ((SELECT CURRVAL('Doctor_doctor_id_seq')), 'TUE' , '18:00' );
INSERT INTO Schedule(Doctor_id, Day, Time) VALUES ((SELECT CURRVAL('Doctor_doctor_id_seq')), 'WED' , '9:00' );
INSERT INTO Schedule(Doctor_id, Day, Time) VALUES ((SELECT CURRVAL('Doctor_doctor_id_seq')), 'WED' , '12:00' );
INSERT INTO Schedule(Doctor_id, Day, Time) VALUES ((SELECT CURRVAL('Doctor_doctor_id_seq')), 'WED' , '19:00' );
INSERT INTO Schedule(Doctor_id, Day, Time) VALUES ((SELECT CURRVAL('Doctor_doctor_id_seq')), 'WED' , '21:00' );
INSERT INTO Schedule(Doctor_id, Day, Time) VALUES ((SELECT CURRVAL('Doctor_doctor_id_seq')), 'THU' , '1:00' );
INSERT INTO Schedule(Doctor_id, Day, Time) VALUES ((SELECT CURRVAL('Doctor_doctor_id_seq')), 'THU' , '5:00' );
INSERT INTO Schedule(Doctor_id, Day, Time) VALUES ((SELECT CURRVAL('Doctor_doctor_id_seq')), 'THU' , '11:00' );
INSERT INTO Schedule(Doctor_id, Day, Time) VALUES ((SELECT CURRVAL('Doctor_doctor_id_seq')), 'THU' , '21:00' );
INSERT INTO Schedule(Doctor_id, Day, Time) VALUES ((SELECT CURRVAL('Doctor_doctor_id_seq')), 'FRI' , '0:00' );
INSERT INTO Schedule(Doctor_id, Day, Time) VALUES ((SELECT CURRVAL('Doctor_doctor_id_seq')), 'FRI' , '6:00' );
INSERT INTO Schedule(Doctor_id, Day, Time) VALUES ((SELECT CURRVAL('Doctor_doctor_id_seq')), 'FRI' , '7:00' );
INSERT INTO Schedule(Doctor_id, Day, Time) VALUES ((SELECT CURRVAL('Doctor_doctor_id_seq')), 'FRI' , '19:00' );
INSERT INTO Schedule(Doctor_id, Day, Time) VALUES ((SELECT CURRVAL('Doctor_doctor_id_seq')), 'SAT' , '5:00' );
INSERT INTO Schedule(Doctor_id, Day, Time) VALUES ((SELECT CURRVAL('Doctor_doctor_id_seq')), 'SAT' , '6:00' );
INSERT INTO Schedule(Doctor_id, Day, Time) VALUES ((SELECT CURRVAL('Doctor_doctor_id_seq')), 'SAT' , '13:00' );
INSERT INTO Schedule(Doctor_id, Day, Time) VALUES ((SELECT CURRVAL('Doctor_doctor_id_seq')), 'SAT' , '18:00' );
INSERT INTO Schedule(Doctor_id, Day, Time) VALUES ((SELECT CURRVAL('Doctor_doctor_id_seq')), 'SAT' , '21:00' );
INSERT INTO Account(Login, Password, Permission_level, Date_of_creation, Last_time_online) VALUES ('kathryn64','wpf(4SvjT^' , 3 , '2014-02-24 11:52:37' , '2019-11-23 14:49:37');
INSERT INTO Staff(Passport_number, Account_id, Full_name, Position) VALUES (96545652 , (SELECT CURRVAL('account_account_id_seq') ),'Sally Holland' , 'Nurse' );
INSERT INTO Medical_staff(Passport_number) VALUES (96545652);
INSERT INTO Account(Login, Password, Permission_level, Date_of_creation, Last_time_online) VALUES ('johnsingh','8@6BJDyfxb' , 3 , '2018-03-24 07:17:44' , '2019-11-22 03:56:20');
INSERT INTO Staff(Passport_number, Account_id, Full_name, Position) VALUES (53263223 , (SELECT CURRVAL('account_account_id_seq') ),'Kristen Mccullough' , 'Nurse' );
INSERT INTO Email(Passport_number, Email) VALUES(53263223 , 'hillbenjamin@york.net' );
INSERT INTO Email(Passport_number, Email) VALUES(53263223 , 'wparker@gmail.com' );
INSERT INTO Medical_staff(Passport_number) VALUES (53263223);
INSERT INTO Message(Passport_number, Time_sent, Text) VALUES (53263223 , '2016-04-02 15:11:38' , 'Out hospital within affect ago early protect.');
INSERT INTO Receiver(Message_id, Receiver_id) VALUES ( (SELECT CURRVAL('Message_message_id_seq')) , 83121982);
INSERT INTO Message(Passport_number, Time_sent, Text) VALUES (53263223 , '2012-11-14 16:02:06' , 'Message such word value young rich.');
INSERT INTO Receiver(Message_id, Receiver_id) VALUES ( (SELECT CURRVAL('Message_message_id_seq')) , 53263223);
INSERT INTO Message(Passport_number, Time_sent, Text) VALUES (53263223 , '2014-04-02 16:12:03' , 'Like impact item wait data social herself trip.');
INSERT INTO Receiver(Message_id, Receiver_id) VALUES ( (SELECT CURRVAL('Message_message_id_seq')) , 18534511);
INSERT INTO Account(Login, Password, Permission_level, Date_of_creation, Last_time_online) VALUES ('susanbrooks','(h7SA&!^d!' , 2 , '2019-10-05 18:45:27' , '2019-11-25 01:47:15');
INSERT INTO Staff(Passport_number, Account_id, Full_name, Position) VALUES (63072693 , (SELECT CURRVAL('account_account_id_seq') ),'Martin Foster' , 'Doctor' );
INSERT INTO Email(Passport_number, Email) VALUES(63072693 , 'karenmartinez@yahoo.com' );
INSERT INTO Email(Passport_number, Email) VALUES(63072693 , 'theodoreknox@bryant-vance.biz' );
INSERT INTO Email(Passport_number, Email) VALUES(63072693 , 'emcfarland@brown.com' );
INSERT INTO Medical_staff(Passport_number) VALUES (63072693);
INSERT INTO Doctor(MS_id, Specialization) VALUES ((SELECT CURRVAL('medical_staff_ms_id_seq')), 'Ophthalmology' );
INSERT INTO Schedule(Doctor_id, Day, Time) VALUES ((SELECT CURRVAL('Doctor_doctor_id_seq')), 'SUN' , '2:00' );
INSERT INTO Schedule(Doctor_id, Day, Time) VALUES ((SELECT CURRVAL('Doctor_doctor_id_seq')), 'SUN' , '6:00' );
INSERT INTO Schedule(Doctor_id, Day, Time) VALUES ((SELECT CURRVAL('Doctor_doctor_id_seq')), 'SUN' , '17:00' );
INSERT INTO Schedule(Doctor_id, Day, Time) VALUES ((SELECT CURRVAL('Doctor_doctor_id_seq')), 'SUN' , '23:00' );
INSERT INTO Schedule(Doctor_id, Day, Time) VALUES ((SELECT CURRVAL('Doctor_doctor_id_seq')), 'MON' , '0:00' );
INSERT INTO Schedule(Doctor_id, Day, Time) VALUES ((SELECT CURRVAL('Doctor_doctor_id_seq')), 'MON' , '13:00' );
INSERT INTO Schedule(Doctor_id, Day, Time) VALUES ((SELECT CURRVAL('Doctor_doctor_id_seq')), 'MON' , '19:00' );
INSERT INTO Schedule(Doctor_id, Day, Time) VALUES ((SELECT CURRVAL('Doctor_doctor_id_seq')), 'MON' , '21:00' );
INSERT INTO Schedule(Doctor_id, Day, Time) VALUES ((SELECT CURRVAL('Doctor_doctor_id_seq')), 'TUE' , '18:00' );
INSERT INTO Schedule(Doctor_id, Day, Time) VALUES ((SELECT CURRVAL('Doctor_doctor_id_seq')), 'TUE' , '19:00' );
INSERT INTO Schedule(Doctor_id, Day, Time) VALUES ((SELECT CURRVAL('Doctor_doctor_id_seq')), 'TUE' , '20:00' );
INSERT INTO Schedule(Doctor_id, Day, Time) VALUES ((SELECT CURRVAL('Doctor_doctor_id_seq')), 'WED' , '0:00' );
INSERT INTO Schedule(Doctor_id, Day, Time) VALUES ((SELECT CURRVAL('Doctor_doctor_id_seq')), 'WED' , '6:00' );
INSERT INTO Schedule(Doctor_id, Day, Time) VALUES ((SELECT CURRVAL('Doctor_doctor_id_seq')), 'WED' , '7:00' );
INSERT INTO Schedule(Doctor_id, Day, Time) VALUES ((SELECT CURRVAL('Doctor_doctor_id_seq')), 'WED' , '10:00' );
INSERT INTO Schedule(Doctor_id, Day, Time) VALUES ((SELECT CURRVAL('Doctor_doctor_id_seq')), 'WED' , '12:00' );
INSERT INTO Schedule(Doctor_id, Day, Time) VALUES ((SELECT CURRVAL('Doctor_doctor_id_seq')), 'WED' , '17:00' );
INSERT INTO Schedule(Doctor_id, Day, Time) VALUES ((SELECT CURRVAL('Doctor_doctor_id_seq')), 'THU' , '3:00' );
INSERT INTO Schedule(Doctor_id, Day, Time) VALUES ((SELECT CURRVAL('Doctor_doctor_id_seq')), 'THU' , '6:00' );
INSERT INTO Schedule(Doctor_id, Day, Time) VALUES ((SELECT CURRVAL('Doctor_doctor_id_seq')), 'FRI' , '3:00' );
INSERT INTO Schedule(Doctor_id, Day, Time) VALUES ((SELECT CURRVAL('Doctor_doctor_id_seq')), 'FRI' , '13:00' );
INSERT INTO Schedule(Doctor_id, Day, Time) VALUES ((SELECT CURRVAL('Doctor_doctor_id_seq')), 'FRI' , '17:00' );
INSERT INTO Schedule(Doctor_id, Day, Time) VALUES ((SELECT CURRVAL('Doctor_doctor_id_seq')), 'SAT' , '2:00' );
INSERT INTO Schedule(Doctor_id, Day, Time) VALUES ((SELECT CURRVAL('Doctor_doctor_id_seq')), 'SAT' , '4:00' );
INSERT INTO Schedule(Doctor_id, Day, Time) VALUES ((SELECT CURRVAL('Doctor_doctor_id_seq')), 'SAT' , '8:00' );
INSERT INTO Schedule(Doctor_id, Day, Time) VALUES ((SELECT CURRVAL('Doctor_doctor_id_seq')), 'SAT' , '9:00' );
INSERT INTO Schedule(Doctor_id, Day, Time) VALUES ((SELECT CURRVAL('Doctor_doctor_id_seq')), 'SAT' , '12:00' );
INSERT INTO Schedule(Doctor_id, Day, Time) VALUES ((SELECT CURRVAL('Doctor_doctor_id_seq')), 'SAT' , '13:00' );
INSERT INTO Schedule(Doctor_id, Day, Time) VALUES ((SELECT CURRVAL('Doctor_doctor_id_seq')), 'SAT' , '15:00' );
INSERT INTO Schedule(Doctor_id, Day, Time) VALUES ((SELECT CURRVAL('Doctor_doctor_id_seq')), 'SAT' , '17:00' );
INSERT INTO Schedule(Doctor_id, Day, Time) VALUES ((SELECT CURRVAL('Doctor_doctor_id_seq')), 'SAT' , '19:00' );
INSERT INTO Schedule(Doctor_id, Day, Time) VALUES ((SELECT CURRVAL('Doctor_doctor_id_seq')), 'SAT' , '20:00' );
INSERT INTO Message(Passport_number, Time_sent, Text) VALUES (63072693 , '2017-06-03 14:06:55' , 'Pick sort include significant author our five size.');
INSERT INTO Receiver(Message_id, Receiver_id) VALUES ( (SELECT CURRVAL('Message_message_id_seq')) , 63072693);
INSERT INTO Message(Passport_number, Time_sent, Text) VALUES (63072693 , '2014-03-19 00:35:08' , 'Much relationship make Republican nature.');
INSERT INTO Receiver(Message_id, Receiver_id) VALUES ( (SELECT CURRVAL('Message_message_id_seq')) , 53263223);
INSERT INTO Message(Passport_number, Time_sent, Text) VALUES (63072693 , '2018-01-20 11:46:46' , 'He front news amount month political study sort.');
INSERT INTO Receiver(Message_id, Receiver_id) VALUES ( (SELECT CURRVAL('Message_message_id_seq')) , 53263223);
INSERT INTO Message(Passport_number, Time_sent, Text) VALUES (63072693 , '2011-01-08 04:11:46' , 'Own significant college thus measure challenge.');
INSERT INTO Receiver(Message_id, Receiver_id) VALUES ( (SELECT CURRVAL('Message_message_id_seq')) , 18534511);
INSERT INTO Message(Passport_number, Time_sent, Text) VALUES (63072693 , '2010-08-02 20:38:39' , 'Stay thank friend reduce ready late edge.');
INSERT INTO Receiver(Message_id, Receiver_id) VALUES ( (SELECT CURRVAL('Message_message_id_seq')) , 63072693);
INSERT INTO Account(Login, Password, Permission_level, Date_of_creation, Last_time_online) VALUES ('qwhite',')26kYKhRHR' , 3 , '2010-03-16 18:29:51' , '2019-11-21 14:03:27');
INSERT INTO Staff(Passport_number, Account_id, Full_name, Position) VALUES (36539956 , (SELECT CURRVAL('account_account_id_seq') ),'Stephanie Peters' , 'Nurse' );
INSERT INTO Email(Passport_number, Email) VALUES(36539956 , 'valerie84@lee.com' );
INSERT INTO Medical_staff(Passport_number) VALUES (36539956);
INSERT INTO Message(Passport_number, Time_sent, Text) VALUES (36539956 , '2016-02-04 09:40:56' , 'To its show fast loss owner my.');
INSERT INTO Receiver(Message_id, Receiver_id) VALUES ( (SELECT CURRVAL('Message_message_id_seq')) , 18534511);
INSERT INTO Message(Passport_number, Time_sent, Text) VALUES (36539956 , '2018-05-16 11:36:52' , 'Opportunity these teacher collection fight student today.');
INSERT INTO Receiver(Message_id, Receiver_id) VALUES ( (SELECT CURRVAL('Message_message_id_seq')) , 18534511);
INSERT INTO Message(Passport_number, Time_sent, Text) VALUES (36539956 , '2015-09-06 01:37:40' , 'Positive claim world hit.');
INSERT INTO Receiver(Message_id, Receiver_id) VALUES ( (SELECT CURRVAL('Message_message_id_seq')) , 83121982);
INSERT INTO Message(Passport_number, Time_sent, Text) VALUES (36539956 , '2019-02-01 02:22:47' , 'Edge minute wind.');
INSERT INTO Receiver(Message_id, Receiver_id) VALUES ( (SELECT CURRVAL('Message_message_id_seq')) , 83121982);
INSERT INTO Message(Passport_number, Time_sent, Text) VALUES (36539956 , '2013-08-24 14:56:12' , 'Pm usually for upon as feeling.');
INSERT INTO Receiver(Message_id, Receiver_id) VALUES ( (SELECT CURRVAL('Message_message_id_seq')) , 13307172);
INSERT INTO Account(Login, Password, Permission_level, Date_of_creation, Last_time_online) VALUES ('carol97','+wDp@rXDC8' , 3 , '2015-06-29 21:43:39' , '2019-11-21 14:14:05');
INSERT INTO Staff(Passport_number, Account_id, Full_name, Position) VALUES (70309690 , (SELECT CURRVAL('account_account_id_seq') ),'Paige Carter' , 'Nurse' );
INSERT INTO Email(Passport_number, Email) VALUES(70309690 , 'cheyenne26@williams.com' );
INSERT INTO Email(Passport_number, Email) VALUES(70309690 , 'lwright@evans.com' );
INSERT INTO Medical_staff(Passport_number) VALUES (70309690);
INSERT INTO Message(Passport_number, Time_sent, Text) VALUES (70309690 , '2010-09-20 19:04:17' , 'Important tree born hotel.');
INSERT INTO Receiver(Message_id, Receiver_id) VALUES ( (SELECT CURRVAL('Message_message_id_seq')) , 63072693);
INSERT INTO Message(Passport_number, Time_sent, Text) VALUES (70309690 , '2011-07-26 19:38:24' , 'Society various animal.');
INSERT INTO Receiver(Message_id, Receiver_id) VALUES ( (SELECT CURRVAL('Message_message_id_seq')) , 36539956);
INSERT INTO Account(Login, Password, Permission_level, Date_of_creation, Last_time_online) VALUES ('gabriel36','n(5@$tp%aZ' , 1 , '2018-05-24 01:15:20' , '2019-11-22 21:52:47');
INSERT INTO Staff(Passport_number, Account_id, Full_name, Position) VALUES (37649807 , (SELECT CURRVAL('account_account_id_seq') ),'Christy Johnson' , 'Doctor' );
INSERT INTO Email(Passport_number, Email) VALUES(37649807 , 'smithsara@gmail.com' );
INSERT INTO Medical_staff(Passport_number) VALUES (37649807);
INSERT INTO Doctor(MS_id, Specialization) VALUES ((SELECT CURRVAL('medical_staff_ms_id_seq')), 'Ophthalmology' );
INSERT INTO Schedule(Doctor_id, Day, Time) VALUES ((SELECT CURRVAL('Doctor_doctor_id_seq')), 'SUN' , '1:00' );
INSERT INTO Schedule(Doctor_id, Day, Time) VALUES ((SELECT CURRVAL('Doctor_doctor_id_seq')), 'SUN' , '2:00' );
INSERT INTO Schedule(Doctor_id, Day, Time) VALUES ((SELECT CURRVAL('Doctor_doctor_id_seq')), 'SUN' , '6:00' );
INSERT INTO Schedule(Doctor_id, Day, Time) VALUES ((SELECT CURRVAL('Doctor_doctor_id_seq')), 'SUN' , '7:00' );
INSERT INTO Schedule(Doctor_id, Day, Time) VALUES ((SELECT CURRVAL('Doctor_doctor_id_seq')), 'SUN' , '12:00' );
INSERT INTO Schedule(Doctor_id, Day, Time) VALUES ((SELECT CURRVAL('Doctor_doctor_id_seq')), 'MON' , '5:00' );
INSERT INTO Schedule(Doctor_id, Day, Time) VALUES ((SELECT CURRVAL('Doctor_doctor_id_seq')), 'MON' , '6:00' );
INSERT INTO Schedule(Doctor_id, Day, Time) VALUES ((SELECT CURRVAL('Doctor_doctor_id_seq')), 'MON' , '7:00' );
INSERT INTO Schedule(Doctor_id, Day, Time) VALUES ((SELECT CURRVAL('Doctor_doctor_id_seq')), 'MON' , '14:00' );
INSERT INTO Schedule(Doctor_id, Day, Time) VALUES ((SELECT CURRVAL('Doctor_doctor_id_seq')), 'TUE' , '0:00' );
INSERT INTO Schedule(Doctor_id, Day, Time) VALUES ((SELECT CURRVAL('Doctor_doctor_id_seq')), 'TUE' , '17:00' );
INSERT INTO Schedule(Doctor_id, Day, Time) VALUES ((SELECT CURRVAL('Doctor_doctor_id_seq')), 'TUE' , '19:00' );
INSERT INTO Schedule(Doctor_id, Day, Time) VALUES ((SELECT CURRVAL('Doctor_doctor_id_seq')), 'TUE' , '21:00' );
INSERT INTO Schedule(Doctor_id, Day, Time) VALUES ((SELECT CURRVAL('Doctor_doctor_id_seq')), 'TUE' , '23:00' );
INSERT INTO Schedule(Doctor_id, Day, Time) VALUES ((SELECT CURRVAL('Doctor_doctor_id_seq')), 'WED' , '3:00' );
INSERT INTO Schedule(Doctor_id, Day, Time) VALUES ((SELECT CURRVAL('Doctor_doctor_id_seq')), 'WED' , '7:00' );
INSERT INTO Schedule(Doctor_id, Day, Time) VALUES ((SELECT CURRVAL('Doctor_doctor_id_seq')), 'WED' , '18:00' );
INSERT INTO Schedule(Doctor_id, Day, Time) VALUES ((SELECT CURRVAL('Doctor_doctor_id_seq')), 'THU' , '0:00' );
INSERT INTO Schedule(Doctor_id, Day, Time) VALUES ((SELECT CURRVAL('Doctor_doctor_id_seq')), 'THU' , '5:00' );
INSERT INTO Schedule(Doctor_id, Day, Time) VALUES ((SELECT CURRVAL('Doctor_doctor_id_seq')), 'THU' , '6:00' );
INSERT INTO Schedule(Doctor_id, Day, Time) VALUES ((SELECT CURRVAL('Doctor_doctor_id_seq')), 'THU' , '17:00' );
INSERT INTO Schedule(Doctor_id, Day, Time) VALUES ((SELECT CURRVAL('Doctor_doctor_id_seq')), 'FRI' , '8:00' );
INSERT INTO Schedule(Doctor_id, Day, Time) VALUES ((SELECT CURRVAL('Doctor_doctor_id_seq')), 'FRI' , '11:00' );
INSERT INTO Schedule(Doctor_id, Day, Time) VALUES ((SELECT CURRVAL('Doctor_doctor_id_seq')), 'FRI' , '16:00' );
INSERT INTO Schedule(Doctor_id, Day, Time) VALUES ((SELECT CURRVAL('Doctor_doctor_id_seq')), 'SAT' , '0:00' );
INSERT INTO Schedule(Doctor_id, Day, Time) VALUES ((SELECT CURRVAL('Doctor_doctor_id_seq')), 'SAT' , '15:00' );
INSERT INTO Schedule(Doctor_id, Day, Time) VALUES ((SELECT CURRVAL('Doctor_doctor_id_seq')), 'SAT' , '16:00' );
INSERT INTO Schedule(Doctor_id, Day, Time) VALUES ((SELECT CURRVAL('Doctor_doctor_id_seq')), 'SAT' , '17:00' );
INSERT INTO Message(Passport_number, Time_sent, Text) VALUES (37649807 , '2010-07-27 19:55:03' , 'Accept environmental property find off establish official various.');
INSERT INTO Receiver(Message_id, Receiver_id) VALUES ( (SELECT CURRVAL('Message_message_id_seq')) , 53263223);
INSERT INTO Account(Login, Password, Permission_level, Date_of_creation, Last_time_online) VALUES ('emilywood','*qRNT1NdS(' , 3 , '2015-06-18 02:46:32' , '2019-11-23 17:28:46');
INSERT INTO Staff(Passport_number, Account_id, Full_name, Position) VALUES (37311063 , (SELECT CURRVAL('account_account_id_seq') ),'Heather Dixon' , 'Nurse' );
INSERT INTO Email(Passport_number, Email) VALUES(37311063 , 'angellee@gmail.com' );
INSERT INTO Email(Passport_number, Email) VALUES(37311063 , 'joshua36@gmail.com' );
INSERT INTO Email(Passport_number, Email) VALUES(37311063 , 'charleshenson@gmail.com' );
INSERT INTO Medical_staff(Passport_number) VALUES (37311063);
INSERT INTO Message(Passport_number, Time_sent, Text) VALUES (37311063 , '2015-02-23 04:25:15' , 'Imagine always whose college reach produce environment.');
INSERT INTO Receiver(Message_id, Receiver_id) VALUES ( (SELECT CURRVAL('Message_message_id_seq')) , 36539956);
INSERT INTO Message(Passport_number, Time_sent, Text) VALUES (37311063 , '2013-06-18 00:36:50' , 'However physical try them you street.');
INSERT INTO Receiver(Message_id, Receiver_id) VALUES ( (SELECT CURRVAL('Message_message_id_seq')) , 96545652);
INSERT INTO Account(Login, Password, Permission_level, Date_of_creation, Last_time_online) VALUES ('tammycalderon','$9KaLmt7*z' , 3 , '2010-10-26 05:28:05' , '2019-11-21 00:20:38');
INSERT INTO Staff(Passport_number, Account_id, Full_name, Position) VALUES (33499680 , (SELECT CURRVAL('account_account_id_seq') ),'David Chapman' , 'Nurse' );
INSERT INTO Email(Passport_number, Email) VALUES(33499680 , 'scottcrystal@gmail.com' );
INSERT INTO Email(Passport_number, Email) VALUES(33499680 , 'thomas34@gmail.com' );
INSERT INTO Email(Passport_number, Email) VALUES(33499680 , 'tracy94@yahoo.com' );
INSERT INTO Medical_staff(Passport_number) VALUES (33499680);
INSERT INTO Message(Passport_number, Time_sent, Text) VALUES (33499680 , '2019-03-30 07:12:27' , 'Those medical development walk upon development career.');
INSERT INTO Receiver(Message_id, Receiver_id) VALUES ( (SELECT CURRVAL('Message_message_id_seq')) , 77633217);
INSERT INTO Message(Passport_number, Time_sent, Text) VALUES (33499680 , '2019-07-02 17:39:39' , 'History save level street.');
INSERT INTO Receiver(Message_id, Receiver_id) VALUES ( (SELECT CURRVAL('Message_message_id_seq')) , 37311063);
INSERT INTO Message(Passport_number, Time_sent, Text) VALUES (33499680 , '2011-07-26 08:45:37' , 'Leader visit chance property money simple.');
INSERT INTO Receiver(Message_id, Receiver_id) VALUES ( (SELECT CURRVAL('Message_message_id_seq')) , 13307172);
INSERT INTO Message(Passport_number, Time_sent, Text) VALUES (33499680 , '2013-11-25 18:53:54' , 'Attack get spend mind section during from.');
INSERT INTO Receiver(Message_id, Receiver_id) VALUES ( (SELECT CURRVAL('Message_message_id_seq')) , 96545652);
INSERT INTO Message(Passport_number, Time_sent, Text) VALUES (33499680 , '2010-07-08 04:52:59' , 'Pretty design something exist focus.');
INSERT INTO Receiver(Message_id, Receiver_id) VALUES ( (SELECT CURRVAL('Message_message_id_seq')) , 53263223);
INSERT INTO Account(Login, Password, Permission_level, Date_of_creation, Last_time_online) VALUES ('wdavidson','v9YIc!4R!2' , 3 , '2011-10-29 04:48:33' , '2019-11-23 14:15:47');
INSERT INTO Staff(Passport_number, Account_id, Full_name, Position) VALUES (74728589 , (SELECT CURRVAL('account_account_id_seq') ),'Melissa Brown' , 'Nurse' );
INSERT INTO Email(Passport_number, Email) VALUES(74728589 , 'hhicks@santana-campbell.com' );
INSERT INTO Medical_staff(Passport_number) VALUES (74728589);
INSERT INTO Message(Passport_number, Time_sent, Text) VALUES (74728589 , '2016-04-24 20:34:53' , 'Stop general senior mean finally.');
INSERT INTO Receiver(Message_id, Receiver_id) VALUES ( (SELECT CURRVAL('Message_message_id_seq')) , 77633217);
INSERT INTO Message(Passport_number, Time_sent, Text) VALUES (74728589 , '2018-07-16 15:55:51' , 'Group forget science meet great few sea.');
INSERT INTO Receiver(Message_id, Receiver_id) VALUES ( (SELECT CURRVAL('Message_message_id_seq')) , 96545652);
INSERT INTO Message(Passport_number, Time_sent, Text) VALUES (74728589 , '2016-07-05 20:11:26' , 'Six network without personal media letter.');
INSERT INTO Receiver(Message_id, Receiver_id) VALUES ( (SELECT CURRVAL('Message_message_id_seq')) , 53263223);
INSERT INTO Message(Passport_number, Time_sent, Text) VALUES (74728589 , '2017-02-20 08:24:52' , 'Protect training their open current enough much.');
INSERT INTO Receiver(Message_id, Receiver_id) VALUES ( (SELECT CURRVAL('Message_message_id_seq')) , 33499680);
INSERT INTO Account(Login, Password, Permission_level, Date_of_creation, Last_time_online) VALUES ('jeffrey73','nX#7YxgWWi' , 1 , '2011-06-22 22:05:58' , '2019-11-22 18:19:59');
INSERT INTO Staff(Passport_number, Account_id, Full_name, Position) VALUES (45348631 , (SELECT CURRVAL('account_account_id_seq') ),'Benjamin Zimmerman' , 'Doctor' );
INSERT INTO Medical_staff(Passport_number) VALUES (45348631);
INSERT INTO Doctor(MS_id, Specialization) VALUES ((SELECT CURRVAL('medical_staff_ms_id_seq')), 'Burn/Trauma' );
INSERT INTO Schedule(Doctor_id, Day, Time) VALUES ((SELECT CURRVAL('Doctor_doctor_id_seq')), 'SUN' , '4:00' );
INSERT INTO Schedule(Doctor_id, Day, Time) VALUES ((SELECT CURRVAL('Doctor_doctor_id_seq')), 'SUN' , '17:00' );
INSERT INTO Schedule(Doctor_id, Day, Time) VALUES ((SELECT CURRVAL('Doctor_doctor_id_seq')), 'SUN' , '19:00' );
INSERT INTO Schedule(Doctor_id, Day, Time) VALUES ((SELECT CURRVAL('Doctor_doctor_id_seq')), 'MON' , '0:00' );
INSERT INTO Schedule(Doctor_id, Day, Time) VALUES ((SELECT CURRVAL('Doctor_doctor_id_seq')), 'MON' , '7:00' );
INSERT INTO Schedule(Doctor_id, Day, Time) VALUES ((SELECT CURRVAL('Doctor_doctor_id_seq')), 'MON' , '8:00' );
INSERT INTO Schedule(Doctor_id, Day, Time) VALUES ((SELECT CURRVAL('Doctor_doctor_id_seq')), 'MON' , '11:00' );
INSERT INTO Schedule(Doctor_id, Day, Time) VALUES ((SELECT CURRVAL('Doctor_doctor_id_seq')), 'MON' , '16:00' );
INSERT INTO Schedule(Doctor_id, Day, Time) VALUES ((SELECT CURRVAL('Doctor_doctor_id_seq')), 'MON' , '20:00' );
INSERT INTO Schedule(Doctor_id, Day, Time) VALUES ((SELECT CURRVAL('Doctor_doctor_id_seq')), 'TUE' , '4:00' );
INSERT INTO Schedule(Doctor_id, Day, Time) VALUES ((SELECT CURRVAL('Doctor_doctor_id_seq')), 'TUE' , '10:00' );
INSERT INTO Schedule(Doctor_id, Day, Time) VALUES ((SELECT CURRVAL('Doctor_doctor_id_seq')), 'TUE' , '12:00' );
INSERT INTO Schedule(Doctor_id, Day, Time) VALUES ((SELECT CURRVAL('Doctor_doctor_id_seq')), 'TUE' , '13:00' );
INSERT INTO Schedule(Doctor_id, Day, Time) VALUES ((SELECT CURRVAL('Doctor_doctor_id_seq')), 'WED' , '6:00' );
INSERT INTO Schedule(Doctor_id, Day, Time) VALUES ((SELECT CURRVAL('Doctor_doctor_id_seq')), 'WED' , '8:00' );
INSERT INTO Schedule(Doctor_id, Day, Time) VALUES ((SELECT CURRVAL('Doctor_doctor_id_seq')), 'WED' , '13:00' );
INSERT INTO Schedule(Doctor_id, Day, Time) VALUES ((SELECT CURRVAL('Doctor_doctor_id_seq')), 'WED' , '15:00' );
INSERT INTO Schedule(Doctor_id, Day, Time) VALUES ((SELECT CURRVAL('Doctor_doctor_id_seq')), 'WED' , '17:00' );
INSERT INTO Schedule(Doctor_id, Day, Time) VALUES ((SELECT CURRVAL('Doctor_doctor_id_seq')), 'THU' , '0:00' );
INSERT INTO Schedule(Doctor_id, Day, Time) VALUES ((SELECT CURRVAL('Doctor_doctor_id_seq')), 'THU' , '6:00' );
INSERT INTO Schedule(Doctor_id, Day, Time) VALUES ((SELECT CURRVAL('Doctor_doctor_id_seq')), 'THU' , '15:00' );
INSERT INTO Schedule(Doctor_id, Day, Time) VALUES ((SELECT CURRVAL('Doctor_doctor_id_seq')), 'THU' , '16:00' );
INSERT INTO Schedule(Doctor_id, Day, Time) VALUES ((SELECT CURRVAL('Doctor_doctor_id_seq')), 'THU' , '21:00' );
INSERT INTO Schedule(Doctor_id, Day, Time) VALUES ((SELECT CURRVAL('Doctor_doctor_id_seq')), 'THU' , '22:00' );
INSERT INTO Schedule(Doctor_id, Day, Time) VALUES ((SELECT CURRVAL('Doctor_doctor_id_seq')), 'FRI' , '1:00' );
INSERT INTO Schedule(Doctor_id, Day, Time) VALUES ((SELECT CURRVAL('Doctor_doctor_id_seq')), 'FRI' , '3:00' );
INSERT INTO Schedule(Doctor_id, Day, Time) VALUES ((SELECT CURRVAL('Doctor_doctor_id_seq')), 'FRI' , '4:00' );
INSERT INTO Schedule(Doctor_id, Day, Time) VALUES ((SELECT CURRVAL('Doctor_doctor_id_seq')), 'FRI' , '15:00' );
INSERT INTO Schedule(Doctor_id, Day, Time) VALUES ((SELECT CURRVAL('Doctor_doctor_id_seq')), 'SAT' , '10:00' );
INSERT INTO Schedule(Doctor_id, Day, Time) VALUES ((SELECT CURRVAL('Doctor_doctor_id_seq')), 'SAT' , '13:00' );
INSERT INTO Schedule(Doctor_id, Day, Time) VALUES ((SELECT CURRVAL('Doctor_doctor_id_seq')), 'SAT' , '16:00' );
INSERT INTO Schedule(Doctor_id, Day, Time) VALUES ((SELECT CURRVAL('Doctor_doctor_id_seq')), 'SAT' , '17:00' );
INSERT INTO Schedule(Doctor_id, Day, Time) VALUES ((SELECT CURRVAL('Doctor_doctor_id_seq')), 'SAT' , '20:00' );
INSERT INTO Message(Passport_number, Time_sent, Text) VALUES (45348631 , '2011-03-10 16:38:02' , 'Might ready religious or including.');
INSERT INTO Receiver(Message_id, Receiver_id) VALUES ( (SELECT CURRVAL('Message_message_id_seq')) , 45348631);
INSERT INTO Message(Passport_number, Time_sent, Text) VALUES (45348631 , '2012-04-10 18:40:33' , 'Capital staff expect population.');
INSERT INTO Receiver(Message_id, Receiver_id) VALUES ( (SELECT CURRVAL('Message_message_id_seq')) , 83121982);
INSERT INTO Account(Login, Password, Permission_level, Date_of_creation, Last_time_online) VALUES ('leonardmichael','9IVrGS0s@4' , 4 , '2010-07-16 01:21:22' , '2019-11-23 02:51:21');
INSERT INTO Staff(Passport_number, Account_id, Full_name, Position) VALUES (90515170 , (SELECT CURRVAL('account_account_id_seq') ),'Jennifer Fox' , 'IT department' );
INSERT INTO Email(Passport_number, Email) VALUES(90515170 , 'matthew36@hotmail.com' );
INSERT INTO Email(Passport_number, Email) VALUES(90515170 , 'gary15@yahoo.com' );
INSERT INTO Email(Passport_number, Email) VALUES(90515170 , 'james94@hotmail.com' );
INSERT INTO Nonmedical_staff(Passport_number) VALUES (90515170);
INSERT INTO Message(Passport_number, Time_sent, Text) VALUES (90515170 , '2014-07-07 04:49:53' , 'Itself not who discover seat might analysis water.');
INSERT INTO Receiver(Message_id, Receiver_id) VALUES ( (SELECT CURRVAL('Message_message_id_seq')) , 13307172);
INSERT INTO Message(Passport_number, Time_sent, Text) VALUES (90515170 , '2015-08-16 19:45:20' , 'Truth other choose anything.');
INSERT INTO Receiver(Message_id, Receiver_id) VALUES ( (SELECT CURRVAL('Message_message_id_seq')) , 53263223);
INSERT INTO Account(Login, Password, Permission_level, Date_of_creation, Last_time_online) VALUES ('chelsey44','8EtHH*oX!D' , 4 , '2014-11-04 03:11:47' , '2019-11-19 14:15:48');
INSERT INTO Staff(Passport_number, Account_id, Full_name, Position) VALUES (49005745 , (SELECT CURRVAL('account_account_id_seq') ),'Raymond Schwartz' , 'Security' );
INSERT INTO Email(Passport_number, Email) VALUES(49005745 , 'xramirez@hotmail.com' );
INSERT INTO Email(Passport_number, Email) VALUES(49005745 , 'ojackson@jones.com' );
INSERT INTO Email(Passport_number, Email) VALUES(49005745 , 'nicole27@campbell.net' );
INSERT INTO Nonmedical_staff(Passport_number) VALUES (49005745);
INSERT INTO Message(Passport_number, Time_sent, Text) VALUES (49005745 , '2014-02-25 23:17:07' , 'Agent available mouth base.');
INSERT INTO Receiver(Message_id, Receiver_id) VALUES ( (SELECT CURRVAL('Message_message_id_seq')) , 18534511);
INSERT INTO Account(Login, Password, Permission_level, Date_of_creation, Last_time_online) VALUES ('ronald69','**MBimYV7!' , 1 , '2016-12-13 04:41:50' , '2019-11-22 22:08:18');
INSERT INTO Staff(Passport_number, Account_id, Full_name, Position) VALUES (24980432 , (SELECT CURRVAL('account_account_id_seq') ),'Gregory Wiley' , 'Doctor' );
INSERT INTO Email(Passport_number, Email) VALUES(24980432 , 'elopez@sanchez.com' );
INSERT INTO Email(Passport_number, Email) VALUES(24980432 , 'pneal@gmail.com' );
INSERT INTO Medical_staff(Passport_number) VALUES (24980432);
INSERT INTO Doctor(MS_id, Specialization) VALUES ((SELECT CURRVAL('medical_staff_ms_id_seq')), 'Colorectal Surgery' );
INSERT INTO Schedule(Doctor_id, Day, Time) VALUES ((SELECT CURRVAL('Doctor_doctor_id_seq')), 'SUN' , '5:00' );
INSERT INTO Schedule(Doctor_id, Day, Time) VALUES ((SELECT CURRVAL('Doctor_doctor_id_seq')), 'SUN' , '10:00' );
INSERT INTO Schedule(Doctor_id, Day, Time) VALUES ((SELECT CURRVAL('Doctor_doctor_id_seq')), 'SUN' , '13:00' );
INSERT INTO Schedule(Doctor_id, Day, Time) VALUES ((SELECT CURRVAL('Doctor_doctor_id_seq')), 'SUN' , '20:00' );
INSERT INTO Schedule(Doctor_id, Day, Time) VALUES ((SELECT CURRVAL('Doctor_doctor_id_seq')), 'MON' , '7:00' );
INSERT INTO Schedule(Doctor_id, Day, Time) VALUES ((SELECT CURRVAL('Doctor_doctor_id_seq')), 'MON' , '8:00' );
INSERT INTO Schedule(Doctor_id, Day, Time) VALUES ((SELECT CURRVAL('Doctor_doctor_id_seq')), 'MON' , '9:00' );
INSERT INTO Schedule(Doctor_id, Day, Time) VALUES ((SELECT CURRVAL('Doctor_doctor_id_seq')), 'MON' , '10:00' );
INSERT INTO Schedule(Doctor_id, Day, Time) VALUES ((SELECT CURRVAL('Doctor_doctor_id_seq')), 'MON' , '13:00' );
INSERT INTO Schedule(Doctor_id, Day, Time) VALUES ((SELECT CURRVAL('Doctor_doctor_id_seq')), 'MON' , '14:00' );
INSERT INTO Schedule(Doctor_id, Day, Time) VALUES ((SELECT CURRVAL('Doctor_doctor_id_seq')), 'MON' , '19:00' );
INSERT INTO Schedule(Doctor_id, Day, Time) VALUES ((SELECT CURRVAL('Doctor_doctor_id_seq')), 'TUE' , '5:00' );
INSERT INTO Schedule(Doctor_id, Day, Time) VALUES ((SELECT CURRVAL('Doctor_doctor_id_seq')), 'TUE' , '8:00' );
INSERT INTO Schedule(Doctor_id, Day, Time) VALUES ((SELECT CURRVAL('Doctor_doctor_id_seq')), 'TUE' , '9:00' );
INSERT INTO Schedule(Doctor_id, Day, Time) VALUES ((SELECT CURRVAL('Doctor_doctor_id_seq')), 'TUE' , '14:00' );
INSERT INTO Schedule(Doctor_id, Day, Time) VALUES ((SELECT CURRVAL('Doctor_doctor_id_seq')), 'WED' , '1:00' );
INSERT INTO Schedule(Doctor_id, Day, Time) VALUES ((SELECT CURRVAL('Doctor_doctor_id_seq')), 'WED' , '2:00' );
INSERT INTO Schedule(Doctor_id, Day, Time) VALUES ((SELECT CURRVAL('Doctor_doctor_id_seq')), 'WED' , '5:00' );
INSERT INTO Schedule(Doctor_id, Day, Time) VALUES ((SELECT CURRVAL('Doctor_doctor_id_seq')), 'WED' , '15:00' );
INSERT INTO Schedule(Doctor_id, Day, Time) VALUES ((SELECT CURRVAL('Doctor_doctor_id_seq')), 'WED' , '17:00' );
INSERT INTO Schedule(Doctor_id, Day, Time) VALUES ((SELECT CURRVAL('Doctor_doctor_id_seq')), 'WED' , '21:00' );
INSERT INTO Schedule(Doctor_id, Day, Time) VALUES ((SELECT CURRVAL('Doctor_doctor_id_seq')), 'THU' , '6:00' );
INSERT INTO Schedule(Doctor_id, Day, Time) VALUES ((SELECT CURRVAL('Doctor_doctor_id_seq')), 'THU' , '9:00' );
INSERT INTO Schedule(Doctor_id, Day, Time) VALUES ((SELECT CURRVAL('Doctor_doctor_id_seq')), 'THU' , '12:00' );
INSERT INTO Schedule(Doctor_id, Day, Time) VALUES ((SELECT CURRVAL('Doctor_doctor_id_seq')), 'THU' , '14:00' );
INSERT INTO Schedule(Doctor_id, Day, Time) VALUES ((SELECT CURRVAL('Doctor_doctor_id_seq')), 'THU' , '15:00' );
INSERT INTO Schedule(Doctor_id, Day, Time) VALUES ((SELECT CURRVAL('Doctor_doctor_id_seq')), 'THU' , '20:00' );
INSERT INTO Schedule(Doctor_id, Day, Time) VALUES ((SELECT CURRVAL('Doctor_doctor_id_seq')), 'THU' , '21:00' );
INSERT INTO Schedule(Doctor_id, Day, Time) VALUES ((SELECT CURRVAL('Doctor_doctor_id_seq')), 'THU' , '22:00' );
INSERT INTO Schedule(Doctor_id, Day, Time) VALUES ((SELECT CURRVAL('Doctor_doctor_id_seq')), 'FRI' , '0:00' );
INSERT INTO Schedule(Doctor_id, Day, Time) VALUES ((SELECT CURRVAL('Doctor_doctor_id_seq')), 'FRI' , '1:00' );
INSERT INTO Schedule(Doctor_id, Day, Time) VALUES ((SELECT CURRVAL('Doctor_doctor_id_seq')), 'FRI' , '2:00' );
INSERT INTO Schedule(Doctor_id, Day, Time) VALUES ((SELECT CURRVAL('Doctor_doctor_id_seq')), 'FRI' , '5:00' );
INSERT INTO Schedule(Doctor_id, Day, Time) VALUES ((SELECT CURRVAL('Doctor_doctor_id_seq')), 'FRI' , '11:00' );
INSERT INTO Schedule(Doctor_id, Day, Time) VALUES ((SELECT CURRVAL('Doctor_doctor_id_seq')), 'FRI' , '16:00' );
INSERT INTO Schedule(Doctor_id, Day, Time) VALUES ((SELECT CURRVAL('Doctor_doctor_id_seq')), 'SAT' , '11:00' );
INSERT INTO Schedule(Doctor_id, Day, Time) VALUES ((SELECT CURRVAL('Doctor_doctor_id_seq')), 'SAT' , '15:00' );
INSERT INTO Message(Passport_number, Time_sent, Text) VALUES (24980432 , '2014-08-02 05:41:07' , 'Environment contain continue bank else room.');
INSERT INTO Receiver(Message_id, Receiver_id) VALUES ( (SELECT CURRVAL('Message_message_id_seq')) , 77633217);
INSERT INTO Message(Passport_number, Time_sent, Text) VALUES (24980432 , '2016-07-25 06:35:12' , 'On camera identify rest.');
INSERT INTO Receiver(Message_id, Receiver_id) VALUES ( (SELECT CURRVAL('Message_message_id_seq')) , 90515170);
INSERT INTO Account(Login, Password, Permission_level, Date_of_creation, Last_time_online) VALUES ('ronaldgomez','8DDE%piB^k' , 1 , '2015-11-23 13:31:29' , '2019-11-21 05:19:16');
INSERT INTO Staff(Passport_number, Account_id, Full_name, Position) VALUES (25586022 , (SELECT CURRVAL('account_account_id_seq') ),'Jeff Richards' , 'Doctor' );
INSERT INTO Email(Passport_number, Email) VALUES(25586022 , 'cookroberto@gmail.com' );
INSERT INTO Medical_staff(Passport_number) VALUES (25586022);
INSERT INTO Doctor(MS_id, Specialization) VALUES ((SELECT CURRVAL('medical_staff_ms_id_seq')), 'Neonatology' );
INSERT INTO Schedule(Doctor_id, Day, Time) VALUES ((SELECT CURRVAL('Doctor_doctor_id_seq')), 'SUN' , '0:00' );
INSERT INTO Schedule(Doctor_id, Day, Time) VALUES ((SELECT CURRVAL('Doctor_doctor_id_seq')), 'SUN' , '4:00' );
INSERT INTO Schedule(Doctor_id, Day, Time) VALUES ((SELECT CURRVAL('Doctor_doctor_id_seq')), 'SUN' , '5:00' );
INSERT INTO Schedule(Doctor_id, Day, Time) VALUES ((SELECT CURRVAL('Doctor_doctor_id_seq')), 'SUN' , '6:00' );
INSERT INTO Schedule(Doctor_id, Day, Time) VALUES ((SELECT CURRVAL('Doctor_doctor_id_seq')), 'SUN' , '7:00' );
INSERT INTO Schedule(Doctor_id, Day, Time) VALUES ((SELECT CURRVAL('Doctor_doctor_id_seq')), 'SUN' , '9:00' );
INSERT INTO Schedule(Doctor_id, Day, Time) VALUES ((SELECT CURRVAL('Doctor_doctor_id_seq')), 'SUN' , '11:00' );
INSERT INTO Schedule(Doctor_id, Day, Time) VALUES ((SELECT CURRVAL('Doctor_doctor_id_seq')), 'MON' , '4:00' );
INSERT INTO Schedule(Doctor_id, Day, Time) VALUES ((SELECT CURRVAL('Doctor_doctor_id_seq')), 'MON' , '9:00' );
INSERT INTO Schedule(Doctor_id, Day, Time) VALUES ((SELECT CURRVAL('Doctor_doctor_id_seq')), 'MON' , '15:00' );
INSERT INTO Schedule(Doctor_id, Day, Time) VALUES ((SELECT CURRVAL('Doctor_doctor_id_seq')), 'MON' , '18:00' );
INSERT INTO Schedule(Doctor_id, Day, Time) VALUES ((SELECT CURRVAL('Doctor_doctor_id_seq')), 'MON' , '19:00' );
INSERT INTO Schedule(Doctor_id, Day, Time) VALUES ((SELECT CURRVAL('Doctor_doctor_id_seq')), 'MON' , '20:00' );
INSERT INTO Schedule(Doctor_id, Day, Time) VALUES ((SELECT CURRVAL('Doctor_doctor_id_seq')), 'MON' , '21:00' );
INSERT INTO Schedule(Doctor_id, Day, Time) VALUES ((SELECT CURRVAL('Doctor_doctor_id_seq')), 'MON' , '23:00' );
INSERT INTO Schedule(Doctor_id, Day, Time) VALUES ((SELECT CURRVAL('Doctor_doctor_id_seq')), 'TUE' , '3:00' );
INSERT INTO Schedule(Doctor_id, Day, Time) VALUES ((SELECT CURRVAL('Doctor_doctor_id_seq')), 'TUE' , '6:00' );
INSERT INTO Schedule(Doctor_id, Day, Time) VALUES ((SELECT CURRVAL('Doctor_doctor_id_seq')), 'TUE' , '10:00' );
INSERT INTO Schedule(Doctor_id, Day, Time) VALUES ((SELECT CURRVAL('Doctor_doctor_id_seq')), 'TUE' , '12:00' );
INSERT INTO Schedule(Doctor_id, Day, Time) VALUES ((SELECT CURRVAL('Doctor_doctor_id_seq')), 'TUE' , '22:00' );
INSERT INTO Schedule(Doctor_id, Day, Time) VALUES ((SELECT CURRVAL('Doctor_doctor_id_seq')), 'WED' , '1:00' );
INSERT INTO Schedule(Doctor_id, Day, Time) VALUES ((SELECT CURRVAL('Doctor_doctor_id_seq')), 'WED' , '3:00' );
INSERT INTO Schedule(Doctor_id, Day, Time) VALUES ((SELECT CURRVAL('Doctor_doctor_id_seq')), 'WED' , '5:00' );
INSERT INTO Schedule(Doctor_id, Day, Time) VALUES ((SELECT CURRVAL('Doctor_doctor_id_seq')), 'WED' , '7:00' );
INSERT INTO Schedule(Doctor_id, Day, Time) VALUES ((SELECT CURRVAL('Doctor_doctor_id_seq')), 'WED' , '8:00' );
INSERT INTO Schedule(Doctor_id, Day, Time) VALUES ((SELECT CURRVAL('Doctor_doctor_id_seq')), 'WED' , '13:00' );
INSERT INTO Schedule(Doctor_id, Day, Time) VALUES ((SELECT CURRVAL('Doctor_doctor_id_seq')), 'WED' , '15:00' );
INSERT INTO Schedule(Doctor_id, Day, Time) VALUES ((SELECT CURRVAL('Doctor_doctor_id_seq')), 'WED' , '17:00' );
INSERT INTO Schedule(Doctor_id, Day, Time) VALUES ((SELECT CURRVAL('Doctor_doctor_id_seq')), 'THU' , '1:00' );
INSERT INTO Schedule(Doctor_id, Day, Time) VALUES ((SELECT CURRVAL('Doctor_doctor_id_seq')), 'THU' , '2:00' );
INSERT INTO Schedule(Doctor_id, Day, Time) VALUES ((SELECT CURRVAL('Doctor_doctor_id_seq')), 'THU' , '6:00' );
INSERT INTO Schedule(Doctor_id, Day, Time) VALUES ((SELECT CURRVAL('Doctor_doctor_id_seq')), 'THU' , '8:00' );
INSERT INTO Schedule(Doctor_id, Day, Time) VALUES ((SELECT CURRVAL('Doctor_doctor_id_seq')), 'THU' , '15:00' );
INSERT INTO Schedule(Doctor_id, Day, Time) VALUES ((SELECT CURRVAL('Doctor_doctor_id_seq')), 'THU' , '22:00' );
INSERT INTO Schedule(Doctor_id, Day, Time) VALUES ((SELECT CURRVAL('Doctor_doctor_id_seq')), 'FRI' , '0:00' );
INSERT INTO Schedule(Doctor_id, Day, Time) VALUES ((SELECT CURRVAL('Doctor_doctor_id_seq')), 'FRI' , '7:00' );
INSERT INTO Schedule(Doctor_id, Day, Time) VALUES ((SELECT CURRVAL('Doctor_doctor_id_seq')), 'FRI' , '13:00' );
INSERT INTO Schedule(Doctor_id, Day, Time) VALUES ((SELECT CURRVAL('Doctor_doctor_id_seq')), 'FRI' , '14:00' );
INSERT INTO Schedule(Doctor_id, Day, Time) VALUES ((SELECT CURRVAL('Doctor_doctor_id_seq')), 'SAT' , '8:00' );
INSERT INTO Schedule(Doctor_id, Day, Time) VALUES ((SELECT CURRVAL('Doctor_doctor_id_seq')), 'SAT' , '10:00' );
INSERT INTO Schedule(Doctor_id, Day, Time) VALUES ((SELECT CURRVAL('Doctor_doctor_id_seq')), 'SAT' , '18:00' );
INSERT INTO Message(Passport_number, Time_sent, Text) VALUES (25586022 , '2012-12-06 15:01:17' , 'Value down way southern.');
INSERT INTO Receiver(Message_id, Receiver_id) VALUES ( (SELECT CURRVAL('Message_message_id_seq')) , 36539956);
INSERT INTO Message(Passport_number, Time_sent, Text) VALUES (25586022 , '2016-03-29 17:32:27' , 'Catch hour cut.');
INSERT INTO Receiver(Message_id, Receiver_id) VALUES ( (SELECT CURRVAL('Message_message_id_seq')) , 74728589);
INSERT INTO Message(Passport_number, Time_sent, Text) VALUES (25586022 , '2012-01-28 21:11:27' , 'Reason ahead direction compare recognize travel civil.');
INSERT INTO Receiver(Message_id, Receiver_id) VALUES ( (SELECT CURRVAL('Message_message_id_seq')) , 45348631);
INSERT INTO Message(Passport_number, Time_sent, Text) VALUES (25586022 , '2013-12-11 02:28:10' , 'Clear ask scientist study air.');
INSERT INTO Receiver(Message_id, Receiver_id) VALUES ( (SELECT CURRVAL('Message_message_id_seq')) , 13307172);
INSERT INTO Message(Passport_number, Time_sent, Text) VALUES (25586022 , '2019-08-24 19:50:07' , 'Between century middle.');
INSERT INTO Receiver(Message_id, Receiver_id) VALUES ( (SELECT CURRVAL('Message_message_id_seq')) , 33499680);
INSERT INTO Account(Login, Password, Permission_level, Date_of_creation, Last_time_online) VALUES ('isaiahbaker','dp)tqD^s$9' , 3 , '2010-02-20 18:20:26' , '2019-11-24 17:26:22');
INSERT INTO Staff(Passport_number, Account_id, Full_name, Position) VALUES (12304271 , (SELECT CURRVAL('account_account_id_seq') ),'Laura Freeman' , 'Nurse' );
INSERT INTO Email(Passport_number, Email) VALUES(12304271 , 'jilljordan@winters-hurst.biz' );
INSERT INTO Email(Passport_number, Email) VALUES(12304271 , 'wcantrell@lee.org' );
INSERT INTO Email(Passport_number, Email) VALUES(12304271 , 'jamesjackson@liu.com' );
INSERT INTO Medical_staff(Passport_number) VALUES (12304271);
INSERT INTO Message(Passport_number, Time_sent, Text) VALUES (12304271 , '2017-11-01 03:54:14' , 'Training season history party.');
INSERT INTO Receiver(Message_id, Receiver_id) VALUES ( (SELECT CURRVAL('Message_message_id_seq')) , 96545652);
INSERT INTO Message(Passport_number, Time_sent, Text) VALUES (12304271 , '2010-10-30 02:17:37' , 'Hot as care consider executive language month.');
INSERT INTO Receiver(Message_id, Receiver_id) VALUES ( (SELECT CURRVAL('Message_message_id_seq')) , 24980432);
INSERT INTO Message(Passport_number, Time_sent, Text) VALUES (12304271 , '2016-11-02 01:05:03' , 'Our lot everybody according weight significant place apply.');
INSERT INTO Receiver(Message_id, Receiver_id) VALUES ( (SELECT CURRVAL('Message_message_id_seq')) , 45348631);
INSERT INTO Message(Passport_number, Time_sent, Text) VALUES (12304271 , '2011-12-27 16:04:05' , 'Structure subject exactly low.');
INSERT INTO Receiver(Message_id, Receiver_id) VALUES ( (SELECT CURRVAL('Message_message_id_seq')) , 70309690);
INSERT INTO Account(Login, Password, Permission_level, Date_of_creation, Last_time_online) VALUES ('smithbrett','cL1XNwo&&S' , 4 , '2010-03-06 08:27:34' , '2019-11-19 14:13:57');
INSERT INTO Staff(Passport_number, Account_id, Full_name, Position) VALUES (32694529 , (SELECT CURRVAL('account_account_id_seq') ),'Jay Baker' , 'Adminstration' );
INSERT INTO Nonmedical_staff(Passport_number) VALUES (32694529);
INSERT INTO Account(Login, Password, Permission_level, Date_of_creation, Last_time_online) VALUES ('erikapena','$2SS!Rjwf2' , 4 , '2012-08-08 10:57:03' , '2019-11-21 07:07:13');
INSERT INTO Staff(Passport_number, Account_id, Full_name, Position) VALUES (22116307 , (SELECT CURRVAL('account_account_id_seq') ),'Juan Baker' , 'Security' );
INSERT INTO Email(Passport_number, Email) VALUES(22116307 , 'jbarnett@ford.com' );
INSERT INTO Email(Passport_number, Email) VALUES(22116307 , 'rosekaren@bridges.com' );
INSERT INTO Email(Passport_number, Email) VALUES(22116307 , 'gonzalezbarbara@gmail.com' );
INSERT INTO Nonmedical_staff(Passport_number) VALUES (22116307);
INSERT INTO Account(Login, Password, Permission_level, Date_of_creation, Last_time_online) VALUES ('burkeandrew','AqB2%Azm(F' , 3 , '2018-10-19 07:26:11' , '2019-11-21 19:02:02');
INSERT INTO Staff(Passport_number, Account_id, Full_name, Position) VALUES (43791125 , (SELECT CURRVAL('account_account_id_seq') ),'Elizabeth Pennington' , 'Nurse' );
INSERT INTO Medical_staff(Passport_number) VALUES (43791125);
INSERT INTO Message(Passport_number, Time_sent, Text) VALUES (43791125 , '2014-12-07 05:39:09' , 'Late tough treat sort company available.');
INSERT INTO Receiver(Message_id, Receiver_id) VALUES ( (SELECT CURRVAL('Message_message_id_seq')) , 49005745);
INSERT INTO Message(Passport_number, Time_sent, Text) VALUES (43791125 , '2017-07-19 12:10:00' , 'Plan box leg teacher center.');
INSERT INTO Receiver(Message_id, Receiver_id) VALUES ( (SELECT CURRVAL('Message_message_id_seq')) , 22116307);
INSERT INTO Message(Passport_number, Time_sent, Text) VALUES (43791125 , '2011-07-13 14:19:17' , 'Citizen vote material follow commercial authority.');
INSERT INTO Receiver(Message_id, Receiver_id) VALUES ( (SELECT CURRVAL('Message_message_id_seq')) , 33499680);
INSERT INTO Account(Login, Password, Permission_level, Date_of_creation, Last_time_online) VALUES ('amy62','e!I9GMhIMr' , 3 , '2016-09-25 19:17:27' , '2019-11-21 09:14:48');
INSERT INTO Staff(Passport_number, Account_id, Full_name, Position) VALUES (38915918 , (SELECT CURRVAL('account_account_id_seq') ),'Anne Jackson' , 'Nurse' );
INSERT INTO Email(Passport_number, Email) VALUES(38915918 , 'jessica89@yahoo.com' );
INSERT INTO Medical_staff(Passport_number) VALUES (38915918);
INSERT INTO Message(Passport_number, Time_sent, Text) VALUES (38915918 , '2015-04-02 02:49:37' , 'Able rise center beautiful act exactly.');
INSERT INTO Receiver(Message_id, Receiver_id) VALUES ( (SELECT CURRVAL('Message_message_id_seq')) , 77633217);
INSERT INTO Message(Passport_number, Time_sent, Text) VALUES (38915918 , '2014-05-27 02:08:40' , 'Of write million character.');
INSERT INTO Receiver(Message_id, Receiver_id) VALUES ( (SELECT CURRVAL('Message_message_id_seq')) , 37649807);
INSERT INTO Message(Passport_number, Time_sent, Text) VALUES (38915918 , '2012-02-22 06:31:45' , 'Item land arm democratic.');
INSERT INTO Receiver(Message_id, Receiver_id) VALUES ( (SELECT CURRVAL('Message_message_id_seq')) , 74728589);
INSERT INTO Message(Passport_number, Time_sent, Text) VALUES (38915918 , '2016-05-21 20:37:41' , 'Quite budget report impact cut state certain.');
INSERT INTO Receiver(Message_id, Receiver_id) VALUES ( (SELECT CURRVAL('Message_message_id_seq')) , 13307172);
INSERT INTO Message(Passport_number, Time_sent, Text) VALUES (38915918 , '2010-03-17 04:34:00' , 'Guy fast others begin party.');
INSERT INTO Receiver(Message_id, Receiver_id) VALUES ( (SELECT CURRVAL('Message_message_id_seq')) , 63072693);
INSERT INTO Account(Login, Password, Permission_level, Date_of_creation, Last_time_online) VALUES ('andersonjeffrey','KSNG0Bas$*' , 4 , '2011-08-11 19:46:42' , '2019-11-24 07:56:58');
INSERT INTO Staff(Passport_number, Account_id, Full_name, Position) VALUES (11767046 , (SELECT CURRVAL('account_account_id_seq') ),'Michelle Jones' , 'IT department' );
INSERT INTO Email(Passport_number, Email) VALUES(11767046 , 'ryan36@hotmail.com' );
INSERT INTO Email(Passport_number, Email) VALUES(11767046 , 'clarkelizabeth@long-reed.info' );
INSERT INTO Email(Passport_number, Email) VALUES(11767046 , 'walkerrachel@hotmail.com' );
INSERT INTO Nonmedical_staff(Passport_number) VALUES (11767046);
INSERT INTO Message(Passport_number, Time_sent, Text) VALUES (11767046 , '2014-05-15 01:56:29' , 'Class medical send.');
INSERT INTO Receiver(Message_id, Receiver_id) VALUES ( (SELECT CURRVAL('Message_message_id_seq')) , 49005745);
INSERT INTO Message(Passport_number, Time_sent, Text) VALUES (11767046 , '2011-02-02 03:29:02' , 'Early form talk concern group.');
INSERT INTO Receiver(Message_id, Receiver_id) VALUES ( (SELECT CURRVAL('Message_message_id_seq')) , 49005745);
INSERT INTO Message(Passport_number, Time_sent, Text) VALUES (11767046 , '2016-11-07 11:32:36' , 'Trouble bill most official benefit wall board something.');
INSERT INTO Receiver(Message_id, Receiver_id) VALUES ( (SELECT CURRVAL('Message_message_id_seq')) , 96545652);
INSERT INTO Account(Login, Password, Permission_level, Date_of_creation, Last_time_online) VALUES ('qflores','%66W2CLuNr' , 1 , '2019-05-11 01:31:31' , '2019-11-19 05:30:54');
INSERT INTO Staff(Passport_number, Account_id, Full_name, Position) VALUES (69636790 , (SELECT CURRVAL('account_account_id_seq') ),'Julie Harvey' , 'Doctor' );
INSERT INTO Email(Passport_number, Email) VALUES(69636790 , 'sarah55@hughes-lucas.net' );
INSERT INTO Email(Passport_number, Email) VALUES(69636790 , 'crystal41@gmail.com' );
INSERT INTO Email(Passport_number, Email) VALUES(69636790 , 'bhenderson@gmail.com' );
INSERT INTO Medical_staff(Passport_number) VALUES (69636790);
INSERT INTO Doctor(MS_id, Specialization) VALUES ((SELECT CURRVAL('medical_staff_ms_id_seq')), 'Obstetrics & Gynecology' );
INSERT INTO Schedule(Doctor_id, Day, Time) VALUES ((SELECT CURRVAL('Doctor_doctor_id_seq')), 'SUN' , '2:00' );
INSERT INTO Schedule(Doctor_id, Day, Time) VALUES ((SELECT CURRVAL('Doctor_doctor_id_seq')), 'SUN' , '3:00' );
INSERT INTO Schedule(Doctor_id, Day, Time) VALUES ((SELECT CURRVAL('Doctor_doctor_id_seq')), 'SUN' , '5:00' );
INSERT INTO Schedule(Doctor_id, Day, Time) VALUES ((SELECT CURRVAL('Doctor_doctor_id_seq')), 'SUN' , '13:00' );
INSERT INTO Schedule(Doctor_id, Day, Time) VALUES ((SELECT CURRVAL('Doctor_doctor_id_seq')), 'SUN' , '14:00' );
INSERT INTO Schedule(Doctor_id, Day, Time) VALUES ((SELECT CURRVAL('Doctor_doctor_id_seq')), 'MON' , '4:00' );
INSERT INTO Schedule(Doctor_id, Day, Time) VALUES ((SELECT CURRVAL('Doctor_doctor_id_seq')), 'MON' , '12:00' );
INSERT INTO Schedule(Doctor_id, Day, Time) VALUES ((SELECT CURRVAL('Doctor_doctor_id_seq')), 'MON' , '13:00' );
INSERT INTO Schedule(Doctor_id, Day, Time) VALUES ((SELECT CURRVAL('Doctor_doctor_id_seq')), 'MON' , '16:00' );
INSERT INTO Schedule(Doctor_id, Day, Time) VALUES ((SELECT CURRVAL('Doctor_doctor_id_seq')), 'MON' , '19:00' );
INSERT INTO Schedule(Doctor_id, Day, Time) VALUES ((SELECT CURRVAL('Doctor_doctor_id_seq')), 'MON' , '21:00' );
INSERT INTO Schedule(Doctor_id, Day, Time) VALUES ((SELECT CURRVAL('Doctor_doctor_id_seq')), 'TUE' , '6:00' );
INSERT INTO Schedule(Doctor_id, Day, Time) VALUES ((SELECT CURRVAL('Doctor_doctor_id_seq')), 'TUE' , '21:00' );
INSERT INTO Schedule(Doctor_id, Day, Time) VALUES ((SELECT CURRVAL('Doctor_doctor_id_seq')), 'TUE' , '23:00' );
INSERT INTO Schedule(Doctor_id, Day, Time) VALUES ((SELECT CURRVAL('Doctor_doctor_id_seq')), 'WED' , '8:00' );
INSERT INTO Schedule(Doctor_id, Day, Time) VALUES ((SELECT CURRVAL('Doctor_doctor_id_seq')), 'THU' , '4:00' );
INSERT INTO Schedule(Doctor_id, Day, Time) VALUES ((SELECT CURRVAL('Doctor_doctor_id_seq')), 'THU' , '18:00' );
INSERT INTO Schedule(Doctor_id, Day, Time) VALUES ((SELECT CURRVAL('Doctor_doctor_id_seq')), 'FRI' , '0:00' );
INSERT INTO Schedule(Doctor_id, Day, Time) VALUES ((SELECT CURRVAL('Doctor_doctor_id_seq')), 'FRI' , '9:00' );
INSERT INTO Schedule(Doctor_id, Day, Time) VALUES ((SELECT CURRVAL('Doctor_doctor_id_seq')), 'FRI' , '19:00' );
INSERT INTO Schedule(Doctor_id, Day, Time) VALUES ((SELECT CURRVAL('Doctor_doctor_id_seq')), 'FRI' , '22:00' );
INSERT INTO Schedule(Doctor_id, Day, Time) VALUES ((SELECT CURRVAL('Doctor_doctor_id_seq')), 'SAT' , '2:00' );
INSERT INTO Schedule(Doctor_id, Day, Time) VALUES ((SELECT CURRVAL('Doctor_doctor_id_seq')), 'SAT' , '4:00' );
INSERT INTO Schedule(Doctor_id, Day, Time) VALUES ((SELECT CURRVAL('Doctor_doctor_id_seq')), 'SAT' , '5:00' );
INSERT INTO Schedule(Doctor_id, Day, Time) VALUES ((SELECT CURRVAL('Doctor_doctor_id_seq')), 'SAT' , '8:00' );
INSERT INTO Message(Passport_number, Time_sent, Text) VALUES (69636790 , '2010-11-25 16:46:35' , 'Campaign over prove increase or.');
INSERT INTO Receiver(Message_id, Receiver_id) VALUES ( (SELECT CURRVAL('Message_message_id_seq')) , 38915918);
INSERT INTO Message(Passport_number, Time_sent, Text) VALUES (69636790 , '2010-07-10 04:09:31' , 'Include law drop single political describe throw.');
INSERT INTO Receiver(Message_id, Receiver_id) VALUES ( (SELECT CURRVAL('Message_message_id_seq')) , 38915918);
INSERT INTO Account(Login, Password, Permission_level, Date_of_creation, Last_time_online) VALUES ('barbara62','^nc0qD@jM1' , 3 , '2012-08-31 22:54:21' , '2019-11-22 19:09:03');
INSERT INTO Staff(Passport_number, Account_id, Full_name, Position) VALUES (70293265 , (SELECT CURRVAL('account_account_id_seq') ),'Paige Weaver' , 'Nurse' );
INSERT INTO Medical_staff(Passport_number) VALUES (70293265);
INSERT INTO Message(Passport_number, Time_sent, Text) VALUES (70293265 , '2017-04-20 09:58:36' , 'Level office hand body also even increase accept.');
INSERT INTO Receiver(Message_id, Receiver_id) VALUES ( (SELECT CURRVAL('Message_message_id_seq')) , 90515170);
INSERT INTO Message(Passport_number, Time_sent, Text) VALUES (70293265 , '2018-11-22 19:29:47' , 'Hear stop team anything if candidate between.');
INSERT INTO Receiver(Message_id, Receiver_id) VALUES ( (SELECT CURRVAL('Message_message_id_seq')) , 83121982);
INSERT INTO Message(Passport_number, Time_sent, Text) VALUES (70293265 , '2019-09-20 03:49:46' , 'Effort eye newspaper collection.');
INSERT INTO Receiver(Message_id, Receiver_id) VALUES ( (SELECT CURRVAL('Message_message_id_seq')) , 37649807);
INSERT INTO Message(Passport_number, Time_sent, Text) VALUES (70293265 , '2016-10-26 17:14:02' , 'Economy knowledge available big.');
INSERT INTO Receiver(Message_id, Receiver_id) VALUES ( (SELECT CURRVAL('Message_message_id_seq')) , 83121982);
INSERT INTO Account(Login, Password, Permission_level, Date_of_creation, Last_time_online) VALUES ('strongbrooke','GHC#eEj2^3' , 4 , '2014-02-06 07:59:05' , '2019-11-19 05:23:21');
INSERT INTO Staff(Passport_number, Account_id, Full_name, Position) VALUES (53195968 , (SELECT CURRVAL('account_account_id_seq') ),'Lucas Myers' , 'Sanitation' );
INSERT INTO Email(Passport_number, Email) VALUES(53195968 , 'lauren67@gmail.com' );
INSERT INTO Email(Passport_number, Email) VALUES(53195968 , 'david90@bryant.com' );
INSERT INTO Email(Passport_number, Email) VALUES(53195968 , 'stuartcruz@yahoo.com' );
INSERT INTO Nonmedical_staff(Passport_number) VALUES (53195968);
INSERT INTO Message(Passport_number, Time_sent, Text) VALUES (53195968 , '2016-12-14 05:30:05' , 'Network leave college politics group spring teacher.');
INSERT INTO Receiver(Message_id, Receiver_id) VALUES ( (SELECT CURRVAL('Message_message_id_seq')) , 69636790);
INSERT INTO Message(Passport_number, Time_sent, Text) VALUES (53195968 , '2013-11-12 05:54:33' , 'Sing fill consumer once today blue order.');
INSERT INTO Receiver(Message_id, Receiver_id) VALUES ( (SELECT CURRVAL('Message_message_id_seq')) , 69636790);
INSERT INTO Message(Passport_number, Time_sent, Text) VALUES (53195968 , '2014-06-09 06:04:48' , 'Personal too evidence our fast treat decade.');
INSERT INTO Receiver(Message_id, Receiver_id) VALUES ( (SELECT CURRVAL('Message_message_id_seq')) , 37311063);
INSERT INTO Message(Passport_number, Time_sent, Text) VALUES (53195968 , '2015-12-08 18:04:57' , 'Police window option red bank.');
INSERT INTO Receiver(Message_id, Receiver_id) VALUES ( (SELECT CURRVAL('Message_message_id_seq')) , 24980432);
INSERT INTO Message(Passport_number, Time_sent, Text) VALUES (53195968 , '2016-02-26 13:32:31' , 'Real believe table across.');
INSERT INTO Receiver(Message_id, Receiver_id) VALUES ( (SELECT CURRVAL('Message_message_id_seq')) , 45348631);
INSERT INTO Account(Login, Password, Permission_level, Date_of_creation, Last_time_online) VALUES ('craigdaniel','^MkV+o&Fj7' , 4 , '2019-03-08 10:13:16' , '2019-11-22 13:26:21');
INSERT INTO Staff(Passport_number, Account_id, Full_name, Position) VALUES (42597858 , (SELECT CURRVAL('account_account_id_seq') ),'Sherri Cummings' , 'Security' );
INSERT INTO Email(Passport_number, Email) VALUES(42597858 , 'dwayne25@roth-washington.info' );
INSERT INTO Nonmedical_staff(Passport_number) VALUES (42597858);
INSERT INTO Message(Passport_number, Time_sent, Text) VALUES (42597858 , '2011-05-14 09:19:06' , 'Image because happy more very family.');
INSERT INTO Receiver(Message_id, Receiver_id) VALUES ( (SELECT CURRVAL('Message_message_id_seq')) , 12304271);
INSERT INTO Message(Passport_number, Time_sent, Text) VALUES (42597858 , '2018-11-06 20:02:38' , 'Recognize huge television question purpose small practice.');
INSERT INTO Receiver(Message_id, Receiver_id) VALUES ( (SELECT CURRVAL('Message_message_id_seq')) , 49005745);
INSERT INTO Message(Passport_number, Time_sent, Text) VALUES (42597858 , '2016-01-12 21:17:46' , 'Near run generation century us among carry.');
INSERT INTO Receiver(Message_id, Receiver_id) VALUES ( (SELECT CURRVAL('Message_message_id_seq')) , 53195968);
INSERT INTO Message(Passport_number, Time_sent, Text) VALUES (42597858 , '2010-07-02 07:04:18' , 'Both though society raise individual tree.');
INSERT INTO Receiver(Message_id, Receiver_id) VALUES ( (SELECT CURRVAL('Message_message_id_seq')) , 70293265);
INSERT INTO Account(Login, Password, Permission_level, Date_of_creation, Last_time_online) VALUES ('upeterson','@#52F8edjL' , 2 , '2018-09-10 07:23:40' , '2019-11-21 01:37:22');
INSERT INTO Staff(Passport_number, Account_id, Full_name, Position) VALUES (48117395 , (SELECT CURRVAL('account_account_id_seq') ),'Susan Nelson' , 'Doctor' );
INSERT INTO Email(Passport_number, Email) VALUES(48117395 , 'mckinneykrista@dunlap.biz' );
INSERT INTO Email(Passport_number, Email) VALUES(48117395 , 'jonathan18@hernandez.net' );
INSERT INTO Medical_staff(Passport_number) VALUES (48117395);
INSERT INTO Doctor(MS_id, Specialization) VALUES ((SELECT CURRVAL('medical_staff_ms_id_seq')), 'Neurosurgery' );
INSERT INTO Schedule(Doctor_id, Day, Time) VALUES ((SELECT CURRVAL('Doctor_doctor_id_seq')), 'MON' , '23:00' );
INSERT INTO Schedule(Doctor_id, Day, Time) VALUES ((SELECT CURRVAL('Doctor_doctor_id_seq')), 'TUE' , '20:00' );
INSERT INTO Schedule(Doctor_id, Day, Time) VALUES ((SELECT CURRVAL('Doctor_doctor_id_seq')), 'TUE' , '21:00' );
INSERT INTO Schedule(Doctor_id, Day, Time) VALUES ((SELECT CURRVAL('Doctor_doctor_id_seq')), 'WED' , '0:00' );
INSERT INTO Schedule(Doctor_id, Day, Time) VALUES ((SELECT CURRVAL('Doctor_doctor_id_seq')), 'WED' , '3:00' );
INSERT INTO Schedule(Doctor_id, Day, Time) VALUES ((SELECT CURRVAL('Doctor_doctor_id_seq')), 'THU' , '0:00' );
INSERT INTO Schedule(Doctor_id, Day, Time) VALUES ((SELECT CURRVAL('Doctor_doctor_id_seq')), 'FRI' , '18:00' );
INSERT INTO Schedule(Doctor_id, Day, Time) VALUES ((SELECT CURRVAL('Doctor_doctor_id_seq')), 'SAT' , '0:00' );
INSERT INTO Schedule(Doctor_id, Day, Time) VALUES ((SELECT CURRVAL('Doctor_doctor_id_seq')), 'SAT' , '9:00' );
INSERT INTO Schedule(Doctor_id, Day, Time) VALUES ((SELECT CURRVAL('Doctor_doctor_id_seq')), 'SAT' , '18:00' );
INSERT INTO Message(Passport_number, Time_sent, Text) VALUES (48117395 , '2013-09-20 04:40:06' , 'Position specific institution imagine western others.');
INSERT INTO Receiver(Message_id, Receiver_id) VALUES ( (SELECT CURRVAL('Message_message_id_seq')) , 90515170);
INSERT INTO Message(Passport_number, Time_sent, Text) VALUES (48117395 , '2018-09-06 02:28:44' , 'On down purpose network.');
INSERT INTO Receiver(Message_id, Receiver_id) VALUES ( (SELECT CURRVAL('Message_message_id_seq')) , 96545652);
INSERT INTO Message(Passport_number, Time_sent, Text) VALUES (48117395 , '2015-12-30 07:53:56' , 'Analysis hard easy usually but.');
INSERT INTO Receiver(Message_id, Receiver_id) VALUES ( (SELECT CURRVAL('Message_message_id_seq')) , 70293265);
INSERT INTO Account(Login, Password, Permission_level, Date_of_creation, Last_time_online) VALUES ('rthompson','95r0jjOp_$' , 3 , '2018-04-07 13:52:09' , '2019-11-20 11:38:52');
INSERT INTO Staff(Passport_number, Account_id, Full_name, Position) VALUES (29788682 , (SELECT CURRVAL('account_account_id_seq') ),'Carla Johnson' , 'Nurse' );
INSERT INTO Email(Passport_number, Email) VALUES(29788682 , 'imaldonado@duran.com' );
INSERT INTO Email(Passport_number, Email) VALUES(29788682 , 'bishopkevin@martin-carter.com' );
INSERT INTO Medical_staff(Passport_number) VALUES (29788682);
INSERT INTO Account(Login, Password, Permission_level, Date_of_creation, Last_time_online) VALUES ('jennifer97','6rECwdGo+x' , 3 , '2011-02-09 00:59:50' , '2019-11-20 23:21:00');
INSERT INTO Staff(Passport_number, Account_id, Full_name, Position) VALUES (26484594 , (SELECT CURRVAL('account_account_id_seq') ),'Lauren Gibson' , 'Nurse' );
INSERT INTO Email(Passport_number, Email) VALUES(26484594 , 'bestamanda@johnson.com' );
INSERT INTO Email(Passport_number, Email) VALUES(26484594 , 'jacksonlinda@gmail.com' );
INSERT INTO Medical_staff(Passport_number) VALUES (26484594);
INSERT INTO Message(Passport_number, Time_sent, Text) VALUES (26484594 , '2018-05-26 06:08:29' , 'Bit policy mother fill eye word.');
INSERT INTO Receiver(Message_id, Receiver_id) VALUES ( (SELECT CURRVAL('Message_message_id_seq')) , 70309690);
INSERT INTO Account(Login, Password, Permission_level, Date_of_creation, Last_time_online) VALUES ('thomasho','*CuBRzRyQ7' , 3 , '2011-04-21 07:21:56' , '2019-11-21 23:20:17');
INSERT INTO Staff(Passport_number, Account_id, Full_name, Position) VALUES (54047037 , (SELECT CURRVAL('account_account_id_seq') ),'Andrew Potter' , 'Nurse' );
INSERT INTO Email(Passport_number, Email) VALUES(54047037 , 'susanochoa@underwood.biz' );
INSERT INTO Email(Passport_number, Email) VALUES(54047037 , 'cynthia61@reyes.com' );
INSERT INTO Email(Passport_number, Email) VALUES(54047037 , 'petersonmary@yahoo.com' );
INSERT INTO Medical_staff(Passport_number) VALUES (54047037);
INSERT INTO Message(Passport_number, Time_sent, Text) VALUES (54047037 , '2012-11-03 06:29:31' , 'School even challenge.');
INSERT INTO Receiver(Message_id, Receiver_id) VALUES ( (SELECT CURRVAL('Message_message_id_seq')) , 37311063);
INSERT INTO Message(Passport_number, Time_sent, Text) VALUES (54047037 , '2013-07-20 09:27:47' , 'Race front attention modern.');
INSERT INTO Receiver(Message_id, Receiver_id) VALUES ( (SELECT CURRVAL('Message_message_id_seq')) , 45348631);
INSERT INTO Message(Passport_number, Time_sent, Text) VALUES (54047037 , '2017-09-04 07:45:17' , 'War that look tree lead thus material artist.');
INSERT INTO Receiver(Message_id, Receiver_id) VALUES ( (SELECT CURRVAL('Message_message_id_seq')) , 38915918);
INSERT INTO Account(Login, Password, Permission_level, Date_of_creation, Last_time_online) VALUES ('walkernicholas','!^pDe1&+)5' , 3 , '2015-07-23 06:46:22' , '2019-11-23 02:26:27');
INSERT INTO Staff(Passport_number, Account_id, Full_name, Position) VALUES (69742392 , (SELECT CURRVAL('account_account_id_seq') ),'Mr. Stephen Singh' , 'Nurse' );
INSERT INTO Email(Passport_number, Email) VALUES(69742392 , 'haleymatthew@hotmail.com' );
INSERT INTO Medical_staff(Passport_number) VALUES (69742392);
INSERT INTO Message(Passport_number, Time_sent, Text) VALUES (69742392 , '2016-10-21 22:41:48' , 'Common many money feel me outside.');
INSERT INTO Receiver(Message_id, Receiver_id) VALUES ( (SELECT CURRVAL('Message_message_id_seq')) , 70309690);
INSERT INTO Message(Passport_number, Time_sent, Text) VALUES (69742392 , '2019-08-21 07:43:34' , 'Size radio decade nearly crime property dog role.');
INSERT INTO Receiver(Message_id, Receiver_id) VALUES ( (SELECT CURRVAL('Message_message_id_seq')) , 48117395);
INSERT INTO Message(Passport_number, Time_sent, Text) VALUES (69742392 , '2012-09-30 00:07:59' , 'Hair play popular everyone technology heart hit.');
INSERT INTO Receiver(Message_id, Receiver_id) VALUES ( (SELECT CURRVAL('Message_message_id_seq')) , 70309690);
INSERT INTO Message(Passport_number, Time_sent, Text) VALUES (69742392 , '2014-12-13 07:23:44' , 'Although film growth civil movie model.');
INSERT INTO Receiver(Message_id, Receiver_id) VALUES ( (SELECT CURRVAL('Message_message_id_seq')) , 38915918);
INSERT INTO Message(Passport_number, Time_sent, Text) VALUES (69742392 , '2014-06-06 01:02:40' , 'Theory customer daughter like former stay meeting.');
INSERT INTO Receiver(Message_id, Receiver_id) VALUES ( (SELECT CURRVAL('Message_message_id_seq')) , 13307172);
INSERT INTO Account(Login, Password, Permission_level, Date_of_creation, Last_time_online) VALUES ('lindaramos','qg3ERJ+tD%' , 1 , '2017-02-10 07:13:37' , '2019-11-19 14:02:22');
INSERT INTO Staff(Passport_number, Account_id, Full_name, Position) VALUES (91736024 , (SELECT CURRVAL('account_account_id_seq') ),'Jesse Martin' , 'Doctor' );
INSERT INTO Email(Passport_number, Email) VALUES(91736024 , 'perezsarah@gmail.com' );
INSERT INTO Email(Passport_number, Email) VALUES(91736024 , 'gbryan@gonzales.org' );
INSERT INTO Email(Passport_number, Email) VALUES(91736024 , 'keithharris@thompson.com' );
INSERT INTO Medical_staff(Passport_number) VALUES (91736024);
INSERT INTO Doctor(MS_id, Specialization) VALUES ((SELECT CURRVAL('medical_staff_ms_id_seq')), 'Obstetrics & Gynecology' );
INSERT INTO Schedule(Doctor_id, Day, Time) VALUES ((SELECT CURRVAL('Doctor_doctor_id_seq')), 'SUN' , '3:00' );
INSERT INTO Schedule(Doctor_id, Day, Time) VALUES ((SELECT CURRVAL('Doctor_doctor_id_seq')), 'SUN' , '12:00' );
INSERT INTO Schedule(Doctor_id, Day, Time) VALUES ((SELECT CURRVAL('Doctor_doctor_id_seq')), 'SUN' , '14:00' );
INSERT INTO Schedule(Doctor_id, Day, Time) VALUES ((SELECT CURRVAL('Doctor_doctor_id_seq')), 'SUN' , '21:00' );
INSERT INTO Schedule(Doctor_id, Day, Time) VALUES ((SELECT CURRVAL('Doctor_doctor_id_seq')), 'MON' , '2:00' );
INSERT INTO Schedule(Doctor_id, Day, Time) VALUES ((SELECT CURRVAL('Doctor_doctor_id_seq')), 'MON' , '16:00' );
INSERT INTO Schedule(Doctor_id, Day, Time) VALUES ((SELECT CURRVAL('Doctor_doctor_id_seq')), 'MON' , '17:00' );
INSERT INTO Schedule(Doctor_id, Day, Time) VALUES ((SELECT CURRVAL('Doctor_doctor_id_seq')), 'MON' , '20:00' );
INSERT INTO Schedule(Doctor_id, Day, Time) VALUES ((SELECT CURRVAL('Doctor_doctor_id_seq')), 'TUE' , '5:00' );
INSERT INTO Schedule(Doctor_id, Day, Time) VALUES ((SELECT CURRVAL('Doctor_doctor_id_seq')), 'TUE' , '6:00' );
INSERT INTO Schedule(Doctor_id, Day, Time) VALUES ((SELECT CURRVAL('Doctor_doctor_id_seq')), 'TUE' , '19:00' );
INSERT INTO Schedule(Doctor_id, Day, Time) VALUES ((SELECT CURRVAL('Doctor_doctor_id_seq')), 'TUE' , '22:00' );
INSERT INTO Schedule(Doctor_id, Day, Time) VALUES ((SELECT CURRVAL('Doctor_doctor_id_seq')), 'WED' , '6:00' );
INSERT INTO Schedule(Doctor_id, Day, Time) VALUES ((SELECT CURRVAL('Doctor_doctor_id_seq')), 'WED' , '8:00' );
INSERT INTO Schedule(Doctor_id, Day, Time) VALUES ((SELECT CURRVAL('Doctor_doctor_id_seq')), 'WED' , '14:00' );
INSERT INTO Schedule(Doctor_id, Day, Time) VALUES ((SELECT CURRVAL('Doctor_doctor_id_seq')), 'WED' , '15:00' );
INSERT INTO Schedule(Doctor_id, Day, Time) VALUES ((SELECT CURRVAL('Doctor_doctor_id_seq')), 'THU' , '4:00' );
INSERT INTO Schedule(Doctor_id, Day, Time) VALUES ((SELECT CURRVAL('Doctor_doctor_id_seq')), 'THU' , '16:00' );
INSERT INTO Schedule(Doctor_id, Day, Time) VALUES ((SELECT CURRVAL('Doctor_doctor_id_seq')), 'THU' , '21:00' );
INSERT INTO Schedule(Doctor_id, Day, Time) VALUES ((SELECT CURRVAL('Doctor_doctor_id_seq')), 'FRI' , '3:00' );
INSERT INTO Schedule(Doctor_id, Day, Time) VALUES ((SELECT CURRVAL('Doctor_doctor_id_seq')), 'FRI' , '5:00' );
INSERT INTO Account(Login, Password, Permission_level, Date_of_creation, Last_time_online) VALUES ('serranosarah','d1_CtO&5*Z' , 4 , '2013-10-18 15:51:56' , '2019-11-24 10:44:04');
INSERT INTO Staff(Passport_number, Account_id, Full_name, Position) VALUES (64305301 , (SELECT CURRVAL('account_account_id_seq') ),'Jessica Robbins' , 'IT department' );
INSERT INTO Nonmedical_staff(Passport_number) VALUES (64305301);
INSERT INTO Message(Passport_number, Time_sent, Text) VALUES (64305301 , '2014-01-12 13:43:37' , 'Debate tax choose recently five customer simply.');
INSERT INTO Receiver(Message_id, Receiver_id) VALUES ( (SELECT CURRVAL('Message_message_id_seq')) , 96545652);
INSERT INTO Message(Passport_number, Time_sent, Text) VALUES (64305301 , '2015-10-31 15:00:31' , 'Lay current agree.');
INSERT INTO Receiver(Message_id, Receiver_id) VALUES ( (SELECT CURRVAL('Message_message_id_seq')) , 90515170);
INSERT INTO Message(Passport_number, Time_sent, Text) VALUES (64305301 , '2017-04-08 02:35:25' , 'Congress coach nor sit down stop child.');
INSERT INTO Receiver(Message_id, Receiver_id) VALUES ( (SELECT CURRVAL('Message_message_id_seq')) , 32694529);
INSERT INTO Account(Login, Password, Permission_level, Date_of_creation, Last_time_online) VALUES ('wandaserrano','82Izy6G#$w' , 3 , '2019-07-30 10:52:56' , '2019-11-18 07:20:20');
INSERT INTO Staff(Passport_number, Account_id, Full_name, Position) VALUES (55673983 , (SELECT CURRVAL('account_account_id_seq') ),'Amanda Smith' , 'Nurse' );
INSERT INTO Email(Passport_number, Email) VALUES(55673983 , 'nicholas23@flores.com' );
INSERT INTO Email(Passport_number, Email) VALUES(55673983 , 'marie50@yahoo.com' );
INSERT INTO Medical_staff(Passport_number) VALUES (55673983);
INSERT INTO Message(Passport_number, Time_sent, Text) VALUES (55673983 , '2019-06-18 12:21:20' , 'Sure push doctor daughter.');
INSERT INTO Receiver(Message_id, Receiver_id) VALUES ( (SELECT CURRVAL('Message_message_id_seq')) , 69742392);
INSERT INTO Message(Passport_number, Time_sent, Text) VALUES (55673983 , '2010-02-12 15:56:42' , 'Second authority firm deal.');
INSERT INTO Receiver(Message_id, Receiver_id) VALUES ( (SELECT CURRVAL('Message_message_id_seq')) , 13307172);
INSERT INTO Account(Login, Password, Permission_level, Date_of_creation, Last_time_online) VALUES ('emorrison','b&_80TTfS0' , 3 , '2011-04-12 19:03:08' , '2019-11-18 20:02:39');
INSERT INTO Staff(Passport_number, Account_id, Full_name, Position) VALUES (31520409 , (SELECT CURRVAL('account_account_id_seq') ),'Michael Franklin' , 'Nurse' );
INSERT INTO Email(Passport_number, Email) VALUES(31520409 , 'christinahartman@hotmail.com' );
INSERT INTO Medical_staff(Passport_number) VALUES (31520409);
INSERT INTO Message(Passport_number, Time_sent, Text) VALUES (31520409 , '2010-12-29 11:43:51' , 'Home however share.');
INSERT INTO Receiver(Message_id, Receiver_id) VALUES ( (SELECT CURRVAL('Message_message_id_seq')) , 24980432);
INSERT INTO Message(Passport_number, Time_sent, Text) VALUES (31520409 , '2010-12-22 00:51:22' , 'Name go Democrat past way.');
INSERT INTO Receiver(Message_id, Receiver_id) VALUES ( (SELECT CURRVAL('Message_message_id_seq')) , 31520409);
INSERT INTO Message(Passport_number, Time_sent, Text) VALUES (31520409 , '2014-06-15 11:45:58' , 'Low cut though sign.');
INSERT INTO Receiver(Message_id, Receiver_id) VALUES ( (SELECT CURRVAL('Message_message_id_seq')) , 63072693);
INSERT INTO Account(Login, Password, Permission_level, Date_of_creation, Last_time_online) VALUES ('aaron76','o$*B2Uv6yG' , 3 , '2016-10-13 00:43:34' , '2019-11-25 00:41:43');
INSERT INTO Staff(Passport_number, Account_id, Full_name, Position) VALUES (69683466 , (SELECT CURRVAL('account_account_id_seq') ),'Vanessa Sanchez' , 'Nurse' );
INSERT INTO Email(Passport_number, Email) VALUES(69683466 , 'gpatrick@yahoo.com' );
INSERT INTO Email(Passport_number, Email) VALUES(69683466 , 'jacob15@yahoo.com' );
INSERT INTO Medical_staff(Passport_number) VALUES (69683466);
INSERT INTO Message(Passport_number, Time_sent, Text) VALUES (69683466 , '2018-09-14 23:19:22' , 'Walk build far out particularly senior.');
INSERT INTO Receiver(Message_id, Receiver_id) VALUES ( (SELECT CURRVAL('Message_message_id_seq')) , 38915918);
INSERT INTO Message(Passport_number, Time_sent, Text) VALUES (69683466 , '2012-03-25 20:49:49' , 'Happy school long.');
INSERT INTO Receiver(Message_id, Receiver_id) VALUES ( (SELECT CURRVAL('Message_message_id_seq')) , 96545652);
INSERT INTO Message(Passport_number, Time_sent, Text) VALUES (69683466 , '2013-12-15 04:48:34' , 'Enjoy by gas trade cultural.');
INSERT INTO Receiver(Message_id, Receiver_id) VALUES ( (SELECT CURRVAL('Message_message_id_seq')) , 29788682);
INSERT INTO Message(Passport_number, Time_sent, Text) VALUES (69683466 , '2015-10-27 19:14:44' , 'Church lawyer analysis wrong anything natural.');
INSERT INTO Receiver(Message_id, Receiver_id) VALUES ( (SELECT CURRVAL('Message_message_id_seq')) , 77633217);
INSERT INTO Account(Login, Password, Permission_level, Date_of_creation, Last_time_online) VALUES ('ryanromero','nFEHDGxI(3' , 3 , '2014-05-24 02:58:54' , '2019-11-18 09:27:12');
INSERT INTO Staff(Passport_number, Account_id, Full_name, Position) VALUES (88604954 , (SELECT CURRVAL('account_account_id_seq') ),'Toni Ramos' , 'Nurse' );
INSERT INTO Email(Passport_number, Email) VALUES(88604954 , 'timothymartinez@melendez.com' );
INSERT INTO Email(Passport_number, Email) VALUES(88604954 , 'andreabrown@baxter.com' );
INSERT INTO Medical_staff(Passport_number) VALUES (88604954);
INSERT INTO Message(Passport_number, Time_sent, Text) VALUES (88604954 , '2012-11-11 19:53:25' , 'Audience including reveal of money director just.');
INSERT INTO Receiver(Message_id, Receiver_id) VALUES ( (SELECT CURRVAL('Message_message_id_seq')) , 22116307);
INSERT INTO Message(Passport_number, Time_sent, Text) VALUES (88604954 , '2010-06-20 09:02:53' , 'Point into simple action trade accept race.');
INSERT INTO Receiver(Message_id, Receiver_id) VALUES ( (SELECT CURRVAL('Message_message_id_seq')) , 90515170);
INSERT INTO Message(Passport_number, Time_sent, Text) VALUES (88604954 , '2016-08-19 03:42:23' , 'Interview fill beat practice cold growth child.');
INSERT INTO Receiver(Message_id, Receiver_id) VALUES ( (SELECT CURRVAL('Message_message_id_seq')) , 70309690);
INSERT INTO Message(Passport_number, Time_sent, Text) VALUES (88604954 , '2011-01-21 05:31:04' , 'Four well speech major short loss.');
INSERT INTO Receiver(Message_id, Receiver_id) VALUES ( (SELECT CURRVAL('Message_message_id_seq')) , 37311063);
INSERT INTO Account(Login, Password, Permission_level, Date_of_creation, Last_time_online) VALUES ('mooredebra','zzn2XTA5x+' , 4 , '2014-05-07 12:48:22' , '2019-11-23 03:20:15');
INSERT INTO Staff(Passport_number, Account_id, Full_name, Position) VALUES (31215657 , (SELECT CURRVAL('account_account_id_seq') ),'Kristin Wallace' , 'Security' );
INSERT INTO Email(Passport_number, Email) VALUES(31215657 , 'laurensullivan@morgan-chaney.biz' );
INSERT INTO Nonmedical_staff(Passport_number) VALUES (31215657);
INSERT INTO Message(Passport_number, Time_sent, Text) VALUES (31215657 , '2011-08-24 02:56:55' , 'Wonder begin can can.');
INSERT INTO Receiver(Message_id, Receiver_id) VALUES ( (SELECT CURRVAL('Message_message_id_seq')) , 18534511);
INSERT INTO Message(Passport_number, Time_sent, Text) VALUES (31215657 , '2011-01-11 03:25:59' , 'Where major later beat.');
INSERT INTO Receiver(Message_id, Receiver_id) VALUES ( (SELECT CURRVAL('Message_message_id_seq')) , 11767046);
INSERT INTO Message(Passport_number, Time_sent, Text) VALUES (31215657 , '2018-08-01 22:31:58' , 'Offer bar responsibility color.');
INSERT INTO Receiver(Message_id, Receiver_id) VALUES ( (SELECT CURRVAL('Message_message_id_seq')) , 11767046);
INSERT INTO Account(Login, Password, Permission_level, Date_of_creation, Last_time_online) VALUES ('douglaslyons','1rwg%nEi+x' , 1 , '2016-11-09 05:29:05' , '2019-11-19 20:56:44');
INSERT INTO Staff(Passport_number, Account_id, Full_name, Position) VALUES (11951094 , (SELECT CURRVAL('account_account_id_seq') ),'William Contreras' , 'Doctor' );
INSERT INTO Email(Passport_number, Email) VALUES(11951094 , 'stephanie04@gmail.com' );
INSERT INTO Medical_staff(Passport_number) VALUES (11951094);
INSERT INTO Doctor(MS_id, Specialization) VALUES ((SELECT CURRVAL('medical_staff_ms_id_seq')), 'Infectious Disease' );
INSERT INTO Schedule(Doctor_id, Day, Time) VALUES ((SELECT CURRVAL('Doctor_doctor_id_seq')), 'SUN' , '0:00' );
INSERT INTO Schedule(Doctor_id, Day, Time) VALUES ((SELECT CURRVAL('Doctor_doctor_id_seq')), 'SUN' , '1:00' );
INSERT INTO Schedule(Doctor_id, Day, Time) VALUES ((SELECT CURRVAL('Doctor_doctor_id_seq')), 'SUN' , '2:00' );
INSERT INTO Schedule(Doctor_id, Day, Time) VALUES ((SELECT CURRVAL('Doctor_doctor_id_seq')), 'SUN' , '5:00' );
INSERT INTO Schedule(Doctor_id, Day, Time) VALUES ((SELECT CURRVAL('Doctor_doctor_id_seq')), 'SUN' , '9:00' );
INSERT INTO Schedule(Doctor_id, Day, Time) VALUES ((SELECT CURRVAL('Doctor_doctor_id_seq')), 'SUN' , '12:00' );
INSERT INTO Schedule(Doctor_id, Day, Time) VALUES ((SELECT CURRVAL('Doctor_doctor_id_seq')), 'SUN' , '22:00' );
INSERT INTO Schedule(Doctor_id, Day, Time) VALUES ((SELECT CURRVAL('Doctor_doctor_id_seq')), 'SUN' , '23:00' );
INSERT INTO Schedule(Doctor_id, Day, Time) VALUES ((SELECT CURRVAL('Doctor_doctor_id_seq')), 'MON' , '2:00' );
INSERT INTO Schedule(Doctor_id, Day, Time) VALUES ((SELECT CURRVAL('Doctor_doctor_id_seq')), 'MON' , '3:00' );
INSERT INTO Schedule(Doctor_id, Day, Time) VALUES ((SELECT CURRVAL('Doctor_doctor_id_seq')), 'MON' , '4:00' );
INSERT INTO Schedule(Doctor_id, Day, Time) VALUES ((SELECT CURRVAL('Doctor_doctor_id_seq')), 'MON' , '6:00' );
INSERT INTO Schedule(Doctor_id, Day, Time) VALUES ((SELECT CURRVAL('Doctor_doctor_id_seq')), 'MON' , '7:00' );
INSERT INTO Schedule(Doctor_id, Day, Time) VALUES ((SELECT CURRVAL('Doctor_doctor_id_seq')), 'MON' , '9:00' );
INSERT INTO Schedule(Doctor_id, Day, Time) VALUES ((SELECT CURRVAL('Doctor_doctor_id_seq')), 'MON' , '10:00' );
INSERT INTO Schedule(Doctor_id, Day, Time) VALUES ((SELECT CURRVAL('Doctor_doctor_id_seq')), 'MON' , '11:00' );
INSERT INTO Schedule(Doctor_id, Day, Time) VALUES ((SELECT CURRVAL('Doctor_doctor_id_seq')), 'MON' , '13:00' );
INSERT INTO Schedule(Doctor_id, Day, Time) VALUES ((SELECT CURRVAL('Doctor_doctor_id_seq')), 'MON' , '14:00' );
INSERT INTO Schedule(Doctor_id, Day, Time) VALUES ((SELECT CURRVAL('Doctor_doctor_id_seq')), 'TUE' , '5:00' );
INSERT INTO Schedule(Doctor_id, Day, Time) VALUES ((SELECT CURRVAL('Doctor_doctor_id_seq')), 'TUE' , '11:00' );
INSERT INTO Schedule(Doctor_id, Day, Time) VALUES ((SELECT CURRVAL('Doctor_doctor_id_seq')), 'TUE' , '13:00' );
INSERT INTO Schedule(Doctor_id, Day, Time) VALUES ((SELECT CURRVAL('Doctor_doctor_id_seq')), 'TUE' , '14:00' );
INSERT INTO Schedule(Doctor_id, Day, Time) VALUES ((SELECT CURRVAL('Doctor_doctor_id_seq')), 'TUE' , '15:00' );
INSERT INTO Schedule(Doctor_id, Day, Time) VALUES ((SELECT CURRVAL('Doctor_doctor_id_seq')), 'TUE' , '18:00' );
INSERT INTO Schedule(Doctor_id, Day, Time) VALUES ((SELECT CURRVAL('Doctor_doctor_id_seq')), 'TUE' , '23:00' );
INSERT INTO Schedule(Doctor_id, Day, Time) VALUES ((SELECT CURRVAL('Doctor_doctor_id_seq')), 'WED' , '0:00' );
INSERT INTO Schedule(Doctor_id, Day, Time) VALUES ((SELECT CURRVAL('Doctor_doctor_id_seq')), 'WED' , '2:00' );
INSERT INTO Schedule(Doctor_id, Day, Time) VALUES ((SELECT CURRVAL('Doctor_doctor_id_seq')), 'WED' , '6:00' );
INSERT INTO Schedule(Doctor_id, Day, Time) VALUES ((SELECT CURRVAL('Doctor_doctor_id_seq')), 'WED' , '7:00' );
INSERT INTO Schedule(Doctor_id, Day, Time) VALUES ((SELECT CURRVAL('Doctor_doctor_id_seq')), 'WED' , '13:00' );
INSERT INTO Schedule(Doctor_id, Day, Time) VALUES ((SELECT CURRVAL('Doctor_doctor_id_seq')), 'WED' , '14:00' );
INSERT INTO Schedule(Doctor_id, Day, Time) VALUES ((SELECT CURRVAL('Doctor_doctor_id_seq')), 'WED' , '15:00' );
INSERT INTO Schedule(Doctor_id, Day, Time) VALUES ((SELECT CURRVAL('Doctor_doctor_id_seq')), 'WED' , '18:00' );
INSERT INTO Schedule(Doctor_id, Day, Time) VALUES ((SELECT CURRVAL('Doctor_doctor_id_seq')), 'THU' , '14:00' );
INSERT INTO Schedule(Doctor_id, Day, Time) VALUES ((SELECT CURRVAL('Doctor_doctor_id_seq')), 'THU' , '16:00' );
INSERT INTO Schedule(Doctor_id, Day, Time) VALUES ((SELECT CURRVAL('Doctor_doctor_id_seq')), 'THU' , '17:00' );
INSERT INTO Schedule(Doctor_id, Day, Time) VALUES ((SELECT CURRVAL('Doctor_doctor_id_seq')), 'THU' , '23:00' );
INSERT INTO Schedule(Doctor_id, Day, Time) VALUES ((SELECT CURRVAL('Doctor_doctor_id_seq')), 'FRI' , '0:00' );
INSERT INTO Schedule(Doctor_id, Day, Time) VALUES ((SELECT CURRVAL('Doctor_doctor_id_seq')), 'FRI' , '2:00' );
INSERT INTO Schedule(Doctor_id, Day, Time) VALUES ((SELECT CURRVAL('Doctor_doctor_id_seq')), 'FRI' , '4:00' );
INSERT INTO Schedule(Doctor_id, Day, Time) VALUES ((SELECT CURRVAL('Doctor_doctor_id_seq')), 'FRI' , '7:00' );
INSERT INTO Schedule(Doctor_id, Day, Time) VALUES ((SELECT CURRVAL('Doctor_doctor_id_seq')), 'FRI' , '13:00' );
INSERT INTO Schedule(Doctor_id, Day, Time) VALUES ((SELECT CURRVAL('Doctor_doctor_id_seq')), 'FRI' , '15:00' );
INSERT INTO Schedule(Doctor_id, Day, Time) VALUES ((SELECT CURRVAL('Doctor_doctor_id_seq')), 'SAT' , '10:00' );
INSERT INTO Schedule(Doctor_id, Day, Time) VALUES ((SELECT CURRVAL('Doctor_doctor_id_seq')), 'SAT' , '12:00' );
INSERT INTO Schedule(Doctor_id, Day, Time) VALUES ((SELECT CURRVAL('Doctor_doctor_id_seq')), 'SAT' , '15:00' );
INSERT INTO Schedule(Doctor_id, Day, Time) VALUES ((SELECT CURRVAL('Doctor_doctor_id_seq')), 'SAT' , '19:00' );
INSERT INTO Schedule(Doctor_id, Day, Time) VALUES ((SELECT CURRVAL('Doctor_doctor_id_seq')), 'SAT' , '20:00' );
INSERT INTO Message(Passport_number, Time_sent, Text) VALUES (11951094 , '2018-02-05 07:33:01' , 'Heart sister need.');
INSERT INTO Receiver(Message_id, Receiver_id) VALUES ( (SELECT CURRVAL('Message_message_id_seq')) , 54047037);
INSERT INTO Message(Passport_number, Time_sent, Text) VALUES (11951094 , '2014-10-21 15:49:06' , 'Option adult stage relate forget more someone place.');
INSERT INTO Receiver(Message_id, Receiver_id) VALUES ( (SELECT CURRVAL('Message_message_id_seq')) , 69742392);
INSERT INTO Message(Passport_number, Time_sent, Text) VALUES (11951094 , '2010-04-26 22:33:36' , 'Director business take bit me start.');
INSERT INTO Receiver(Message_id, Receiver_id) VALUES ( (SELECT CURRVAL('Message_message_id_seq')) , 53195968);
INSERT INTO Message(Passport_number, Time_sent, Text) VALUES (11951094 , '2017-01-22 21:57:28' , 'Near speak stop able.');
INSERT INTO Receiver(Message_id, Receiver_id) VALUES ( (SELECT CURRVAL('Message_message_id_seq')) , 29788682);
INSERT INTO Account(Login, Password, Permission_level, Date_of_creation, Last_time_online) VALUES ('sawyerdesiree','b&0dDVemGF' , 4 , '2013-08-03 01:03:11' , '2019-11-18 02:24:16');
INSERT INTO Staff(Passport_number, Account_id, Full_name, Position) VALUES (17198134 , (SELECT CURRVAL('account_account_id_seq') ),'Chris Baker' , 'Sanitation' );
INSERT INTO Email(Passport_number, Email) VALUES(17198134 , 'meganparker@yahoo.com' );
INSERT INTO Email(Passport_number, Email) VALUES(17198134 , 'pcallahan@jones-solis.org' );
INSERT INTO Email(Passport_number, Email) VALUES(17198134 , 'kennethschneider@young.com' );
INSERT INTO Nonmedical_staff(Passport_number) VALUES (17198134);
INSERT INTO Message(Passport_number, Time_sent, Text) VALUES (17198134 , '2015-06-18 10:32:11' , 'Score week order job machine commercial small.');
INSERT INTO Receiver(Message_id, Receiver_id) VALUES ( (SELECT CURRVAL('Message_message_id_seq')) , 25586022);
INSERT INTO Message(Passport_number, Time_sent, Text) VALUES (17198134 , '2013-03-17 03:42:57' , 'Message media foot important.');
INSERT INTO Receiver(Message_id, Receiver_id) VALUES ( (SELECT CURRVAL('Message_message_id_seq')) , 45348631);
INSERT INTO Message(Passport_number, Time_sent, Text) VALUES (17198134 , '2015-12-23 13:47:09' , 'Sit option watch.');
INSERT INTO Receiver(Message_id, Receiver_id) VALUES ( (SELECT CURRVAL('Message_message_id_seq')) , 36539956);
INSERT INTO Account(Login, Password, Permission_level, Date_of_creation, Last_time_online) VALUES ('sampsonrichard','Z7cpWszp!0' , 3 , '2016-02-14 13:18:06' , '2019-11-19 02:26:23');
INSERT INTO Staff(Passport_number, Account_id, Full_name, Position) VALUES (89058657 , (SELECT CURRVAL('account_account_id_seq') ),'Rebecca Martin' , 'Nurse' );
INSERT INTO Medical_staff(Passport_number) VALUES (89058657);
INSERT INTO Message(Passport_number, Time_sent, Text) VALUES (89058657 , '2019-11-22 15:47:38' , 'Form individual personal TV house mission huge even.');
INSERT INTO Receiver(Message_id, Receiver_id) VALUES ( (SELECT CURRVAL('Message_message_id_seq')) , 37311063);
INSERT INTO Message(Passport_number, Time_sent, Text) VALUES (89058657 , '2011-08-12 04:41:46' , 'Over hold apply degree a the election.');
INSERT INTO Receiver(Message_id, Receiver_id) VALUES ( (SELECT CURRVAL('Message_message_id_seq')) , 69636790);
INSERT INTO Message(Passport_number, Time_sent, Text) VALUES (89058657 , '2013-01-23 20:28:46' , 'Final success seat become performance mean break.');
INSERT INTO Receiver(Message_id, Receiver_id) VALUES ( (SELECT CURRVAL('Message_message_id_seq')) , 33499680);
INSERT INTO Message(Passport_number, Time_sent, Text) VALUES (89058657 , '2018-07-23 13:07:21' , 'Player heavy air.');
INSERT INTO Receiver(Message_id, Receiver_id) VALUES ( (SELECT CURRVAL('Message_message_id_seq')) , 36539956);
INSERT INTO Message(Passport_number, Time_sent, Text) VALUES (89058657 , '2012-09-27 07:55:57' , 'Rest summer help fund care any give.');
INSERT INTO Receiver(Message_id, Receiver_id) VALUES ( (SELECT CURRVAL('Message_message_id_seq')) , 42597858);
INSERT INTO Account(Login, Password, Permission_level, Date_of_creation, Last_time_online) VALUES ('justinweber','#6*Er@y(9P' , 3 , '2016-09-17 05:13:30' , '2019-11-24 00:03:45');
INSERT INTO Staff(Passport_number, Account_id, Full_name, Position) VALUES (11103783 , (SELECT CURRVAL('account_account_id_seq') ),'Debra Hill' , 'Nurse' );
INSERT INTO Email(Passport_number, Email) VALUES(11103783 , 'johnstonmegan@roberts-porter.com' );
INSERT INTO Email(Passport_number, Email) VALUES(11103783 , 'elliottjames@gmail.com' );
INSERT INTO Email(Passport_number, Email) VALUES(11103783 , 'kwilliams@hansen-castillo.com' );
INSERT INTO Medical_staff(Passport_number) VALUES (11103783);
INSERT INTO Message(Passport_number, Time_sent, Text) VALUES (11103783 , '2018-03-18 23:57:19' , 'About security share sea me school opportunity meeting.');
INSERT INTO Receiver(Message_id, Receiver_id) VALUES ( (SELECT CURRVAL('Message_message_id_seq')) , 36539956);
INSERT INTO Account(Login, Password, Permission_level, Date_of_creation, Last_time_online) VALUES ('courtneyschmitt','&HAAaxcw!2' , 4 , '2019-11-22 10:37:59' , '2019-11-24 09:48:32');
INSERT INTO Staff(Passport_number, Account_id, Full_name, Position) VALUES (60810199 , (SELECT CURRVAL('account_account_id_seq') ),'Caitlyn Marshall' , 'IT department' );
INSERT INTO Email(Passport_number, Email) VALUES(60810199 , 'davidmurphy@hooper.com' );
INSERT INTO Email(Passport_number, Email) VALUES(60810199 , 'wryan@welch.com' );
INSERT INTO Nonmedical_staff(Passport_number) VALUES (60810199);
INSERT INTO Message(Passport_number, Time_sent, Text) VALUES (60810199 , '2019-07-20 02:24:02' , 'About store letter out real.');
INSERT INTO Receiver(Message_id, Receiver_id) VALUES ( (SELECT CURRVAL('Message_message_id_seq')) , 42597858);
INSERT INTO Message(Passport_number, Time_sent, Text) VALUES (60810199 , '2011-12-22 01:51:12' , 'Magazine pressure benefit democratic return discover send.');
INSERT INTO Receiver(Message_id, Receiver_id) VALUES ( (SELECT CURRVAL('Message_message_id_seq')) , 88604954);
INSERT INTO Message(Passport_number, Time_sent, Text) VALUES (60810199 , '2013-08-13 02:04:58' , 'Certain when once sell occur without myself.');
INSERT INTO Receiver(Message_id, Receiver_id) VALUES ( (SELECT CURRVAL('Message_message_id_seq')) , 31520409);
INSERT INTO Message(Passport_number, Time_sent, Text) VALUES (60810199 , '2018-06-24 16:47:44' , 'Base left concern alone court after.');
INSERT INTO Receiver(Message_id, Receiver_id) VALUES ( (SELECT CURRVAL('Message_message_id_seq')) , 88604954);
INSERT INTO Message(Passport_number, Time_sent, Text) VALUES (60810199 , '2015-01-25 00:59:15' , 'Much entire three region move each food plant.');
INSERT INTO Receiver(Message_id, Receiver_id) VALUES ( (SELECT CURRVAL('Message_message_id_seq')) , 38915918);
INSERT INTO Account(Login, Password, Permission_level, Date_of_creation, Last_time_online) VALUES ('josephjohnston','+0SJfjr80i' , 3 , '2017-08-17 14:01:30' , '2019-11-24 09:05:39');
INSERT INTO Staff(Passport_number, Account_id, Full_name, Position) VALUES (86720304 , (SELECT CURRVAL('account_account_id_seq') ),'Warren Davidson' , 'Nurse' );
INSERT INTO Email(Passport_number, Email) VALUES(86720304 , 'lindamitchell@hotmail.com' );
INSERT INTO Email(Passport_number, Email) VALUES(86720304 , 'lopezashley@cisneros.com' );
INSERT INTO Medical_staff(Passport_number) VALUES (86720304);
INSERT INTO Account(Login, Password, Permission_level, Date_of_creation, Last_time_online) VALUES ('johnpittman','$@753Wmf4b' , 2 , '2018-11-25 21:41:16' , '2019-11-19 07:00:04');
INSERT INTO Staff(Passport_number, Account_id, Full_name, Position) VALUES (75268541 , (SELECT CURRVAL('account_account_id_seq') ),'Richard Roberts' , 'Doctor' );
INSERT INTO Email(Passport_number, Email) VALUES(75268541 , 'claudiajohnson@jimenez.org' );
INSERT INTO Email(Passport_number, Email) VALUES(75268541 , 'thomasgray@hotmail.com' );
INSERT INTO Email(Passport_number, Email) VALUES(75268541 , 'mario08@hotmail.com' );
INSERT INTO Medical_staff(Passport_number) VALUES (75268541);
INSERT INTO Doctor(MS_id, Specialization) VALUES ((SELECT CURRVAL('medical_staff_ms_id_seq')), 'Geriatrics' );
INSERT INTO Schedule(Doctor_id, Day, Time) VALUES ((SELECT CURRVAL('Doctor_doctor_id_seq')), 'SUN' , '1:00' );
INSERT INTO Schedule(Doctor_id, Day, Time) VALUES ((SELECT CURRVAL('Doctor_doctor_id_seq')), 'SUN' , '3:00' );
INSERT INTO Schedule(Doctor_id, Day, Time) VALUES ((SELECT CURRVAL('Doctor_doctor_id_seq')), 'SUN' , '8:00' );
INSERT INTO Schedule(Doctor_id, Day, Time) VALUES ((SELECT CURRVAL('Doctor_doctor_id_seq')), 'SUN' , '10:00' );
INSERT INTO Schedule(Doctor_id, Day, Time) VALUES ((SELECT CURRVAL('Doctor_doctor_id_seq')), 'SUN' , '11:00' );
INSERT INTO Schedule(Doctor_id, Day, Time) VALUES ((SELECT CURRVAL('Doctor_doctor_id_seq')), 'SUN' , '15:00' );
INSERT INTO Schedule(Doctor_id, Day, Time) VALUES ((SELECT CURRVAL('Doctor_doctor_id_seq')), 'SUN' , '18:00' );
INSERT INTO Schedule(Doctor_id, Day, Time) VALUES ((SELECT CURRVAL('Doctor_doctor_id_seq')), 'SUN' , '19:00' );
INSERT INTO Schedule(Doctor_id, Day, Time) VALUES ((SELECT CURRVAL('Doctor_doctor_id_seq')), 'SUN' , '21:00' );
INSERT INTO Schedule(Doctor_id, Day, Time) VALUES ((SELECT CURRVAL('Doctor_doctor_id_seq')), 'SUN' , '22:00' );
INSERT INTO Schedule(Doctor_id, Day, Time) VALUES ((SELECT CURRVAL('Doctor_doctor_id_seq')), 'SUN' , '23:00' );
INSERT INTO Schedule(Doctor_id, Day, Time) VALUES ((SELECT CURRVAL('Doctor_doctor_id_seq')), 'MON' , '0:00' );
INSERT INTO Schedule(Doctor_id, Day, Time) VALUES ((SELECT CURRVAL('Doctor_doctor_id_seq')), 'MON' , '1:00' );
INSERT INTO Schedule(Doctor_id, Day, Time) VALUES ((SELECT CURRVAL('Doctor_doctor_id_seq')), 'MON' , '8:00' );
INSERT INTO Schedule(Doctor_id, Day, Time) VALUES ((SELECT CURRVAL('Doctor_doctor_id_seq')), 'MON' , '15:00' );
INSERT INTO Schedule(Doctor_id, Day, Time) VALUES ((SELECT CURRVAL('Doctor_doctor_id_seq')), 'MON' , '16:00' );
INSERT INTO Schedule(Doctor_id, Day, Time) VALUES ((SELECT CURRVAL('Doctor_doctor_id_seq')), 'MON' , '18:00' );
INSERT INTO Schedule(Doctor_id, Day, Time) VALUES ((SELECT CURRVAL('Doctor_doctor_id_seq')), 'MON' , '21:00' );
INSERT INTO Schedule(Doctor_id, Day, Time) VALUES ((SELECT CURRVAL('Doctor_doctor_id_seq')), 'TUE' , '1:00' );
INSERT INTO Schedule(Doctor_id, Day, Time) VALUES ((SELECT CURRVAL('Doctor_doctor_id_seq')), 'TUE' , '4:00' );
INSERT INTO Schedule(Doctor_id, Day, Time) VALUES ((SELECT CURRVAL('Doctor_doctor_id_seq')), 'TUE' , '7:00' );
INSERT INTO Schedule(Doctor_id, Day, Time) VALUES ((SELECT CURRVAL('Doctor_doctor_id_seq')), 'TUE' , '8:00' );
INSERT INTO Schedule(Doctor_id, Day, Time) VALUES ((SELECT CURRVAL('Doctor_doctor_id_seq')), 'TUE' , '9:00' );
INSERT INTO Schedule(Doctor_id, Day, Time) VALUES ((SELECT CURRVAL('Doctor_doctor_id_seq')), 'TUE' , '10:00' );
INSERT INTO Schedule(Doctor_id, Day, Time) VALUES ((SELECT CURRVAL('Doctor_doctor_id_seq')), 'TUE' , '12:00' );
INSERT INTO Schedule(Doctor_id, Day, Time) VALUES ((SELECT CURRVAL('Doctor_doctor_id_seq')), 'TUE' , '13:00' );
INSERT INTO Schedule(Doctor_id, Day, Time) VALUES ((SELECT CURRVAL('Doctor_doctor_id_seq')), 'TUE' , '14:00' );
INSERT INTO Schedule(Doctor_id, Day, Time) VALUES ((SELECT CURRVAL('Doctor_doctor_id_seq')), 'TUE' , '18:00' );
INSERT INTO Schedule(Doctor_id, Day, Time) VALUES ((SELECT CURRVAL('Doctor_doctor_id_seq')), 'TUE' , '20:00' );
INSERT INTO Schedule(Doctor_id, Day, Time) VALUES ((SELECT CURRVAL('Doctor_doctor_id_seq')), 'TUE' , '21:00' );
INSERT INTO Schedule(Doctor_id, Day, Time) VALUES ((SELECT CURRVAL('Doctor_doctor_id_seq')), 'TUE' , '22:00' );
INSERT INTO Schedule(Doctor_id, Day, Time) VALUES ((SELECT CURRVAL('Doctor_doctor_id_seq')), 'TUE' , '23:00' );
INSERT INTO Schedule(Doctor_id, Day, Time) VALUES ((SELECT CURRVAL('Doctor_doctor_id_seq')), 'WED' , '2:00' );
INSERT INTO Schedule(Doctor_id, Day, Time) VALUES ((SELECT CURRVAL('Doctor_doctor_id_seq')), 'WED' , '9:00' );
INSERT INTO Schedule(Doctor_id, Day, Time) VALUES ((SELECT CURRVAL('Doctor_doctor_id_seq')), 'WED' , '11:00' );
INSERT INTO Schedule(Doctor_id, Day, Time) VALUES ((SELECT CURRVAL('Doctor_doctor_id_seq')), 'WED' , '12:00' );
INSERT INTO Schedule(Doctor_id, Day, Time) VALUES ((SELECT CURRVAL('Doctor_doctor_id_seq')), 'WED' , '15:00' );
INSERT INTO Schedule(Doctor_id, Day, Time) VALUES ((SELECT CURRVAL('Doctor_doctor_id_seq')), 'WED' , '17:00' );
INSERT INTO Schedule(Doctor_id, Day, Time) VALUES ((SELECT CURRVAL('Doctor_doctor_id_seq')), 'WED' , '20:00' );
INSERT INTO Schedule(Doctor_id, Day, Time) VALUES ((SELECT CURRVAL('Doctor_doctor_id_seq')), 'WED' , '22:00' );
INSERT INTO Schedule(Doctor_id, Day, Time) VALUES ((SELECT CURRVAL('Doctor_doctor_id_seq')), 'WED' , '23:00' );
INSERT INTO Schedule(Doctor_id, Day, Time) VALUES ((SELECT CURRVAL('Doctor_doctor_id_seq')), 'THU' , '0:00' );
INSERT INTO Schedule(Doctor_id, Day, Time) VALUES ((SELECT CURRVAL('Doctor_doctor_id_seq')), 'THU' , '2:00' );
INSERT INTO Schedule(Doctor_id, Day, Time) VALUES ((SELECT CURRVAL('Doctor_doctor_id_seq')), 'THU' , '4:00' );
INSERT INTO Schedule(Doctor_id, Day, Time) VALUES ((SELECT CURRVAL('Doctor_doctor_id_seq')), 'THU' , '11:00' );
INSERT INTO Schedule(Doctor_id, Day, Time) VALUES ((SELECT CURRVAL('Doctor_doctor_id_seq')), 'THU' , '15:00' );
INSERT INTO Schedule(Doctor_id, Day, Time) VALUES ((SELECT CURRVAL('Doctor_doctor_id_seq')), 'THU' , '19:00' );
INSERT INTO Schedule(Doctor_id, Day, Time) VALUES ((SELECT CURRVAL('Doctor_doctor_id_seq')), 'THU' , '22:00' );
INSERT INTO Schedule(Doctor_id, Day, Time) VALUES ((SELECT CURRVAL('Doctor_doctor_id_seq')), 'THU' , '23:00' );
INSERT INTO Schedule(Doctor_id, Day, Time) VALUES ((SELECT CURRVAL('Doctor_doctor_id_seq')), 'FRI' , '6:00' );
INSERT INTO Schedule(Doctor_id, Day, Time) VALUES ((SELECT CURRVAL('Doctor_doctor_id_seq')), 'FRI' , '9:00' );
INSERT INTO Schedule(Doctor_id, Day, Time) VALUES ((SELECT CURRVAL('Doctor_doctor_id_seq')), 'FRI' , '10:00' );
INSERT INTO Schedule(Doctor_id, Day, Time) VALUES ((SELECT CURRVAL('Doctor_doctor_id_seq')), 'FRI' , '11:00' );
INSERT INTO Schedule(Doctor_id, Day, Time) VALUES ((SELECT CURRVAL('Doctor_doctor_id_seq')), 'FRI' , '15:00' );
INSERT INTO Schedule(Doctor_id, Day, Time) VALUES ((SELECT CURRVAL('Doctor_doctor_id_seq')), 'FRI' , '17:00' );
INSERT INTO Schedule(Doctor_id, Day, Time) VALUES ((SELECT CURRVAL('Doctor_doctor_id_seq')), 'FRI' , '18:00' );
INSERT INTO Schedule(Doctor_id, Day, Time) VALUES ((SELECT CURRVAL('Doctor_doctor_id_seq')), 'FRI' , '19:00' );
INSERT INTO Schedule(Doctor_id, Day, Time) VALUES ((SELECT CURRVAL('Doctor_doctor_id_seq')), 'SAT' , '0:00' );
INSERT INTO Schedule(Doctor_id, Day, Time) VALUES ((SELECT CURRVAL('Doctor_doctor_id_seq')), 'SAT' , '1:00' );
INSERT INTO Schedule(Doctor_id, Day, Time) VALUES ((SELECT CURRVAL('Doctor_doctor_id_seq')), 'SAT' , '5:00' );
INSERT INTO Schedule(Doctor_id, Day, Time) VALUES ((SELECT CURRVAL('Doctor_doctor_id_seq')), 'SAT' , '9:00' );
INSERT INTO Schedule(Doctor_id, Day, Time) VALUES ((SELECT CURRVAL('Doctor_doctor_id_seq')), 'SAT' , '11:00' );
INSERT INTO Schedule(Doctor_id, Day, Time) VALUES ((SELECT CURRVAL('Doctor_doctor_id_seq')), 'SAT' , '13:00' );
INSERT INTO Schedule(Doctor_id, Day, Time) VALUES ((SELECT CURRVAL('Doctor_doctor_id_seq')), 'SAT' , '18:00' );
INSERT INTO Schedule(Doctor_id, Day, Time) VALUES ((SELECT CURRVAL('Doctor_doctor_id_seq')), 'SAT' , '23:00' );
INSERT INTO Account(Login, Password, Permission_level, Date_of_creation, Last_time_online) VALUES ('christopherbishop','yG6&XBplF_' , 3 , '2010-04-11 20:18:49' , '2019-11-20 12:43:04');
INSERT INTO Staff(Passport_number, Account_id, Full_name, Position) VALUES (54444348 , (SELECT CURRVAL('account_account_id_seq') ),'William Clark' , 'Nurse' );
INSERT INTO Email(Passport_number, Email) VALUES(54444348 , 'kaylahaas@garcia.org' );
INSERT INTO Medical_staff(Passport_number) VALUES (54444348);
INSERT INTO Message(Passport_number, Time_sent, Text) VALUES (54444348 , '2016-01-30 10:00:49' , 'Some spring including positive.');
INSERT INTO Receiver(Message_id, Receiver_id) VALUES ( (SELECT CURRVAL('Message_message_id_seq')) , 37311063);
INSERT INTO Account(Login, Password, Permission_level, Date_of_creation, Last_time_online) VALUES ('nicolebrooks','Z!3X42Zc_9' , 1 , '2016-01-26 01:55:29' , '2019-11-24 19:17:55');
INSERT INTO Staff(Passport_number, Account_id, Full_name, Position) VALUES (52415333 , (SELECT CURRVAL('account_account_id_seq') ),'Jason Walker' , 'Doctor' );
INSERT INTO Email(Passport_number, Email) VALUES(52415333 , 'jsanders@hotmail.com' );
INSERT INTO Email(Passport_number, Email) VALUES(52415333 , 'pacejohn@owens-scott.com' );
INSERT INTO Medical_staff(Passport_number) VALUES (52415333);
INSERT INTO Doctor(MS_id, Specialization) VALUES ((SELECT CURRVAL('medical_staff_ms_id_seq')), 'Burn/Trauma' );
INSERT INTO Schedule(Doctor_id, Day, Time) VALUES ((SELECT CURRVAL('Doctor_doctor_id_seq')), 'SUN' , '5:00' );
INSERT INTO Schedule(Doctor_id, Day, Time) VALUES ((SELECT CURRVAL('Doctor_doctor_id_seq')), 'SUN' , '9:00' );
INSERT INTO Schedule(Doctor_id, Day, Time) VALUES ((SELECT CURRVAL('Doctor_doctor_id_seq')), 'SUN' , '12:00' );
INSERT INTO Schedule(Doctor_id, Day, Time) VALUES ((SELECT CURRVAL('Doctor_doctor_id_seq')), 'SUN' , '13:00' );
INSERT INTO Schedule(Doctor_id, Day, Time) VALUES ((SELECT CURRVAL('Doctor_doctor_id_seq')), 'SUN' , '21:00' );
INSERT INTO Schedule(Doctor_id, Day, Time) VALUES ((SELECT CURRVAL('Doctor_doctor_id_seq')), 'MON' , '1:00' );
INSERT INTO Schedule(Doctor_id, Day, Time) VALUES ((SELECT CURRVAL('Doctor_doctor_id_seq')), 'MON' , '2:00' );
INSERT INTO Schedule(Doctor_id, Day, Time) VALUES ((SELECT CURRVAL('Doctor_doctor_id_seq')), 'MON' , '5:00' );
INSERT INTO Schedule(Doctor_id, Day, Time) VALUES ((SELECT CURRVAL('Doctor_doctor_id_seq')), 'MON' , '6:00' );
INSERT INTO Schedule(Doctor_id, Day, Time) VALUES ((SELECT CURRVAL('Doctor_doctor_id_seq')), 'MON' , '7:00' );
INSERT INTO Schedule(Doctor_id, Day, Time) VALUES ((SELECT CURRVAL('Doctor_doctor_id_seq')), 'MON' , '9:00' );
INSERT INTO Schedule(Doctor_id, Day, Time) VALUES ((SELECT CURRVAL('Doctor_doctor_id_seq')), 'MON' , '12:00' );
INSERT INTO Schedule(Doctor_id, Day, Time) VALUES ((SELECT CURRVAL('Doctor_doctor_id_seq')), 'MON' , '14:00' );
INSERT INTO Schedule(Doctor_id, Day, Time) VALUES ((SELECT CURRVAL('Doctor_doctor_id_seq')), 'MON' , '17:00' );
INSERT INTO Schedule(Doctor_id, Day, Time) VALUES ((SELECT CURRVAL('Doctor_doctor_id_seq')), 'MON' , '18:00' );
INSERT INTO Schedule(Doctor_id, Day, Time) VALUES ((SELECT CURRVAL('Doctor_doctor_id_seq')), 'MON' , '20:00' );
INSERT INTO Schedule(Doctor_id, Day, Time) VALUES ((SELECT CURRVAL('Doctor_doctor_id_seq')), 'MON' , '21:00' );
INSERT INTO Schedule(Doctor_id, Day, Time) VALUES ((SELECT CURRVAL('Doctor_doctor_id_seq')), 'TUE' , '2:00' );
INSERT INTO Schedule(Doctor_id, Day, Time) VALUES ((SELECT CURRVAL('Doctor_doctor_id_seq')), 'TUE' , '6:00' );
INSERT INTO Schedule(Doctor_id, Day, Time) VALUES ((SELECT CURRVAL('Doctor_doctor_id_seq')), 'TUE' , '8:00' );
INSERT INTO Schedule(Doctor_id, Day, Time) VALUES ((SELECT CURRVAL('Doctor_doctor_id_seq')), 'TUE' , '9:00' );
INSERT INTO Schedule(Doctor_id, Day, Time) VALUES ((SELECT CURRVAL('Doctor_doctor_id_seq')), 'TUE' , '10:00' );
INSERT INTO Schedule(Doctor_id, Day, Time) VALUES ((SELECT CURRVAL('Doctor_doctor_id_seq')), 'TUE' , '13:00' );
INSERT INTO Schedule(Doctor_id, Day, Time) VALUES ((SELECT CURRVAL('Doctor_doctor_id_seq')), 'TUE' , '15:00' );
INSERT INTO Schedule(Doctor_id, Day, Time) VALUES ((SELECT CURRVAL('Doctor_doctor_id_seq')), 'TUE' , '18:00' );
INSERT INTO Schedule(Doctor_id, Day, Time) VALUES ((SELECT CURRVAL('Doctor_doctor_id_seq')), 'TUE' , '23:00' );
INSERT INTO Schedule(Doctor_id, Day, Time) VALUES ((SELECT CURRVAL('Doctor_doctor_id_seq')), 'WED' , '0:00' );
INSERT INTO Schedule(Doctor_id, Day, Time) VALUES ((SELECT CURRVAL('Doctor_doctor_id_seq')), 'WED' , '6:00' );
INSERT INTO Schedule(Doctor_id, Day, Time) VALUES ((SELECT CURRVAL('Doctor_doctor_id_seq')), 'WED' , '15:00' );
INSERT INTO Schedule(Doctor_id, Day, Time) VALUES ((SELECT CURRVAL('Doctor_doctor_id_seq')), 'WED' , '16:00' );
INSERT INTO Schedule(Doctor_id, Day, Time) VALUES ((SELECT CURRVAL('Doctor_doctor_id_seq')), 'WED' , '18:00' );
INSERT INTO Schedule(Doctor_id, Day, Time) VALUES ((SELECT CURRVAL('Doctor_doctor_id_seq')), 'THU' , '0:00' );
INSERT INTO Schedule(Doctor_id, Day, Time) VALUES ((SELECT CURRVAL('Doctor_doctor_id_seq')), 'THU' , '3:00' );
INSERT INTO Schedule(Doctor_id, Day, Time) VALUES ((SELECT CURRVAL('Doctor_doctor_id_seq')), 'THU' , '6:00' );
INSERT INTO Schedule(Doctor_id, Day, Time) VALUES ((SELECT CURRVAL('Doctor_doctor_id_seq')), 'THU' , '7:00' );
INSERT INTO Schedule(Doctor_id, Day, Time) VALUES ((SELECT CURRVAL('Doctor_doctor_id_seq')), 'THU' , '8:00' );
INSERT INTO Schedule(Doctor_id, Day, Time) VALUES ((SELECT CURRVAL('Doctor_doctor_id_seq')), 'THU' , '9:00' );
INSERT INTO Schedule(Doctor_id, Day, Time) VALUES ((SELECT CURRVAL('Doctor_doctor_id_seq')), 'THU' , '14:00' );
INSERT INTO Schedule(Doctor_id, Day, Time) VALUES ((SELECT CURRVAL('Doctor_doctor_id_seq')), 'THU' , '16:00' );
INSERT INTO Schedule(Doctor_id, Day, Time) VALUES ((SELECT CURRVAL('Doctor_doctor_id_seq')), 'THU' , '21:00' );
INSERT INTO Schedule(Doctor_id, Day, Time) VALUES ((SELECT CURRVAL('Doctor_doctor_id_seq')), 'THU' , '22:00' );
INSERT INTO Schedule(Doctor_id, Day, Time) VALUES ((SELECT CURRVAL('Doctor_doctor_id_seq')), 'FRI' , '2:00' );
INSERT INTO Schedule(Doctor_id, Day, Time) VALUES ((SELECT CURRVAL('Doctor_doctor_id_seq')), 'FRI' , '5:00' );
INSERT INTO Schedule(Doctor_id, Day, Time) VALUES ((SELECT CURRVAL('Doctor_doctor_id_seq')), 'FRI' , '7:00' );
INSERT INTO Schedule(Doctor_id, Day, Time) VALUES ((SELECT CURRVAL('Doctor_doctor_id_seq')), 'FRI' , '9:00' );
INSERT INTO Schedule(Doctor_id, Day, Time) VALUES ((SELECT CURRVAL('Doctor_doctor_id_seq')), 'FRI' , '13:00' );
INSERT INTO Schedule(Doctor_id, Day, Time) VALUES ((SELECT CURRVAL('Doctor_doctor_id_seq')), 'FRI' , '20:00' );
INSERT INTO Schedule(Doctor_id, Day, Time) VALUES ((SELECT CURRVAL('Doctor_doctor_id_seq')), 'FRI' , '22:00' );
INSERT INTO Schedule(Doctor_id, Day, Time) VALUES ((SELECT CURRVAL('Doctor_doctor_id_seq')), 'FRI' , '23:00' );
INSERT INTO Schedule(Doctor_id, Day, Time) VALUES ((SELECT CURRVAL('Doctor_doctor_id_seq')), 'SAT' , '2:00' );
INSERT INTO Schedule(Doctor_id, Day, Time) VALUES ((SELECT CURRVAL('Doctor_doctor_id_seq')), 'SAT' , '3:00' );
INSERT INTO Schedule(Doctor_id, Day, Time) VALUES ((SELECT CURRVAL('Doctor_doctor_id_seq')), 'SAT' , '9:00' );
INSERT INTO Schedule(Doctor_id, Day, Time) VALUES ((SELECT CURRVAL('Doctor_doctor_id_seq')), 'SAT' , '12:00' );
INSERT INTO Schedule(Doctor_id, Day, Time) VALUES ((SELECT CURRVAL('Doctor_doctor_id_seq')), 'SAT' , '13:00' );
INSERT INTO Schedule(Doctor_id, Day, Time) VALUES ((SELECT CURRVAL('Doctor_doctor_id_seq')), 'SAT' , '16:00' );
INSERT INTO Schedule(Doctor_id, Day, Time) VALUES ((SELECT CURRVAL('Doctor_doctor_id_seq')), 'SAT' , '17:00' );
INSERT INTO Schedule(Doctor_id, Day, Time) VALUES ((SELECT CURRVAL('Doctor_doctor_id_seq')), 'SAT' , '19:00' );
INSERT INTO Account(Login, Password, Permission_level, Date_of_creation, Last_time_online) VALUES ('duranmegan','*#s1Kc0a)5' , 1 , '2018-04-16 02:54:51' , '2019-11-22 18:55:16');
INSERT INTO Staff(Passport_number, Account_id, Full_name, Position) VALUES (74281749 , (SELECT CURRVAL('account_account_id_seq') ),'Ian Ellis' , 'Doctor' );
INSERT INTO Email(Passport_number, Email) VALUES(74281749 , 'tmcdaniel@coleman.info' );
INSERT INTO Email(Passport_number, Email) VALUES(74281749 , 'robertsontiffany@gallagher.com' );
INSERT INTO Medical_staff(Passport_number) VALUES (74281749);
INSERT INTO Doctor(MS_id, Specialization) VALUES ((SELECT CURRVAL('medical_staff_ms_id_seq')), 'Endocrinology' );
INSERT INTO Schedule(Doctor_id, Day, Time) VALUES ((SELECT CURRVAL('Doctor_doctor_id_seq')), 'SUN' , '5:00' );
INSERT INTO Schedule(Doctor_id, Day, Time) VALUES ((SELECT CURRVAL('Doctor_doctor_id_seq')), 'SUN' , '10:00' );
INSERT INTO Schedule(Doctor_id, Day, Time) VALUES ((SELECT CURRVAL('Doctor_doctor_id_seq')), 'SUN' , '14:00' );
INSERT INTO Schedule(Doctor_id, Day, Time) VALUES ((SELECT CURRVAL('Doctor_doctor_id_seq')), 'SUN' , '15:00' );
INSERT INTO Schedule(Doctor_id, Day, Time) VALUES ((SELECT CURRVAL('Doctor_doctor_id_seq')), 'SUN' , '18:00' );
INSERT INTO Schedule(Doctor_id, Day, Time) VALUES ((SELECT CURRVAL('Doctor_doctor_id_seq')), 'MON' , '8:00' );
INSERT INTO Schedule(Doctor_id, Day, Time) VALUES ((SELECT CURRVAL('Doctor_doctor_id_seq')), 'MON' , '9:00' );
INSERT INTO Schedule(Doctor_id, Day, Time) VALUES ((SELECT CURRVAL('Doctor_doctor_id_seq')), 'MON' , '15:00' );
INSERT INTO Schedule(Doctor_id, Day, Time) VALUES ((SELECT CURRVAL('Doctor_doctor_id_seq')), 'MON' , '16:00' );
INSERT INTO Schedule(Doctor_id, Day, Time) VALUES ((SELECT CURRVAL('Doctor_doctor_id_seq')), 'MON' , '18:00' );
INSERT INTO Schedule(Doctor_id, Day, Time) VALUES ((SELECT CURRVAL('Doctor_doctor_id_seq')), 'MON' , '23:00' );
INSERT INTO Schedule(Doctor_id, Day, Time) VALUES ((SELECT CURRVAL('Doctor_doctor_id_seq')), 'TUE' , '1:00' );
INSERT INTO Schedule(Doctor_id, Day, Time) VALUES ((SELECT CURRVAL('Doctor_doctor_id_seq')), 'TUE' , '3:00' );
INSERT INTO Schedule(Doctor_id, Day, Time) VALUES ((SELECT CURRVAL('Doctor_doctor_id_seq')), 'TUE' , '4:00' );
INSERT INTO Schedule(Doctor_id, Day, Time) VALUES ((SELECT CURRVAL('Doctor_doctor_id_seq')), 'TUE' , '10:00' );
INSERT INTO Schedule(Doctor_id, Day, Time) VALUES ((SELECT CURRVAL('Doctor_doctor_id_seq')), 'TUE' , '11:00' );
INSERT INTO Schedule(Doctor_id, Day, Time) VALUES ((SELECT CURRVAL('Doctor_doctor_id_seq')), 'TUE' , '15:00' );
INSERT INTO Schedule(Doctor_id, Day, Time) VALUES ((SELECT CURRVAL('Doctor_doctor_id_seq')), 'TUE' , '20:00' );
INSERT INTO Schedule(Doctor_id, Day, Time) VALUES ((SELECT CURRVAL('Doctor_doctor_id_seq')), 'WED' , '7:00' );
INSERT INTO Schedule(Doctor_id, Day, Time) VALUES ((SELECT CURRVAL('Doctor_doctor_id_seq')), 'WED' , '10:00' );
INSERT INTO Schedule(Doctor_id, Day, Time) VALUES ((SELECT CURRVAL('Doctor_doctor_id_seq')), 'WED' , '16:00' );
INSERT INTO Schedule(Doctor_id, Day, Time) VALUES ((SELECT CURRVAL('Doctor_doctor_id_seq')), 'WED' , '17:00' );
INSERT INTO Schedule(Doctor_id, Day, Time) VALUES ((SELECT CURRVAL('Doctor_doctor_id_seq')), 'WED' , '20:00' );
INSERT INTO Schedule(Doctor_id, Day, Time) VALUES ((SELECT CURRVAL('Doctor_doctor_id_seq')), 'WED' , '21:00' );
INSERT INTO Schedule(Doctor_id, Day, Time) VALUES ((SELECT CURRVAL('Doctor_doctor_id_seq')), 'THU' , '0:00' );
INSERT INTO Schedule(Doctor_id, Day, Time) VALUES ((SELECT CURRVAL('Doctor_doctor_id_seq')), 'THU' , '1:00' );
INSERT INTO Schedule(Doctor_id, Day, Time) VALUES ((SELECT CURRVAL('Doctor_doctor_id_seq')), 'THU' , '7:00' );
INSERT INTO Schedule(Doctor_id, Day, Time) VALUES ((SELECT CURRVAL('Doctor_doctor_id_seq')), 'THU' , '10:00' );
INSERT INTO Schedule(Doctor_id, Day, Time) VALUES ((SELECT CURRVAL('Doctor_doctor_id_seq')), 'THU' , '13:00' );
INSERT INTO Schedule(Doctor_id, Day, Time) VALUES ((SELECT CURRVAL('Doctor_doctor_id_seq')), 'THU' , '17:00' );
INSERT INTO Schedule(Doctor_id, Day, Time) VALUES ((SELECT CURRVAL('Doctor_doctor_id_seq')), 'THU' , '18:00' );
INSERT INTO Schedule(Doctor_id, Day, Time) VALUES ((SELECT CURRVAL('Doctor_doctor_id_seq')), 'THU' , '22:00' );
INSERT INTO Schedule(Doctor_id, Day, Time) VALUES ((SELECT CURRVAL('Doctor_doctor_id_seq')), 'FRI' , '0:00' );
INSERT INTO Schedule(Doctor_id, Day, Time) VALUES ((SELECT CURRVAL('Doctor_doctor_id_seq')), 'FRI' , '7:00' );
INSERT INTO Schedule(Doctor_id, Day, Time) VALUES ((SELECT CURRVAL('Doctor_doctor_id_seq')), 'FRI' , '13:00' );
INSERT INTO Schedule(Doctor_id, Day, Time) VALUES ((SELECT CURRVAL('Doctor_doctor_id_seq')), 'FRI' , '14:00' );
INSERT INTO Schedule(Doctor_id, Day, Time) VALUES ((SELECT CURRVAL('Doctor_doctor_id_seq')), 'FRI' , '18:00' );
INSERT INTO Schedule(Doctor_id, Day, Time) VALUES ((SELECT CURRVAL('Doctor_doctor_id_seq')), 'FRI' , '22:00' );
INSERT INTO Schedule(Doctor_id, Day, Time) VALUES ((SELECT CURRVAL('Doctor_doctor_id_seq')), 'FRI' , '23:00' );
INSERT INTO Schedule(Doctor_id, Day, Time) VALUES ((SELECT CURRVAL('Doctor_doctor_id_seq')), 'SAT' , '0:00' );
INSERT INTO Schedule(Doctor_id, Day, Time) VALUES ((SELECT CURRVAL('Doctor_doctor_id_seq')), 'SAT' , '4:00' );
INSERT INTO Schedule(Doctor_id, Day, Time) VALUES ((SELECT CURRVAL('Doctor_doctor_id_seq')), 'SAT' , '5:00' );
INSERT INTO Schedule(Doctor_id, Day, Time) VALUES ((SELECT CURRVAL('Doctor_doctor_id_seq')), 'SAT' , '6:00' );
INSERT INTO Schedule(Doctor_id, Day, Time) VALUES ((SELECT CURRVAL('Doctor_doctor_id_seq')), 'SAT' , '9:00' );
INSERT INTO Schedule(Doctor_id, Day, Time) VALUES ((SELECT CURRVAL('Doctor_doctor_id_seq')), 'SAT' , '12:00' );
INSERT INTO Schedule(Doctor_id, Day, Time) VALUES ((SELECT CURRVAL('Doctor_doctor_id_seq')), 'SAT' , '13:00' );
INSERT INTO Schedule(Doctor_id, Day, Time) VALUES ((SELECT CURRVAL('Doctor_doctor_id_seq')), 'SAT' , '17:00' );
INSERT INTO Schedule(Doctor_id, Day, Time) VALUES ((SELECT CURRVAL('Doctor_doctor_id_seq')), 'SAT' , '18:00' );
INSERT INTO Message(Passport_number, Time_sent, Text) VALUES (74281749 , '2013-01-07 12:55:13' , 'Individual plant yet camera toward.');
INSERT INTO Receiver(Message_id, Receiver_id) VALUES ( (SELECT CURRVAL('Message_message_id_seq')) , 49005745);
INSERT INTO Account(Login, Password, Permission_level, Date_of_creation, Last_time_online) VALUES ('joshua54','8z6TeXb20#' , 5 , '2011-07-07 14:38:04' , '2019-11-20 20:49:27');
INSERT INTO Patient(Account_id, Full_name, Address, Date_of_birth, Passport_number, Insurance_policy_number, Credit_card_number, Age) VALUES ((SELECT CURRVAL('account_account_id_seq') ),'Sean Pearson' , '8788 Rachel Walk Suite 353 , North Derekborough, NC 63696' , '1913-06-03' , 64849805 , '59-3110410' , '5168872674053052' , '106' );
INSERT INTO Appointment(Doctor_id, Patient_id, Room, Date, Price) VALUES ( (SELECT floor(random() * ( (SELECT CURRVAL('Doctor_doctor_id_seq')) ) + 1 )) , (SELECT CURRVAL('Patient_patient_id_seq') ), 783 , '2012-07-09 04:34:09' , 126 );
INSERT INTO Appointment(Doctor_id, Patient_id, Room, Date, Price) VALUES ( (SELECT floor(random() * ( (SELECT CURRVAL('Doctor_doctor_id_seq')) ) + 1 )) , (SELECT CURRVAL('Patient_patient_id_seq') ), 839 , '2011-02-11 06:51:56' , 143 );
INSERT INTO Appointment(Doctor_id, Patient_id, Room, Date, Price) VALUES ( (SELECT floor(random() * ( (SELECT CURRVAL('Doctor_doctor_id_seq')) ) + 1 )) , (SELECT CURRVAL('Patient_patient_id_seq') ), 490 , '2013-12-10 10:26:00' , 225 );
INSERT INTO Appointment(Doctor_id, Patient_id, Room, Date, Price) VALUES ( (SELECT floor(random() * ( (SELECT CURRVAL('Doctor_doctor_id_seq')) ) + 1 )) , (SELECT CURRVAL('Patient_patient_id_seq') ), 691 , '2011-08-18 10:44:58' , 86 );
INSERT INTO Appointment(Doctor_id, Patient_id, Room, Date, Price) VALUES ( (SELECT floor(random() * ( (SELECT CURRVAL('Doctor_doctor_id_seq')) ) + 1 )) , (SELECT CURRVAL('Patient_patient_id_seq') ), 679 , '2015-03-01 04:37:13' , 873 );
INSERT INTO Medical_record(Patient_id, Creation_date, Diagnosis, Prescription) VALUES ((SELECT CURRVAL('Patient_patient_id_seq') ), '2014-11-01 16:39:06' , 'Coronary atherosclerosis' , 'Antibacterial Foam' );
INSERT INTO Notification(Patient_id, Date, Event, Sound) VALUES ((SELECT CURRVAL('Patient_patient_id_seq') ), '2018-07-22 13:29:41' , 'Subject itself significant shake member our.' , 1 );
INSERT INTO Notification(Patient_id, Date, Event, Sound) VALUES ((SELECT CURRVAL('Patient_patient_id_seq') ), '2009-12-10 02:38:52' , 'You over buy unit figure.' , 5 );
INSERT INTO Payment(Patient_id, Date, Description, Amount) VALUES ((SELECT CURRVAL('Patient_patient_id_seq') ), '2013-09-09 04:33:18' , 'Always long job food difference blue foreign.' , 778801 );
INSERT INTO Payment(Patient_id, Date, Description, Amount) VALUES ((SELECT CURRVAL('Patient_patient_id_seq') ), '2012-10-08 15:25:45' , 'Continue our think wide player.' , 2540309 );
INSERT INTO Account(Login, Password, Permission_level, Date_of_creation, Last_time_online) VALUES ('elainebell','466Oej+kE$' , 5 , '2016-10-31 07:45:54' , '2019-11-22 07:20:28');
INSERT INTO Patient(Account_id, Full_name, Address, Date_of_birth, Passport_number, Insurance_policy_number, Credit_card_number, Age) VALUES ((SELECT CURRVAL('account_account_id_seq') ),'Stephen Willis' , '69538 Burton Station Apt. 099 , Mitchelltown, ID 68513' , '1997-11-14' , 64839400 , '38-3192413' , '2235820036453599' , '22' );
INSERT INTO Appointment(Doctor_id, Patient_id, Room, Date, Price) VALUES ( (SELECT floor(random() * ( (SELECT CURRVAL('Doctor_doctor_id_seq')) ) + 1 )) , (SELECT CURRVAL('Patient_patient_id_seq') ), 518 , '2019-03-14 23:26:00' , 253 );
INSERT INTO Appointment(Doctor_id, Patient_id, Room, Date, Price) VALUES ( (SELECT floor(random() * ( (SELECT CURRVAL('Doctor_doctor_id_seq')) ) + 1 )) , (SELECT CURRVAL('Patient_patient_id_seq') ), 90 , '2012-02-06 07:33:53' , 66 );
INSERT INTO Appointment(Doctor_id, Patient_id, Room, Date, Price) VALUES ( (SELECT floor(random() * ( (SELECT CURRVAL('Doctor_doctor_id_seq')) ) + 1 )) , (SELECT CURRVAL('Patient_patient_id_seq') ), 604 , '2018-08-01 16:30:14' , 294 );
INSERT INTO Appointment(Doctor_id, Patient_id, Room, Date, Price) VALUES ( (SELECT floor(random() * ( (SELECT CURRVAL('Doctor_doctor_id_seq')) ) + 1 )) , (SELECT CURRVAL('Patient_patient_id_seq') ), 77 , '2016-11-26 10:45:11' , 205 );
INSERT INTO Appointment(Doctor_id, Patient_id, Room, Date, Price) VALUES ( (SELECT floor(random() * ( (SELECT CURRVAL('Doctor_doctor_id_seq')) ) + 1 )) , (SELECT CURRVAL('Patient_patient_id_seq') ), 878 , '2017-05-23 23:49:40' , 671 );
INSERT INTO Medical_record(Patient_id, Creation_date, Diagnosis, Prescription) VALUES ((SELECT CURRVAL('Patient_patient_id_seq') ), '2018-08-21 18:45:54' , 'General medical exam' , 'CALCAREA FLUORICA' );
INSERT INTO Notification(Patient_id, Date, Event, Sound) VALUES ((SELECT CURRVAL('Patient_patient_id_seq') ), '2013-05-18 23:05:43' , 'Answer eye put leg home try.' , 2 );
INSERT INTO Notification(Patient_id, Date, Event, Sound) VALUES ((SELECT CURRVAL('Patient_patient_id_seq') ), '2011-05-29 02:27:59' , 'Democrat people ask save.' , 3 );
INSERT INTO Payment(Patient_id, Date, Description, Amount) VALUES ((SELECT CURRVAL('Patient_patient_id_seq') ), '2010-06-15 06:55:17' , 'Everything body art throw.' , 2472086 );
INSERT INTO Payment(Patient_id, Date, Description, Amount) VALUES ((SELECT CURRVAL('Patient_patient_id_seq') ), '2017-07-11 12:32:58' , 'Above thought north cup court management brother.' , 4358018 );
INSERT INTO Account(Login, Password, Permission_level, Date_of_creation, Last_time_online) VALUES ('nelsondaniel','uLI$Tyua^9' , 5 , '2016-04-08 20:15:56' , '2019-11-23 19:05:29');
INSERT INTO Patient(Account_id, Full_name, Address, Date_of_birth, Passport_number, Insurance_policy_number, Credit_card_number, Age) VALUES ((SELECT CURRVAL('account_account_id_seq') ),'John Rivers' , '98747 Morris Drive , West Juan, ME 97332' , '2000-10-02' , 10445815 , '15-0725314' , '5328522229903023' , '19' );
INSERT INTO Appointment(Doctor_id, Patient_id, Room, Date, Price) VALUES ( (SELECT floor(random() * ( (SELECT CURRVAL('Doctor_doctor_id_seq')) ) + 1 )) , (SELECT CURRVAL('Patient_patient_id_seq') ), 689 , '2010-02-15 08:22:01' , 591 );
INSERT INTO Appointment(Doctor_id, Patient_id, Room, Date, Price) VALUES ( (SELECT floor(random() * ( (SELECT CURRVAL('Doctor_doctor_id_seq')) ) + 1 )) , (SELECT CURRVAL('Patient_patient_id_seq') ), 192 , '2014-04-13 07:04:49' , 271 );
INSERT INTO Appointment(Doctor_id, Patient_id, Room, Date, Price) VALUES ( (SELECT floor(random() * ( (SELECT CURRVAL('Doctor_doctor_id_seq')) ) + 1 )) , (SELECT CURRVAL('Patient_patient_id_seq') ), 816 , '2013-09-14 04:40:14' , 831 );
INSERT INTO Appointment(Doctor_id, Patient_id, Room, Date, Price) VALUES ( (SELECT floor(random() * ( (SELECT CURRVAL('Doctor_doctor_id_seq')) ) + 1 )) , (SELECT CURRVAL('Patient_patient_id_seq') ), 913 , '2015-10-06 09:29:50' , 230 );
INSERT INTO Appointment(Doctor_id, Patient_id, Room, Date, Price) VALUES ( (SELECT floor(random() * ( (SELECT CURRVAL('Doctor_doctor_id_seq')) ) + 1 )) , (SELECT CURRVAL('Patient_patient_id_seq') ), 155 , '2011-03-04 08:24:38' , 332 );
INSERT INTO Medical_record(Patient_id, Creation_date, Diagnosis, Prescription) VALUES ((SELECT CURRVAL('Patient_patient_id_seq') ), '2010-07-25 18:07:06' , 'Malaise and fatigue' , 'Clindamycin' );
INSERT INTO Notification(Patient_id, Date, Event, Sound) VALUES ((SELECT CURRVAL('Patient_patient_id_seq') ), '2019-05-30 18:23:56' , 'None key season later.' , 0 );
INSERT INTO Notification(Patient_id, Date, Event, Sound) VALUES ((SELECT CURRVAL('Patient_patient_id_seq') ), '2010-02-20 15:32:36' , 'Across ground president surface.' , 6 );
INSERT INTO Payment(Patient_id, Date, Description, Amount) VALUES ((SELECT CURRVAL('Patient_patient_id_seq') ), '2014-03-06 08:05:48' , 'Manager today white.' , 594480 );
INSERT INTO Payment(Patient_id, Date, Description, Amount) VALUES ((SELECT CURRVAL('Patient_patient_id_seq') ), '2015-03-19 13:08:25' , 'Over player pick share thousand.' , 5078995 );
INSERT INTO Account(Login, Password, Permission_level, Date_of_creation, Last_time_online) VALUES ('bateswilliam','69VySlOW)h' , 5 , '2013-06-18 14:54:58' , '2019-11-21 14:25:32');
INSERT INTO Patient(Account_id, Full_name, Address, Date_of_birth, Passport_number, Insurance_policy_number, Credit_card_number, Age) VALUES ((SELECT CURRVAL('account_account_id_seq') ),'William Flores' , '706 Walter Flat , Brendaport, CO 68627' , '1976-05-26' , 40349688 , '14-0315158' , '5243801894782900' , '43' );
INSERT INTO Appointment(Doctor_id, Patient_id, Room, Date, Price) VALUES ( (SELECT floor(random() * ( (SELECT CURRVAL('Doctor_doctor_id_seq')) ) + 1 )) , (SELECT CURRVAL('Patient_patient_id_seq') ), 538 , '2013-10-06 10:58:02' , 440 );
INSERT INTO Appointment(Doctor_id, Patient_id, Room, Date, Price) VALUES ( (SELECT floor(random() * ( (SELECT CURRVAL('Doctor_doctor_id_seq')) ) + 1 )) , (SELECT CURRVAL('Patient_patient_id_seq') ), 253 , '2013-08-15 17:06:48' , 261 );
INSERT INTO Appointment(Doctor_id, Patient_id, Room, Date, Price) VALUES ( (SELECT floor(random() * ( (SELECT CURRVAL('Doctor_doctor_id_seq')) ) + 1 )) , (SELECT CURRVAL('Patient_patient_id_seq') ), 468 , '2017-06-28 23:35:52' , 837 );
INSERT INTO Appointment(Doctor_id, Patient_id, Room, Date, Price) VALUES ( (SELECT floor(random() * ( (SELECT CURRVAL('Doctor_doctor_id_seq')) ) + 1 )) , (SELECT CURRVAL('Patient_patient_id_seq') ), 787 , '2019-08-30 14:53:59' , 369 );
INSERT INTO Appointment(Doctor_id, Patient_id, Room, Date, Price) VALUES ( (SELECT floor(random() * ( (SELECT CURRVAL('Doctor_doctor_id_seq')) ) + 1 )) , (SELECT CURRVAL('Patient_patient_id_seq') ), 808 , '2015-05-01 03:42:46' , 101 );
INSERT INTO Medical_record(Patient_id, Creation_date, Diagnosis, Prescription) VALUES ((SELECT CURRVAL('Patient_patient_id_seq') ), '2016-02-29 10:54:41' , 'General medical exam' , 'Quetiapine Fumarate' );
INSERT INTO Notification(Patient_id, Date, Event, Sound) VALUES ((SELECT CURRVAL('Patient_patient_id_seq') ), '2011-05-03 01:41:27' , 'Company wonder beat world.' , 0 );
INSERT INTO Notification(Patient_id, Date, Event, Sound) VALUES ((SELECT CURRVAL('Patient_patient_id_seq') ), '2018-05-24 16:31:00' , 'Serious kid road station page.' , 2 );
INSERT INTO Payment(Patient_id, Date, Description, Amount) VALUES ((SELECT CURRVAL('Patient_patient_id_seq') ), '2010-06-09 15:23:54' , 'Beyond today create difference.' , 273065 );
INSERT INTO Payment(Patient_id, Date, Description, Amount) VALUES ((SELECT CURRVAL('Patient_patient_id_seq') ), '2013-07-02 18:56:51' , 'Rate box turn scientist.' , 2619817 );
INSERT INTO Account(Login, Password, Permission_level, Date_of_creation, Last_time_online) VALUES ('jessicareilly','G$3VFWEgpE' , 5 , '2010-02-12 11:39:32' , '2019-11-22 18:13:10');
INSERT INTO Patient(Account_id, Full_name, Address, Date_of_birth, Passport_number, Insurance_policy_number, Credit_card_number, Age) VALUES ((SELECT CURRVAL('account_account_id_seq') ),'Robert Thomas' , '37529 Esparza Plaza , Lake Ericberg, OR 12208' , '1949-04-08' , 86682138 , '77-9415436' , '2254673978027764' , '70' );
INSERT INTO Appointment(Doctor_id, Patient_id, Room, Date, Price) VALUES ( (SELECT floor(random() * ( (SELECT CURRVAL('Doctor_doctor_id_seq')) ) + 1 )) , (SELECT CURRVAL('Patient_patient_id_seq') ), 217 , '2013-05-26 01:05:49' , 177 );
INSERT INTO Appointment(Doctor_id, Patient_id, Room, Date, Price) VALUES ( (SELECT floor(random() * ( (SELECT CURRVAL('Doctor_doctor_id_seq')) ) + 1 )) , (SELECT CURRVAL('Patient_patient_id_seq') ), 94 , '2017-07-03 06:28:08' , 331 );
INSERT INTO Appointment(Doctor_id, Patient_id, Room, Date, Price) VALUES ( (SELECT floor(random() * ( (SELECT CURRVAL('Doctor_doctor_id_seq')) ) + 1 )) , (SELECT CURRVAL('Patient_patient_id_seq') ), 167 , '2018-07-19 08:32:40' , 436 );
INSERT INTO Appointment(Doctor_id, Patient_id, Room, Date, Price) VALUES ( (SELECT floor(random() * ( (SELECT CURRVAL('Doctor_doctor_id_seq')) ) + 1 )) , (SELECT CURRVAL('Patient_patient_id_seq') ), 946 , '2017-03-13 14:02:17' , 925 );
INSERT INTO Appointment(Doctor_id, Patient_id, Room, Date, Price) VALUES ( (SELECT floor(random() * ( (SELECT CURRVAL('Doctor_doctor_id_seq')) ) + 1 )) , (SELECT CURRVAL('Patient_patient_id_seq') ), 605 , '2014-10-08 20:03:31' , 798 );
INSERT INTO Medical_record(Patient_id, Creation_date, Diagnosis, Prescription) VALUES ((SELECT CURRVAL('Patient_patient_id_seq') ), '2018-07-13 13:53:57' , 'Acute bronchitis' , 'Multi Sympton Cold Day Night' );
INSERT INTO Notification(Patient_id, Date, Event, Sound) VALUES ((SELECT CURRVAL('Patient_patient_id_seq') ), '2018-05-31 07:37:00' , 'Bar management drop.' , 7 );
INSERT INTO Notification(Patient_id, Date, Event, Sound) VALUES ((SELECT CURRVAL('Patient_patient_id_seq') ), '2016-11-15 19:46:22' , 'Than all job true such.' , 5 );
INSERT INTO Payment(Patient_id, Date, Description, Amount) VALUES ((SELECT CURRVAL('Patient_patient_id_seq') ), '2009-12-19 07:55:42' , 'Part gas machine end add long usually.' , 3328207 );
INSERT INTO Payment(Patient_id, Date, Description, Amount) VALUES ((SELECT CURRVAL('Patient_patient_id_seq') ), '2014-08-14 00:09:20' , 'Now off bring treatment player near these.' , 1634342 );
INSERT INTO Account(Login, Password, Permission_level, Date_of_creation, Last_time_online) VALUES ('landerson',')rDy)2Zgoj' , 5 , '2011-04-30 05:16:09' , '2019-11-21 08:38:13');
INSERT INTO Patient(Account_id, Full_name, Address, Date_of_birth, Passport_number, Insurance_policy_number, Credit_card_number, Age) VALUES ((SELECT CURRVAL('account_account_id_seq') ),'Mary Butler' , '16469 Michael Manor , Kathleenhaven, SD 43278' , '1989-03-14' , 49730180 , '39-2390805' , '2315834829489739' , '30' );
INSERT INTO Appointment(Doctor_id, Patient_id, Room, Date, Price) VALUES ( (SELECT floor(random() * ( (SELECT CURRVAL('Doctor_doctor_id_seq')) ) + 1 )) , (SELECT CURRVAL('Patient_patient_id_seq') ), 201 , '2018-10-06 01:33:00' , 238 );
INSERT INTO Appointment(Doctor_id, Patient_id, Room, Date, Price) VALUES ( (SELECT floor(random() * ( (SELECT CURRVAL('Doctor_doctor_id_seq')) ) + 1 )) , (SELECT CURRVAL('Patient_patient_id_seq') ), 894 , '2010-10-27 19:59:32' , 603 );
INSERT INTO Appointment(Doctor_id, Patient_id, Room, Date, Price) VALUES ( (SELECT floor(random() * ( (SELECT CURRVAL('Doctor_doctor_id_seq')) ) + 1 )) , (SELECT CURRVAL('Patient_patient_id_seq') ), 223 , '2012-11-06 14:52:17' , 209 );
INSERT INTO Appointment(Doctor_id, Patient_id, Room, Date, Price) VALUES ( (SELECT floor(random() * ( (SELECT CURRVAL('Doctor_doctor_id_seq')) ) + 1 )) , (SELECT CURRVAL('Patient_patient_id_seq') ), 336 , '2019-05-03 00:47:20' , 705 );
INSERT INTO Appointment(Doctor_id, Patient_id, Room, Date, Price) VALUES ( (SELECT floor(random() * ( (SELECT CURRVAL('Doctor_doctor_id_seq')) ) + 1 )) , (SELECT CURRVAL('Patient_patient_id_seq') ), 635 , '2012-03-10 07:07:35' , 79 );
INSERT INTO Medical_record(Patient_id, Creation_date, Diagnosis, Prescription) VALUES ((SELECT CURRVAL('Patient_patient_id_seq') ), '2019-08-18 05:16:11' , 'Coronary atherosclerosis' , 'Multi Sympton Cold Day Night' );
INSERT INTO Notification(Patient_id, Date, Event, Sound) VALUES ((SELECT CURRVAL('Patient_patient_id_seq') ), '2017-10-30 09:25:11' , 'Song responsibility value bag foot number leader nothing.' , 10 );
INSERT INTO Notification(Patient_id, Date, Event, Sound) VALUES ((SELECT CURRVAL('Patient_patient_id_seq') ), '2011-03-18 07:02:22' , 'Tough serve individual I.' , 8 );
INSERT INTO Payment(Patient_id, Date, Description, Amount) VALUES ((SELECT CURRVAL('Patient_patient_id_seq') ), '2010-12-16 20:38:14' , 'Lead red require commercial respond town note.' , 6483172 );
INSERT INTO Payment(Patient_id, Date, Description, Amount) VALUES ((SELECT CURRVAL('Patient_patient_id_seq') ), '2015-03-11 02:44:27' , 'Program field step whatever clear respond.' , 1827921 );
INSERT INTO Account(Login, Password, Permission_level, Date_of_creation, Last_time_online) VALUES ('icarney','@BA6IuwC9G' , 5 , '2014-01-08 03:53:55' , '2019-11-20 14:09:03');
INSERT INTO Patient(Account_id, Full_name, Address, Date_of_birth, Passport_number, Insurance_policy_number, Credit_card_number, Age) VALUES ((SELECT CURRVAL('account_account_id_seq') ),'Timothy Rodriguez' , '55649 Wendy Shoal , West Gregoryshire, OH 44596' , '1916-11-30' , 49807950 , '23-6844179' , '5428294434505451' , '102' );
INSERT INTO Appointment(Doctor_id, Patient_id, Room, Date, Price) VALUES ( (SELECT floor(random() * ( (SELECT CURRVAL('Doctor_doctor_id_seq')) ) + 1 )) , (SELECT CURRVAL('Patient_patient_id_seq') ), 520 , '2015-07-05 13:11:16' , 18 );
INSERT INTO Appointment(Doctor_id, Patient_id, Room, Date, Price) VALUES ( (SELECT floor(random() * ( (SELECT CURRVAL('Doctor_doctor_id_seq')) ) + 1 )) , (SELECT CURRVAL('Patient_patient_id_seq') ), 862 , '2012-05-22 14:38:32' , 722 );
INSERT INTO Appointment(Doctor_id, Patient_id, Room, Date, Price) VALUES ( (SELECT floor(random() * ( (SELECT CURRVAL('Doctor_doctor_id_seq')) ) + 1 )) , (SELECT CURRVAL('Patient_patient_id_seq') ), 694 , '2016-11-14 18:37:41' , 315 );
INSERT INTO Appointment(Doctor_id, Patient_id, Room, Date, Price) VALUES ( (SELECT floor(random() * ( (SELECT CURRVAL('Doctor_doctor_id_seq')) ) + 1 )) , (SELECT CURRVAL('Patient_patient_id_seq') ), 554 , '2011-07-24 21:34:23' , 186 );
INSERT INTO Appointment(Doctor_id, Patient_id, Room, Date, Price) VALUES ( (SELECT floor(random() * ( (SELECT CURRVAL('Doctor_doctor_id_seq')) ) + 1 )) , (SELECT CURRVAL('Patient_patient_id_seq') ), 456 , '2016-04-02 15:11:38' , 536 );
INSERT INTO Medical_record(Patient_id, Creation_date, Diagnosis, Prescription) VALUES ((SELECT CURRVAL('Patient_patient_id_seq') ), '2012-08-21 08:06:12' , 'Acute bronchitis' , 'Clonidine Hydrochloride' );
INSERT INTO Notification(Patient_id, Date, Event, Sound) VALUES ((SELECT CURRVAL('Patient_patient_id_seq') ), '2010-03-20 21:38:15' , 'Ago early protect.' , 2 );
INSERT INTO Notification(Patient_id, Date, Event, Sound) VALUES ((SELECT CURRVAL('Patient_patient_id_seq') ), '2015-12-03 19:21:56' , 'Dog start focus claim yard popular old.' , 6 );
INSERT INTO Payment(Patient_id, Date, Description, Amount) VALUES ((SELECT CURRVAL('Patient_patient_id_seq') ), '2016-01-02 04:17:27' , 'Simply social best build field cause.' , 3313165 );
INSERT INTO Payment(Patient_id, Date, Description, Amount) VALUES ((SELECT CURRVAL('Patient_patient_id_seq') ), '2015-03-27 02:46:08' , 'Table ahead determine major direction red.' , 7009894 );
INSERT INTO Account(Login, Password, Permission_level, Date_of_creation, Last_time_online) VALUES ('jfernandez','@70+X&GcdI' , 5 , '2014-08-25 07:37:56' , '2019-11-21 10:09:25');
INSERT INTO Patient(Account_id, Full_name, Address, Date_of_birth, Passport_number, Insurance_policy_number, Credit_card_number, Age) VALUES ((SELECT CURRVAL('account_account_id_seq') ),'Kimberly Daniel' , '68534 Melendez Forks Apt. 582 , New Brian, ME 87223' , '1968-10-08' , 95196718 , '63-5158913' , '2715463347825632' , '51' );
INSERT INTO Appointment(Doctor_id, Patient_id, Room, Date, Price) VALUES ( (SELECT floor(random() * ( (SELECT CURRVAL('Doctor_doctor_id_seq')) ) + 1 )) , (SELECT CURRVAL('Patient_patient_id_seq') ), 152 , '2011-09-20 09:35:21' , 712 );
INSERT INTO Appointment(Doctor_id, Patient_id, Room, Date, Price) VALUES ( (SELECT floor(random() * ( (SELECT CURRVAL('Doctor_doctor_id_seq')) ) + 1 )) , (SELECT CURRVAL('Patient_patient_id_seq') ), 514 , '2018-08-03 15:40:16' , 275 );
INSERT INTO Appointment(Doctor_id, Patient_id, Room, Date, Price) VALUES ( (SELECT floor(random() * ( (SELECT CURRVAL('Doctor_doctor_id_seq')) ) + 1 )) , (SELECT CURRVAL('Patient_patient_id_seq') ), 733 , '2013-04-13 23:18:39' , 178 );
INSERT INTO Appointment(Doctor_id, Patient_id, Room, Date, Price) VALUES ( (SELECT floor(random() * ( (SELECT CURRVAL('Doctor_doctor_id_seq')) ) + 1 )) , (SELECT CURRVAL('Patient_patient_id_seq') ), 620 , '2017-12-18 22:56:21' , 86 );
INSERT INTO Appointment(Doctor_id, Patient_id, Room, Date, Price) VALUES ( (SELECT floor(random() * ( (SELECT CURRVAL('Doctor_doctor_id_seq')) ) + 1 )) , (SELECT CURRVAL('Patient_patient_id_seq') ), 439 , '2019-10-16 01:03:07' , 606 );
INSERT INTO Medical_record(Patient_id, Creation_date, Diagnosis, Prescription) VALUES ((SELECT CURRVAL('Patient_patient_id_seq') ), '2014-04-18 09:27:39' , 'Hypertension' , 'Lithium Carbonate' );
INSERT INTO Notification(Patient_id, Date, Event, Sound) VALUES ((SELECT CURRVAL('Patient_patient_id_seq') ), '2018-02-03 03:01:40' , 'Minute on you lot open continue may.' , 7 );
INSERT INTO Notification(Patient_id, Date, Event, Sound) VALUES ((SELECT CURRVAL('Patient_patient_id_seq') ), '2013-08-16 07:33:24' , 'Week top half real challenge.' , 2 );
INSERT INTO Payment(Patient_id, Date, Description, Amount) VALUES ((SELECT CURRVAL('Patient_patient_id_seq') ), '2016-01-04 22:08:28' , 'Nature issue prove else anything present tough.' , 2976887 );
INSERT INTO Payment(Patient_id, Date, Description, Amount) VALUES ((SELECT CURRVAL('Patient_patient_id_seq') ), '2012-08-11 14:41:05' , 'Job whole accept international push.' , 6169444 );
INSERT INTO Account(Login, Password, Permission_level, Date_of_creation, Last_time_online) VALUES ('tanner28','M*ZdB2OoOm' , 5 , '2018-09-29 18:05:53' , '2019-11-22 01:18:39');
INSERT INTO Patient(Account_id, Full_name, Address, Date_of_birth, Passport_number, Insurance_policy_number, Credit_card_number, Age) VALUES ((SELECT CURRVAL('account_account_id_seq') ),'Anthony Cooper' , '53010 Wanda Crossroad , North Cesar, CT 45052' , '1988-03-22' , 47926110 , '14-7298563' , '2236438847787557' , '31' );
INSERT INTO Appointment(Doctor_id, Patient_id, Room, Date, Price) VALUES ( (SELECT floor(random() * ( (SELECT CURRVAL('Doctor_doctor_id_seq')) ) + 1 )) , (SELECT CURRVAL('Patient_patient_id_seq') ), 634 , '2019-05-17 03:56:04' , 864 );
INSERT INTO Appointment(Doctor_id, Patient_id, Room, Date, Price) VALUES ( (SELECT floor(random() * ( (SELECT CURRVAL('Doctor_doctor_id_seq')) ) + 1 )) , (SELECT CURRVAL('Patient_patient_id_seq') ), 44 , '2016-10-20 21:33:59' , 540 );
INSERT INTO Appointment(Doctor_id, Patient_id, Room, Date, Price) VALUES ( (SELECT floor(random() * ( (SELECT CURRVAL('Doctor_doctor_id_seq')) ) + 1 )) , (SELECT CURRVAL('Patient_patient_id_seq') ), 928 , '2015-12-24 08:06:38' , 857 );
INSERT INTO Appointment(Doctor_id, Patient_id, Room, Date, Price) VALUES ( (SELECT floor(random() * ( (SELECT CURRVAL('Doctor_doctor_id_seq')) ) + 1 )) , (SELECT CURRVAL('Patient_patient_id_seq') ), 9 , '2016-06-04 05:07:48' , 773 );
INSERT INTO Appointment(Doctor_id, Patient_id, Room, Date, Price) VALUES ( (SELECT floor(random() * ( (SELECT CURRVAL('Doctor_doctor_id_seq')) ) + 1 )) , (SELECT CURRVAL('Patient_patient_id_seq') ), 68 , '2015-05-21 08:32:29' , 616 );
INSERT INTO Medical_record(Patient_id, Creation_date, Diagnosis, Prescription) VALUES ((SELECT CURRVAL('Patient_patient_id_seq') ), '2011-07-22 06:23:43' , 'Diabetes' , 'Cold Sore Complex' );
INSERT INTO Notification(Patient_id, Date, Event, Sound) VALUES ((SELECT CURRVAL('Patient_patient_id_seq') ), '2018-06-30 06:00:02' , 'Challenge American moment available.' , 8 );
INSERT INTO Notification(Patient_id, Date, Event, Sound) VALUES ((SELECT CURRVAL('Patient_patient_id_seq') ), '2015-08-05 16:06:58' , 'Late edge left.' , 2 );
INSERT INTO Payment(Patient_id, Date, Description, Amount) VALUES ((SELECT CURRVAL('Patient_patient_id_seq') ), '2012-12-23 03:08:48' , 'Avoid organization four owner current.' , 8482076 );
INSERT INTO Payment(Patient_id, Date, Description, Amount) VALUES ((SELECT CURRVAL('Patient_patient_id_seq') ), '2017-12-27 08:34:44' , 'Movie social majority back.' , 3141232 );
INSERT INTO Account(Login, Password, Permission_level, Date_of_creation, Last_time_online) VALUES ('elizabeth05','I4Hbv_6F!E' , 5 , '2013-03-14 18:04:58' , '2019-11-24 23:30:10');
INSERT INTO Patient(Account_id, Full_name, Address, Date_of_birth, Passport_number, Insurance_policy_number, Credit_card_number, Age) VALUES ((SELECT CURRVAL('account_account_id_seq') ),'Sheila Diaz' , '14479 Weaver Well , New David, NM 78229' , '1954-10-15' , 25132687 , '04-8965639' , '2271354532154985' , '65' );
INSERT INTO Appointment(Doctor_id, Patient_id, Room, Date, Price) VALUES ( (SELECT floor(random() * ( (SELECT CURRVAL('Doctor_doctor_id_seq')) ) + 1 )) , (SELECT CURRVAL('Patient_patient_id_seq') ), 925 , '2014-11-21 23:21:12' , 556 );
INSERT INTO Appointment(Doctor_id, Patient_id, Room, Date, Price) VALUES ( (SELECT floor(random() * ( (SELECT CURRVAL('Doctor_doctor_id_seq')) ) + 1 )) , (SELECT CURRVAL('Patient_patient_id_seq') ), 283 , '2018-09-12 00:15:55' , 611 );
INSERT INTO Appointment(Doctor_id, Patient_id, Room, Date, Price) VALUES ( (SELECT floor(random() * ( (SELECT CURRVAL('Doctor_doctor_id_seq')) ) + 1 )) , (SELECT CURRVAL('Patient_patient_id_seq') ), 658 , '2018-03-31 08:37:47' , 825 );
INSERT INTO Appointment(Doctor_id, Patient_id, Room, Date, Price) VALUES ( (SELECT floor(random() * ( (SELECT CURRVAL('Doctor_doctor_id_seq')) ) + 1 )) , (SELECT CURRVAL('Patient_patient_id_seq') ), 777 , '2019-03-12 22:11:13' , 110 );
INSERT INTO Appointment(Doctor_id, Patient_id, Room, Date, Price) VALUES ( (SELECT floor(random() * ( (SELECT CURRVAL('Doctor_doctor_id_seq')) ) + 1 )) , (SELECT CURRVAL('Patient_patient_id_seq') ), 916 , '2018-03-04 07:55:37' , 353 );
INSERT INTO Medical_record(Patient_id, Creation_date, Diagnosis, Prescription) VALUES ((SELECT CURRVAL('Patient_patient_id_seq') ), '2018-12-31 17:41:08' , 'Fibromyalgia / myositis' , 'Cotton Seed' );
INSERT INTO Notification(Patient_id, Date, Event, Sound) VALUES ((SELECT CURRVAL('Patient_patient_id_seq') ), '2014-06-22 12:37:07' , 'Others force tonight.' , 5 );
INSERT INTO Notification(Patient_id, Date, Event, Sound) VALUES ((SELECT CURRVAL('Patient_patient_id_seq') ), '2012-09-15 17:57:44' , 'Concern way consumer respond.' , 5 );
INSERT INTO Payment(Patient_id, Date, Description, Amount) VALUES ((SELECT CURRVAL('Patient_patient_id_seq') ), '2014-10-27 18:17:33' , 'Arrive amount investment together skill set fact.' , 5833135 );
INSERT INTO Payment(Patient_id, Date, Description, Amount) VALUES ((SELECT CURRVAL('Patient_patient_id_seq') ), '2014-08-20 21:18:57' , 'Mention partner control structure another.' , 7260112 );
INSERT INTO Account(Login, Password, Permission_level, Date_of_creation, Last_time_online) VALUES ('cheryl80','$32y7Y_UYh' , 5 , '2012-11-10 14:19:11' , '2019-11-20 10:42:49');
INSERT INTO Patient(Account_id, Full_name, Address, Date_of_birth, Passport_number, Insurance_policy_number, Credit_card_number, Age) VALUES ((SELECT CURRVAL('account_account_id_seq') ),'Meghan Reynolds' , '348 Ashley Track Apt. 039 , Jonesview, WV 28038' , '1932-10-24' , 76498084 , '16-8505649' , '5134203331644102' , '87' );
INSERT INTO Appointment(Doctor_id, Patient_id, Room, Date, Price) VALUES ( (SELECT floor(random() * ( (SELECT CURRVAL('Doctor_doctor_id_seq')) ) + 1 )) , (SELECT CURRVAL('Patient_patient_id_seq') ), 572 , '2019-06-14 14:54:40' , 346 );
INSERT INTO Appointment(Doctor_id, Patient_id, Room, Date, Price) VALUES ( (SELECT floor(random() * ( (SELECT CURRVAL('Doctor_doctor_id_seq')) ) + 1 )) , (SELECT CURRVAL('Patient_patient_id_seq') ), 131 , '2011-02-07 16:01:16' , 645 );
INSERT INTO Appointment(Doctor_id, Patient_id, Room, Date, Price) VALUES ( (SELECT floor(random() * ( (SELECT CURRVAL('Doctor_doctor_id_seq')) ) + 1 )) , (SELECT CURRVAL('Patient_patient_id_seq') ), 859 , '2019-11-19 11:21:03' , 197 );
INSERT INTO Appointment(Doctor_id, Patient_id, Room, Date, Price) VALUES ( (SELECT floor(random() * ( (SELECT CURRVAL('Doctor_doctor_id_seq')) ) + 1 )) , (SELECT CURRVAL('Patient_patient_id_seq') ), 618 , '2011-06-10 19:27:31' , 197 );
INSERT INTO Appointment(Doctor_id, Patient_id, Room, Date, Price) VALUES ( (SELECT floor(random() * ( (SELECT CURRVAL('Doctor_doctor_id_seq')) ) + 1 )) , (SELECT CURRVAL('Patient_patient_id_seq') ), 670 , '2014-10-12 13:35:14' , 402 );
INSERT INTO Medical_record(Patient_id, Creation_date, Diagnosis, Prescription) VALUES ((SELECT CURRVAL('Patient_patient_id_seq') ), '2013-12-25 01:49:41' , 'Back pain' , 'Doxycycline Monohydrate' );
INSERT INTO Notification(Patient_id, Date, Event, Sound) VALUES ((SELECT CURRVAL('Patient_patient_id_seq') ), '2015-03-01 05:23:25' , 'Clearly deal left about once now.' , 6 );
INSERT INTO Notification(Patient_id, Date, Event, Sound) VALUES ((SELECT CURRVAL('Patient_patient_id_seq') ), '2013-08-03 22:09:44' , 'With set rest.' , 2 );
INSERT INTO Payment(Patient_id, Date, Description, Amount) VALUES ((SELECT CURRVAL('Patient_patient_id_seq') ), '2018-01-11 15:36:37' , 'Me address painting forget control where.' , 2679561 );
INSERT INTO Payment(Patient_id, Date, Description, Amount) VALUES ((SELECT CURRVAL('Patient_patient_id_seq') ), '2015-12-01 07:35:03' , 'Protect identify politics already technology ago already.' , 2146363 );
INSERT INTO Account(Login, Password, Permission_level, Date_of_creation, Last_time_online) VALUES ('cthomas','+g8UbFm9^5' , 5 , '2010-10-07 00:36:11' , '2019-11-18 07:40:47');
INSERT INTO Patient(Account_id, Full_name, Address, Date_of_birth, Passport_number, Insurance_policy_number, Credit_card_number, Age) VALUES ((SELECT CURRVAL('account_account_id_seq') ),'Justin Mosley' , '6759 Ashley Dam , Dunlapland, TN 21094' , '1904-08-30' , 23233850 , '50-5692380' , '5555362247410048' , '115' );
INSERT INTO Appointment(Doctor_id, Patient_id, Room, Date, Price) VALUES ( (SELECT floor(random() * ( (SELECT CURRVAL('Doctor_doctor_id_seq')) ) + 1 )) , (SELECT CURRVAL('Patient_patient_id_seq') ), 148 , '2019-11-12 21:26:57' , 486 );
INSERT INTO Appointment(Doctor_id, Patient_id, Room, Date, Price) VALUES ( (SELECT floor(random() * ( (SELECT CURRVAL('Doctor_doctor_id_seq')) ) + 1 )) , (SELECT CURRVAL('Patient_patient_id_seq') ), 877 , '2015-03-17 23:52:48' , 501 );
INSERT INTO Appointment(Doctor_id, Patient_id, Room, Date, Price) VALUES ( (SELECT floor(random() * ( (SELECT CURRVAL('Doctor_doctor_id_seq')) ) + 1 )) , (SELECT CURRVAL('Patient_patient_id_seq') ), 178 , '2010-07-27 19:55:03' , 953 );
INSERT INTO Appointment(Doctor_id, Patient_id, Room, Date, Price) VALUES ( (SELECT floor(random() * ( (SELECT CURRVAL('Doctor_doctor_id_seq')) ) + 1 )) , (SELECT CURRVAL('Patient_patient_id_seq') ), 678 , '2009-12-27 18:05:25' , 258 );
INSERT INTO Appointment(Doctor_id, Patient_id, Room, Date, Price) VALUES ( (SELECT floor(random() * ( (SELECT CURRVAL('Doctor_doctor_id_seq')) ) + 1 )) , (SELECT CURRVAL('Patient_patient_id_seq') ), 275 , '2010-02-14 17:13:11' , 683 );
INSERT INTO Medical_record(Patient_id, Creation_date, Diagnosis, Prescription) VALUES ((SELECT CURRVAL('Patient_patient_id_seq') ), '2011-03-09 18:13:05' , 'Major depressive disorder' , 'Quetiapine Fumarate' );
INSERT INTO Notification(Patient_id, Date, Event, Sound) VALUES ((SELECT CURRVAL('Patient_patient_id_seq') ), '2014-07-02 23:44:56' , 'White painting near house pull have light.' , 6 );
INSERT INTO Notification(Patient_id, Date, Event, Sound) VALUES ((SELECT CURRVAL('Patient_patient_id_seq') ), '2012-01-07 19:42:34' , 'That money lose no respond consumer risk.' , 8 );
INSERT INTO Payment(Patient_id, Date, Description, Amount) VALUES ((SELECT CURRVAL('Patient_patient_id_seq') ), '2016-05-09 20:40:07' , 'Society theory simply husband.' , 12610 );
INSERT INTO Payment(Patient_id, Date, Description, Amount) VALUES ((SELECT CURRVAL('Patient_patient_id_seq') ), '2017-11-20 01:48:23' , 'Let create point back author approach.' , 6001962 );
INSERT INTO Account(Login, Password, Permission_level, Date_of_creation, Last_time_online) VALUES ('fletcherhannah','n7rfMFa2^K' , 5 , '2016-10-26 23:02:33' , '2019-11-23 15:39:35');
INSERT INTO Patient(Account_id, Full_name, Address, Date_of_birth, Passport_number, Insurance_policy_number, Credit_card_number, Age) VALUES ((SELECT CURRVAL('account_account_id_seq') ),'Linda Murphy' , '3665 Ellison Trafficway , Basschester, WI 24769' , '2013-11-05' , 79590563 , '46-7521789' , '2645842668103338' , '6' );
INSERT INTO Appointment(Doctor_id, Patient_id, Room, Date, Price) VALUES ( (SELECT floor(random() * ( (SELECT CURRVAL('Doctor_doctor_id_seq')) ) + 1 )) , (SELECT CURRVAL('Patient_patient_id_seq') ), 285 , '2019-07-08 15:06:46' , 604 );
INSERT INTO Appointment(Doctor_id, Patient_id, Room, Date, Price) VALUES ( (SELECT floor(random() * ( (SELECT CURRVAL('Doctor_doctor_id_seq')) ) + 1 )) , (SELECT CURRVAL('Patient_patient_id_seq') ), 822 , '2017-04-14 11:14:41' , 526 );
INSERT INTO Appointment(Doctor_id, Patient_id, Room, Date, Price) VALUES ( (SELECT floor(random() * ( (SELECT CURRVAL('Doctor_doctor_id_seq')) ) + 1 )) , (SELECT CURRVAL('Patient_patient_id_seq') ), 220 , '2014-01-24 22:36:10' , 800 );
INSERT INTO Appointment(Doctor_id, Patient_id, Room, Date, Price) VALUES ( (SELECT floor(random() * ( (SELECT CURRVAL('Doctor_doctor_id_seq')) ) + 1 )) , (SELECT CURRVAL('Patient_patient_id_seq') ), 603 , '2013-01-11 19:00:38' , 971 );
INSERT INTO Appointment(Doctor_id, Patient_id, Room, Date, Price) VALUES ( (SELECT floor(random() * ( (SELECT CURRVAL('Doctor_doctor_id_seq')) ) + 1 )) , (SELECT CURRVAL('Patient_patient_id_seq') ), 755 , '2016-06-26 12:11:07' , 847 );
INSERT INTO Medical_record(Patient_id, Creation_date, Diagnosis, Prescription) VALUES ((SELECT CURRVAL('Patient_patient_id_seq') ), '2013-03-15 14:16:05' , 'Acute laryngopharyngitis' , 'Multi Sympton Cold Day Night' );
INSERT INTO Notification(Patient_id, Date, Event, Sound) VALUES ((SELECT CURRVAL('Patient_patient_id_seq') ), '2014-11-27 17:35:54' , 'Unit until the ever election.' , 6 );
INSERT INTO Notification(Patient_id, Date, Event, Sound) VALUES ((SELECT CURRVAL('Patient_patient_id_seq') ), '2017-09-22 07:51:46' , 'Tough final two near those medical development.' , 10 );
INSERT INTO Payment(Patient_id, Date, Description, Amount) VALUES ((SELECT CURRVAL('Patient_patient_id_seq') ), '2016-08-06 16:58:15' , 'Provide at north citizen training.' , 8837492 );
INSERT INTO Payment(Patient_id, Date, Description, Amount) VALUES ((SELECT CURRVAL('Patient_patient_id_seq') ), '2017-11-04 16:26:43' , 'Street better leader.' , 1469072 );
INSERT INTO Account(Login, Password, Permission_level, Date_of_creation, Last_time_online) VALUES ('contrerasalicia','ID35Ocgg9*' , 5 , '2016-12-21 23:09:23' , '2019-11-21 23:42:47');
INSERT INTO Patient(Account_id, Full_name, Address, Date_of_birth, Passport_number, Insurance_policy_number, Credit_card_number, Age) VALUES ((SELECT CURRVAL('account_account_id_seq') ),'Tammy Johnson' , '791 Henry Alley Apt. 863 , North James, IN 72609' , '1990-01-07' , 77472854 , '82-7175085' , '5298317896507413' , '29' );
INSERT INTO Appointment(Doctor_id, Patient_id, Room, Date, Price) VALUES ( (SELECT floor(random() * ( (SELECT CURRVAL('Doctor_doctor_id_seq')) ) + 1 )) , (SELECT CURRVAL('Patient_patient_id_seq') ), 282 , '2019-11-10 07:47:24' , 386 );
INSERT INTO Appointment(Doctor_id, Patient_id, Room, Date, Price) VALUES ( (SELECT floor(random() * ( (SELECT CURRVAL('Doctor_doctor_id_seq')) ) + 1 )) , (SELECT CURRVAL('Patient_patient_id_seq') ), 268 , '2014-05-18 01:26:17' , 352 );
INSERT INTO Appointment(Doctor_id, Patient_id, Room, Date, Price) VALUES ( (SELECT floor(random() * ( (SELECT CURRVAL('Doctor_doctor_id_seq')) ) + 1 )) , (SELECT CURRVAL('Patient_patient_id_seq') ), 515 , '2018-06-25 02:11:22' , 131 );
INSERT INTO Appointment(Doctor_id, Patient_id, Room, Date, Price) VALUES ( (SELECT floor(random() * ( (SELECT CURRVAL('Doctor_doctor_id_seq')) ) + 1 )) , (SELECT CURRVAL('Patient_patient_id_seq') ), 317 , '2018-07-16 15:55:51' , 545 );
INSERT INTO Appointment(Doctor_id, Patient_id, Room, Date, Price) VALUES ( (SELECT floor(random() * ( (SELECT CURRVAL('Doctor_doctor_id_seq')) ) + 1 )) , (SELECT CURRVAL('Patient_patient_id_seq') ), 367 , '2015-06-30 02:50:51' , 77 );
INSERT INTO Medical_record(Patient_id, Creation_date, Diagnosis, Prescription) VALUES ((SELECT CURRVAL('Patient_patient_id_seq') ), '2015-03-13 14:53:02' , 'Allergic rhinitis' , 'OVACE' );
INSERT INTO Notification(Patient_id, Date, Event, Sound) VALUES ((SELECT CURRVAL('Patient_patient_id_seq') ), '2015-01-17 17:48:24' , 'Sea say general could program ten address.' , 7 );
INSERT INTO Notification(Patient_id, Date, Event, Sound) VALUES ((SELECT CURRVAL('Patient_patient_id_seq') ), '2017-02-20 08:24:52' , 'Protect training their open current enough much.' , 3 );
INSERT INTO Payment(Patient_id, Date, Description, Amount) VALUES ((SELECT CURRVAL('Patient_patient_id_seq') ), '2010-01-20 10:09:31' , 'Me deep really community staff say do matter.' , 8472092 );
INSERT INTO Payment(Patient_id, Date, Description, Amount) VALUES ((SELECT CURRVAL('Patient_patient_id_seq') ), '2012-06-11 17:00:15' , 'Reality according science parent other.' , 2840155 );
INSERT INTO Account(Login, Password, Permission_level, Date_of_creation, Last_time_online) VALUES ('garymitchell','o@3h9kVm^e' , 5 , '2017-04-13 13:19:29' , '2019-11-20 03:01:24');
INSERT INTO Patient(Account_id, Full_name, Address, Date_of_birth, Passport_number, Insurance_policy_number, Credit_card_number, Age) VALUES ((SELECT CURRVAL('account_account_id_seq') ),'Richard Daniel' , '0042 Lyons Rest , Justinstad, TX 14027' , '1990-04-28' , 84905680 , '14-5987309' , '2226223065281711' , '29' );
INSERT INTO Appointment(Doctor_id, Patient_id, Room, Date, Price) VALUES ( (SELECT floor(random() * ( (SELECT CURRVAL('Doctor_doctor_id_seq')) ) + 1 )) , (SELECT CURRVAL('Patient_patient_id_seq') ), 68 , '2017-02-04 02:23:20' , 411 );
INSERT INTO Appointment(Doctor_id, Patient_id, Room, Date, Price) VALUES ( (SELECT floor(random() * ( (SELECT CURRVAL('Doctor_doctor_id_seq')) ) + 1 )) , (SELECT CURRVAL('Patient_patient_id_seq') ), 426 , '2019-01-30 03:21:01' , 638 );
INSERT INTO Appointment(Doctor_id, Patient_id, Room, Date, Price) VALUES ( (SELECT floor(random() * ( (SELECT CURRVAL('Doctor_doctor_id_seq')) ) + 1 )) , (SELECT CURRVAL('Patient_patient_id_seq') ), 366 , '2013-07-14 20:49:03' , 231 );
INSERT INTO Appointment(Doctor_id, Patient_id, Room, Date, Price) VALUES ( (SELECT floor(random() * ( (SELECT CURRVAL('Doctor_doctor_id_seq')) ) + 1 )) , (SELECT CURRVAL('Patient_patient_id_seq') ), 517 , '2013-04-28 19:51:44' , 605 );
INSERT INTO Appointment(Doctor_id, Patient_id, Room, Date, Price) VALUES ( (SELECT floor(random() * ( (SELECT CURRVAL('Doctor_doctor_id_seq')) ) + 1 )) , (SELECT CURRVAL('Patient_patient_id_seq') ), 683 , '2016-05-19 20:57:20' , 830 );
INSERT INTO Medical_record(Patient_id, Creation_date, Diagnosis, Prescription) VALUES ((SELECT CURRVAL('Patient_patient_id_seq') ), '2011-08-04 18:09:44' , 'Reflux esophagitis' , 'Clonidine Hydrochloride' );
INSERT INTO Notification(Patient_id, Date, Event, Sound) VALUES ((SELECT CURRVAL('Patient_patient_id_seq') ), '2016-12-28 14:06:04' , 'Our both term end place product home.' , 2 );
INSERT INTO Notification(Patient_id, Date, Event, Sound) VALUES ((SELECT CURRVAL('Patient_patient_id_seq') ), '2016-05-15 04:40:23' , 'Per my individual.' , 8 );
INSERT INTO Payment(Patient_id, Date, Description, Amount) VALUES ((SELECT CURRVAL('Patient_patient_id_seq') ), '2018-10-01 13:38:48' , 'Nor treat paper brother only opportunity always.' , 9635378 );
INSERT INTO Payment(Patient_id, Date, Description, Amount) VALUES ((SELECT CURRVAL('Patient_patient_id_seq') ), '2011-01-14 21:13:12' , 'Alone PM hold what my front.' , 1862075 );
INSERT INTO Account(Login, Password, Permission_level, Date_of_creation, Last_time_online) VALUES ('holly88','s#2TMF*N!j' , 5 , '2011-03-10 16:38:02' , '2019-11-21 14:09:39');
INSERT INTO Patient(Account_id, Full_name, Address, Date_of_birth, Passport_number, Insurance_policy_number, Credit_card_number, Age) VALUES ((SELECT CURRVAL('account_account_id_seq') ),'Nicole Patterson' , '26407 Smith Crest , Millerfurt, MD 87636' , '1952-10-24' , 77953896 , '61-0630113' , '2256905151767867' , '67' );
INSERT INTO Appointment(Doctor_id, Patient_id, Room, Date, Price) VALUES ( (SELECT floor(random() * ( (SELECT CURRVAL('Doctor_doctor_id_seq')) ) + 1 )) , (SELECT CURRVAL('Patient_patient_id_seq') ), 808 , '2015-08-04 05:26:56' , 811 );
INSERT INTO Appointment(Doctor_id, Patient_id, Room, Date, Price) VALUES ( (SELECT floor(random() * ( (SELECT CURRVAL('Doctor_doctor_id_seq')) ) + 1 )) , (SELECT CURRVAL('Patient_patient_id_seq') ), 220 , '2017-03-18 19:52:51' , 942 );
INSERT INTO Appointment(Doctor_id, Patient_id, Room, Date, Price) VALUES ( (SELECT floor(random() * ( (SELECT CURRVAL('Doctor_doctor_id_seq')) ) + 1 )) , (SELECT CURRVAL('Patient_patient_id_seq') ), 753 , '2013-06-20 22:15:11' , 171 );
INSERT INTO Appointment(Doctor_id, Patient_id, Room, Date, Price) VALUES ( (SELECT floor(random() * ( (SELECT CURRVAL('Doctor_doctor_id_seq')) ) + 1 )) , (SELECT CURRVAL('Patient_patient_id_seq') ), 302 , '2011-11-14 04:27:11' , 850 );
INSERT INTO Appointment(Doctor_id, Patient_id, Room, Date, Price) VALUES ( (SELECT floor(random() * ( (SELECT CURRVAL('Doctor_doctor_id_seq')) ) + 1 )) , (SELECT CURRVAL('Patient_patient_id_seq') ), 338 , '2019-09-10 20:17:31' , 86 );
INSERT INTO Medical_record(Patient_id, Creation_date, Diagnosis, Prescription) VALUES ((SELECT CURRVAL('Patient_patient_id_seq') ), '2019-01-29 08:11:16' , 'Acute laryngopharyngitis' , 'Clonidine Hydrochloride' );
INSERT INTO Notification(Patient_id, Date, Event, Sound) VALUES ((SELECT CURRVAL('Patient_patient_id_seq') ), '2015-01-13 10:23:35' , 'Happy old career sure project dark card wish.' , 10 );
INSERT INTO Notification(Patient_id, Date, Event, Sound) VALUES ((SELECT CURRVAL('Patient_patient_id_seq') ), '2015-08-16 19:45:20' , 'Truth other choose anything.' , 8 );
INSERT INTO Payment(Patient_id, Date, Description, Amount) VALUES ((SELECT CURRVAL('Patient_patient_id_seq') ), '2014-03-26 06:42:58' , 'Smile arrive me late will.' , 9127829 );
INSERT INTO Payment(Patient_id, Date, Description, Amount) VALUES ((SELECT CURRVAL('Patient_patient_id_seq') ), '2017-11-14 08:11:35' , 'Among executive data special such day.' , 1201061 );
INSERT INTO Account(Login, Password, Permission_level, Date_of_creation, Last_time_online) VALUES ('sandra80','R%iZ4jDlg4' , 5 , '2014-02-14 23:41:38' , '2019-11-22 00:24:03');
INSERT INTO Patient(Account_id, Full_name, Address, Date_of_birth, Passport_number, Insurance_policy_number, Credit_card_number, Age) VALUES ((SELECT CURRVAL('account_account_id_seq') ),'Carol Mejia' , '9046 Carrillo Junction , North Justinmouth, TN 33286' , '1917-01-17' , 18296662 , '57-8061955' , '5281875982025086' , '102' );
INSERT INTO Appointment(Doctor_id, Patient_id, Room, Date, Price) VALUES ( (SELECT floor(random() * ( (SELECT CURRVAL('Doctor_doctor_id_seq')) ) + 1 )) , (SELECT CURRVAL('Patient_patient_id_seq') ), 380 , '2014-02-06 12:57:31' , 724 );
INSERT INTO Appointment(Doctor_id, Patient_id, Room, Date, Price) VALUES ( (SELECT floor(random() * ( (SELECT CURRVAL('Doctor_doctor_id_seq')) ) + 1 )) , (SELECT CURRVAL('Patient_patient_id_seq') ), 425 , '2016-09-07 08:57:13' , 815 );
INSERT INTO Appointment(Doctor_id, Patient_id, Room, Date, Price) VALUES ( (SELECT floor(random() * ( (SELECT CURRVAL('Doctor_doctor_id_seq')) ) + 1 )) , (SELECT CURRVAL('Patient_patient_id_seq') ), 730 , '2013-01-17 05:23:34' , 300 );
INSERT INTO Appointment(Doctor_id, Patient_id, Room, Date, Price) VALUES ( (SELECT floor(random() * ( (SELECT CURRVAL('Doctor_doctor_id_seq')) ) + 1 )) , (SELECT CURRVAL('Patient_patient_id_seq') ), 602 , '2019-01-14 18:41:46' , 987 );
INSERT INTO Appointment(Doctor_id, Patient_id, Room, Date, Price) VALUES ( (SELECT floor(random() * ( (SELECT CURRVAL('Doctor_doctor_id_seq')) ) + 1 )) , (SELECT CURRVAL('Patient_patient_id_seq') ), 13 , '2014-07-04 04:50:04' , 242 );
INSERT INTO Medical_record(Patient_id, Creation_date, Diagnosis, Prescription) VALUES ((SELECT CURRVAL('Patient_patient_id_seq') ), '2015-09-08 12:22:31' , 'General medical exam' , 'Cold Sore Complex' );
INSERT INTO Notification(Patient_id, Date, Event, Sound) VALUES ((SELECT CURRVAL('Patient_patient_id_seq') ), '2010-05-02 03:32:52' , 'Glass view analysis choice our treat once.' , 6 );
INSERT INTO Notification(Patient_id, Date, Event, Sound) VALUES ((SELECT CURRVAL('Patient_patient_id_seq') ), '2014-02-03 18:18:39' , 'Table reason field board American lose story.' , 6 );
INSERT INTO Payment(Patient_id, Date, Description, Amount) VALUES ((SELECT CURRVAL('Patient_patient_id_seq') ), '2017-04-24 19:10:29' , 'Drive when thank kind good our.' , 2997512 );
INSERT INTO Payment(Patient_id, Date, Description, Amount) VALUES ((SELECT CURRVAL('Patient_patient_id_seq') ), '2014-03-25 04:59:57' , 'Nice section by population meet office human.' , 6955824 );
INSERT INTO Account(Login, Password, Permission_level, Date_of_creation, Last_time_online) VALUES ('dennisdavis','+WCjauJkk0' , 5 , '2014-08-07 20:55:30' , '2019-11-24 19:03:35');
INSERT INTO Patient(Account_id, Full_name, Address, Date_of_birth, Passport_number, Insurance_policy_number, Credit_card_number, Age) VALUES ((SELECT CURRVAL('account_account_id_seq') ),'Erik Scott' , '321 Victoria Hill , New Justin, KS 05292' , '1989-07-22' , 28642596 , '22-5906812' , '2372460810541120' , '30' );
INSERT INTO Appointment(Doctor_id, Patient_id, Room, Date, Price) VALUES ( (SELECT floor(random() * ( (SELECT CURRVAL('Doctor_doctor_id_seq')) ) + 1 )) , (SELECT CURRVAL('Patient_patient_id_seq') ), 664 , '2011-08-06 22:55:25' , 172 );
INSERT INTO Appointment(Doctor_id, Patient_id, Room, Date, Price) VALUES ( (SELECT floor(random() * ( (SELECT CURRVAL('Doctor_doctor_id_seq')) ) + 1 )) , (SELECT CURRVAL('Patient_patient_id_seq') ), 54 , '2017-11-20 21:52:55' , 517 );
INSERT INTO Appointment(Doctor_id, Patient_id, Room, Date, Price) VALUES ( (SELECT floor(random() * ( (SELECT CURRVAL('Doctor_doctor_id_seq')) ) + 1 )) , (SELECT CURRVAL('Patient_patient_id_seq') ), 78 , '2017-11-14 03:48:42' , 430 );
INSERT INTO Appointment(Doctor_id, Patient_id, Room, Date, Price) VALUES ( (SELECT floor(random() * ( (SELECT CURRVAL('Doctor_doctor_id_seq')) ) + 1 )) , (SELECT CURRVAL('Patient_patient_id_seq') ), 671 , '2012-10-04 19:13:44' , 296 );
INSERT INTO Appointment(Doctor_id, Patient_id, Room, Date, Price) VALUES ( (SELECT floor(random() * ( (SELECT CURRVAL('Doctor_doctor_id_seq')) ) + 1 )) , (SELECT CURRVAL('Patient_patient_id_seq') ), 919 , '2014-02-17 04:09:52' , 258 );
INSERT INTO Medical_record(Patient_id, Creation_date, Diagnosis, Prescription) VALUES ((SELECT CURRVAL('Patient_patient_id_seq') ), '2017-06-05 02:29:57' , 'Pain in joint' , 'Cardizem CD' );
INSERT INTO Notification(Patient_id, Date, Event, Sound) VALUES ((SELECT CURRVAL('Patient_patient_id_seq') ), '2019-07-19 17:57:57' , 'Congress exist notice including what own more stay.' , 7 );
INSERT INTO Notification(Patient_id, Date, Event, Sound) VALUES ((SELECT CURRVAL('Patient_patient_id_seq') ), '2013-02-26 08:29:59' , 'Sometimes their spring once Republican else.' , 5 );
INSERT INTO Payment(Patient_id, Date, Description, Amount) VALUES ((SELECT CURRVAL('Patient_patient_id_seq') ), '2014-08-02 05:41:07' , 'Environment contain continue bank else room.' , 6573402 );
INSERT INTO Payment(Patient_id, Date, Description, Amount) VALUES ((SELECT CURRVAL('Patient_patient_id_seq') ), '2011-03-22 20:43:49' , 'Station think send someone child far condition already.' , 6086960 );
INSERT INTO Account(Login, Password, Permission_level, Date_of_creation, Last_time_online) VALUES ('jonathon95','oB5kBoS#^G' , 5 , '2017-03-09 10:06:28' , '2019-11-18 04:36:00');
INSERT INTO Patient(Account_id, Full_name, Address, Date_of_birth, Passport_number, Insurance_policy_number, Credit_card_number, Age) VALUES ((SELECT CURRVAL('account_account_id_seq') ),'Jeff Richards' , '50634 Bradley Brook Suite 801 , Brownton, TX 23893' , '1997-03-04' , 34748572 , '86-7744675' , '2720404891610114' , '22' );
INSERT INTO Appointment(Doctor_id, Patient_id, Room, Date, Price) VALUES ( (SELECT floor(random() * ( (SELECT CURRVAL('Doctor_doctor_id_seq')) ) + 1 )) , (SELECT CURRVAL('Patient_patient_id_seq') ), 275 , '2010-06-20 09:46:44' , 831 );
INSERT INTO Appointment(Doctor_id, Patient_id, Room, Date, Price) VALUES ( (SELECT floor(random() * ( (SELECT CURRVAL('Doctor_doctor_id_seq')) ) + 1 )) , (SELECT CURRVAL('Patient_patient_id_seq') ), 477 , '2017-01-23 03:08:46' , 906 );
INSERT INTO Appointment(Doctor_id, Patient_id, Room, Date, Price) VALUES ( (SELECT floor(random() * ( (SELECT CURRVAL('Doctor_doctor_id_seq')) ) + 1 )) , (SELECT CURRVAL('Patient_patient_id_seq') ), 400 , '2011-10-04 01:13:22' , 286 );
INSERT INTO Appointment(Doctor_id, Patient_id, Room, Date, Price) VALUES ( (SELECT floor(random() * ( (SELECT CURRVAL('Doctor_doctor_id_seq')) ) + 1 )) , (SELECT CURRVAL('Patient_patient_id_seq') ), 520 , '2010-08-01 03:41:53' , 474 );
INSERT INTO Appointment(Doctor_id, Patient_id, Room, Date, Price) VALUES ( (SELECT floor(random() * ( (SELECT CURRVAL('Doctor_doctor_id_seq')) ) + 1 )) , (SELECT CURRVAL('Patient_patient_id_seq') ), 222 , '2010-12-21 23:46:40' , 856 );
INSERT INTO Medical_record(Patient_id, Creation_date, Diagnosis, Prescription) VALUES ((SELECT CURRVAL('Patient_patient_id_seq') ), '2016-05-31 10:32:37' , 'Hyperlipidemia' , 'Quetiapine Fumarate' );
INSERT INTO Notification(Patient_id, Date, Event, Sound) VALUES ((SELECT CURRVAL('Patient_patient_id_seq') ), '2016-04-22 11:59:22' , 'Pretty research decide act such fly project.' , 1 );
INSERT INTO Notification(Patient_id, Date, Event, Sound) VALUES ((SELECT CURRVAL('Patient_patient_id_seq') ), '2017-07-08 08:24:55' , 'Music accept unit without both.' , 3 );
INSERT INTO Payment(Patient_id, Date, Description, Amount) VALUES ((SELECT CURRVAL('Patient_patient_id_seq') ), '2018-02-18 19:40:17' , 'Get Republican force analysis policy statement each.' , 8336948 );
INSERT INTO Payment(Patient_id, Date, Description, Amount) VALUES ((SELECT CURRVAL('Patient_patient_id_seq') ), '2013-08-14 16:04:05' , 'Wait push treat others five leader.' , 4524289 );
INSERT INTO Account(Login, Password, Permission_level, Date_of_creation, Last_time_online) VALUES ('rjones','YO8&W3Fa3w' , 5 , '2016-12-27 17:38:21' , '2019-11-24 04:06:32');
INSERT INTO Patient(Account_id, Full_name, Address, Date_of_birth, Passport_number, Insurance_policy_number, Credit_card_number, Age) VALUES ((SELECT CURRVAL('account_account_id_seq') ),'Brandon Allen' , '894 Tyler Ranch , Lake Juanfurt, ME 18614' , '1930-04-08' , 63928709 , '14-2943529' , '2254527332119024' , '89' );
INSERT INTO Appointment(Doctor_id, Patient_id, Room, Date, Price) VALUES ( (SELECT floor(random() * ( (SELECT CURRVAL('Doctor_doctor_id_seq')) ) + 1 )) , (SELECT CURRVAL('Patient_patient_id_seq') ), 587 , '2010-05-03 10:06:19' , 101 );
INSERT INTO Appointment(Doctor_id, Patient_id, Room, Date, Price) VALUES ( (SELECT floor(random() * ( (SELECT CURRVAL('Doctor_doctor_id_seq')) ) + 1 )) , (SELECT CURRVAL('Patient_patient_id_seq') ), 23 , '2012-05-06 06:22:37' , 407 );
INSERT INTO Appointment(Doctor_id, Patient_id, Room, Date, Price) VALUES ( (SELECT floor(random() * ( (SELECT CURRVAL('Doctor_doctor_id_seq')) ) + 1 )) , (SELECT CURRVAL('Patient_patient_id_seq') ), 529 , '2011-08-25 12:55:55' , 578 );
INSERT INTO Appointment(Doctor_id, Patient_id, Room, Date, Price) VALUES ( (SELECT floor(random() * ( (SELECT CURRVAL('Doctor_doctor_id_seq')) ) + 1 )) , (SELECT CURRVAL('Patient_patient_id_seq') ), 337 , '2017-12-12 06:44:33' , 571 );
INSERT INTO Appointment(Doctor_id, Patient_id, Room, Date, Price) VALUES ( (SELECT floor(random() * ( (SELECT CURRVAL('Doctor_doctor_id_seq')) ) + 1 )) , (SELECT CURRVAL('Patient_patient_id_seq') ), 188 , '2010-10-19 22:24:35' , 269 );
INSERT INTO Medical_record(Patient_id, Creation_date, Diagnosis, Prescription) VALUES ((SELECT CURRVAL('Patient_patient_id_seq') ), '2014-07-22 17:22:51' , 'Acute maxillary sinusitis' , 'Quetiapine Fumarate' );
INSERT INTO Notification(Patient_id, Date, Event, Sound) VALUES ((SELECT CURRVAL('Patient_patient_id_seq') ), '2019-06-21 16:19:20' , 'Budget religious chance avoid.' , 3 );
INSERT INTO Notification(Patient_id, Date, Event, Sound) VALUES ((SELECT CURRVAL('Patient_patient_id_seq') ), '2019-01-31 01:26:51' , 'Line police throw writer memory.' , 7 );
INSERT INTO Payment(Patient_id, Date, Description, Amount) VALUES ((SELECT CURRVAL('Patient_patient_id_seq') ), '2018-05-18 22:27:15' , 'Add box civil whom fill light under price.' , 5287768 );
INSERT INTO Payment(Patient_id, Date, Description, Amount) VALUES ((SELECT CURRVAL('Patient_patient_id_seq') ), '2017-02-01 10:07:02' , 'Force girl step nearly here thus.' , 5100718 );
INSERT INTO Account(Login, Password, Permission_level, Date_of_creation, Last_time_online) VALUES ('jeffrey44','Y5BZQmLg#8' , 5 , '2017-04-22 20:12:48' , '2019-11-22 18:19:54');
INSERT INTO Patient(Account_id, Full_name, Address, Date_of_birth, Passport_number, Insurance_policy_number, Credit_card_number, Age) VALUES ((SELECT CURRVAL('account_account_id_seq') ),'Rebecca Maxwell' , '26264 Brown Drive , Jaredtown, AR 55064' , '2004-07-27' , 64724058 , '05-6566061' , '5370791738417976' , '15' );
INSERT INTO Appointment(Doctor_id, Patient_id, Room, Date, Price) VALUES ( (SELECT floor(random() * ( (SELECT CURRVAL('Doctor_doctor_id_seq')) ) + 1 )) , (SELECT CURRVAL('Patient_patient_id_seq') ), 562 , '2011-10-31 22:40:48' , 332 );
INSERT INTO Appointment(Doctor_id, Patient_id, Room, Date, Price) VALUES ( (SELECT floor(random() * ( (SELECT CURRVAL('Doctor_doctor_id_seq')) ) + 1 )) , (SELECT CURRVAL('Patient_patient_id_seq') ), 253 , '2012-12-27 00:09:53' , 846 );
INSERT INTO Appointment(Doctor_id, Patient_id, Room, Date, Price) VALUES ( (SELECT floor(random() * ( (SELECT CURRVAL('Doctor_doctor_id_seq')) ) + 1 )) , (SELECT CURRVAL('Patient_patient_id_seq') ), 172 , '2013-07-18 20:16:02' , 703 );
INSERT INTO Appointment(Doctor_id, Patient_id, Room, Date, Price) VALUES ( (SELECT floor(random() * ( (SELECT CURRVAL('Doctor_doctor_id_seq')) ) + 1 )) , (SELECT CURRVAL('Patient_patient_id_seq') ), 556 , '2010-03-06 08:27:34' , 649 );
INSERT INTO Appointment(Doctor_id, Patient_id, Room, Date, Price) VALUES ( (SELECT floor(random() * ( (SELECT CURRVAL('Doctor_doctor_id_seq')) ) + 1 )) , (SELECT CURRVAL('Patient_patient_id_seq') ), 856 , '2012-01-07 17:08:34' , 981 );
INSERT INTO Medical_record(Patient_id, Creation_date, Diagnosis, Prescription) VALUES ((SELECT CURRVAL('Patient_patient_id_seq') ), '2013-04-05 22:48:02' , 'Urinary tract infection' , 'OVACE' );
INSERT INTO Notification(Patient_id, Date, Event, Sound) VALUES ((SELECT CURRVAL('Patient_patient_id_seq') ), '2014-10-04 22:14:08' , 'Conference sing himself radio although yard.' , 9 );
INSERT INTO Notification(Patient_id, Date, Event, Sound) VALUES ((SELECT CURRVAL('Patient_patient_id_seq') ), '2014-05-11 09:56:34' , 'Understand social onto hear daughter.' , 8 );
INSERT INTO Payment(Patient_id, Date, Description, Amount) VALUES ((SELECT CURRVAL('Patient_patient_id_seq') ), '2016-05-03 04:31:25' , 'Little dream religious.' , 4373881 );
INSERT INTO Payment(Patient_id, Date, Description, Amount) VALUES ((SELECT CURRVAL('Patient_patient_id_seq') ), '2019-06-10 02:47:27' , 'Right court approach available scientist service seek.' , 8295098 );
INSERT INTO Account(Login, Password, Permission_level, Date_of_creation, Last_time_online) VALUES ('lisa56','#_!V+1Oi_M' , 5 , '2012-12-05 01:24:28' , '2019-11-19 22:16:47');
INSERT INTO Patient(Account_id, Full_name, Address, Date_of_birth, Passport_number, Insurance_policy_number, Credit_card_number, Age) VALUES ((SELECT CURRVAL('account_account_id_seq') ),'John Walker' , '9590 Leonard Port Apt. 399 , South Amy, GA 03484' , '1987-05-24' , 82043353 , '33-9579956' , '5234486553836840' , '32' );
INSERT INTO Appointment(Doctor_id, Patient_id, Room, Date, Price) VALUES ( (SELECT floor(random() * ( (SELECT CURRVAL('Doctor_doctor_id_seq')) ) + 1 )) , (SELECT CURRVAL('Patient_patient_id_seq') ), 273 , '2013-11-21 19:54:46' , 448 );
INSERT INTO Appointment(Doctor_id, Patient_id, Room, Date, Price) VALUES ( (SELECT floor(random() * ( (SELECT CURRVAL('Doctor_doctor_id_seq')) ) + 1 )) , (SELECT CURRVAL('Patient_patient_id_seq') ), 632 , '2011-10-24 16:42:11' , 753 );
INSERT INTO Appointment(Doctor_id, Patient_id, Room, Date, Price) VALUES ( (SELECT floor(random() * ( (SELECT CURRVAL('Doctor_doctor_id_seq')) ) + 1 )) , (SELECT CURRVAL('Patient_patient_id_seq') ), 83 , '2012-03-02 09:44:32' , 867 );
INSERT INTO Appointment(Doctor_id, Patient_id, Room, Date, Price) VALUES ( (SELECT floor(random() * ( (SELECT CURRVAL('Doctor_doctor_id_seq')) ) + 1 )) , (SELECT CURRVAL('Patient_patient_id_seq') ), 569 , '2015-01-28 08:57:22' , 515 );
INSERT INTO Appointment(Doctor_id, Patient_id, Room, Date, Price) VALUES ( (SELECT floor(random() * ( (SELECT CURRVAL('Doctor_doctor_id_seq')) ) + 1 )) , (SELECT CURRVAL('Patient_patient_id_seq') ), 950 , '2011-10-22 22:21:59' , 918 );
INSERT INTO Medical_record(Patient_id, Creation_date, Diagnosis, Prescription) VALUES ((SELECT CURRVAL('Patient_patient_id_seq') ), '2017-02-09 15:16:12' , 'Osteoarthritis' , 'Cardizem CD' );
INSERT INTO Notification(Patient_id, Date, Event, Sound) VALUES ((SELECT CURRVAL('Patient_patient_id_seq') ), '2015-08-24 20:49:46' , 'Poor community north cover former practice last.' , 10 );
INSERT INTO Notification(Patient_id, Date, Event, Sound) VALUES ((SELECT CURRVAL('Patient_patient_id_seq') ), '2015-06-15 14:03:23' , 'Onto law article top.' , 1 );
INSERT INTO Payment(Patient_id, Date, Description, Amount) VALUES ((SELECT CURRVAL('Patient_patient_id_seq') ), '2015-07-10 08:36:52' , 'You power majority consumer.' , 6809907 );
INSERT INTO Payment(Patient_id, Date, Description, Amount) VALUES ((SELECT CURRVAL('Patient_patient_id_seq') ), '2011-02-21 23:12:45' , 'Almost pattern safe system cell operation nation.' , 6213056 );
INSERT INTO Account(Login, Password, Permission_level, Date_of_creation, Last_time_online) VALUES ('robert26','M0NUa8ZU(Y' , 5 , '2013-07-26 19:59:02' , '2019-11-24 11:20:42');
INSERT INTO Patient(Account_id, Full_name, Address, Date_of_birth, Passport_number, Insurance_policy_number, Credit_card_number, Age) VALUES ((SELECT CURRVAL('account_account_id_seq') ),'Kyle Hanson' , '8201 Edwin Courts , Berryshire, DE 84670' , '1925-01-15' , 26740638 , '20-7737631' , '2315160372260354' , '94' );
INSERT INTO Appointment(Doctor_id, Patient_id, Room, Date, Price) VALUES ( (SELECT floor(random() * ( (SELECT CURRVAL('Doctor_doctor_id_seq')) ) + 1 )) , (SELECT CURRVAL('Patient_patient_id_seq') ), 938 , '2014-12-11 08:36:51' , 625 );
INSERT INTO Appointment(Doctor_id, Patient_id, Room, Date, Price) VALUES ( (SELECT floor(random() * ( (SELECT CURRVAL('Doctor_doctor_id_seq')) ) + 1 )) , (SELECT CURRVAL('Patient_patient_id_seq') ), 611 , '2010-11-21 22:06:29' , 94 );
INSERT INTO Appointment(Doctor_id, Patient_id, Room, Date, Price) VALUES ( (SELECT floor(random() * ( (SELECT CURRVAL('Doctor_doctor_id_seq')) ) + 1 )) , (SELECT CURRVAL('Patient_patient_id_seq') ), 99 , '2017-12-05 00:46:45' , 36 );
INSERT INTO Appointment(Doctor_id, Patient_id, Room, Date, Price) VALUES ( (SELECT floor(random() * ( (SELECT CURRVAL('Doctor_doctor_id_seq')) ) + 1 )) , (SELECT CURRVAL('Patient_patient_id_seq') ), 689 , '2012-01-27 16:42:20' , 958 );
INSERT INTO Appointment(Doctor_id, Patient_id, Room, Date, Price) VALUES ( (SELECT floor(random() * ( (SELECT CURRVAL('Doctor_doctor_id_seq')) ) + 1 )) , (SELECT CURRVAL('Patient_patient_id_seq') ), 226 , '2010-07-22 22:31:13' , 450 );
INSERT INTO Medical_record(Patient_id, Creation_date, Diagnosis, Prescription) VALUES ((SELECT CURRVAL('Patient_patient_id_seq') ), '2009-12-07 04:02:42' , 'Pain in joint' , 'risperidone' );
INSERT INTO Notification(Patient_id, Date, Event, Sound) VALUES ((SELECT CURRVAL('Patient_patient_id_seq') ), '2019-02-15 07:04:14' , 'Lose him sound candidate.' , 8 );
INSERT INTO Notification(Patient_id, Date, Event, Sound) VALUES ((SELECT CURRVAL('Patient_patient_id_seq') ), '2014-11-15 11:34:37' , 'Sea design firm.' , 5 );
INSERT INTO Payment(Patient_id, Date, Description, Amount) VALUES ((SELECT CURRVAL('Patient_patient_id_seq') ), '2016-12-08 06:20:40' , 'Environmental middle value point take kind season.' , 7083360 );
INSERT INTO Payment(Patient_id, Date, Description, Amount) VALUES ((SELECT CURRVAL('Patient_patient_id_seq') ), '2017-07-18 17:31:23' , 'Enter finally some.' , 519073 );
INSERT INTO Account(Login, Password, Permission_level, Date_of_creation, Last_time_online) VALUES ('cherylbrewer','x))3bVHnfb' , 5 , '2011-12-15 01:41:51' , '2019-11-23 03:43:57');
INSERT INTO Patient(Account_id, Full_name, Address, Date_of_birth, Passport_number, Insurance_policy_number, Credit_card_number, Age) VALUES ((SELECT CURRVAL('account_account_id_seq') ),'Robert Gardner' , '35829 Cheryl Pike , Nicholsonmouth, MS 87587' , '1985-01-06' , 33556468 , '87-3316912' , '2253792323770711' , '34' );
INSERT INTO Appointment(Doctor_id, Patient_id, Room, Date, Price) VALUES ( (SELECT floor(random() * ( (SELECT CURRVAL('Doctor_doctor_id_seq')) ) + 1 )) , (SELECT CURRVAL('Patient_patient_id_seq') ), 860 , '2015-12-08 20:35:23' , 365 );
INSERT INTO Appointment(Doctor_id, Patient_id, Room, Date, Price) VALUES ( (SELECT floor(random() * ( (SELECT CURRVAL('Doctor_doctor_id_seq')) ) + 1 )) , (SELECT CURRVAL('Patient_patient_id_seq') ), 682 , '2010-08-20 16:18:45' , 856 );
INSERT INTO Appointment(Doctor_id, Patient_id, Room, Date, Price) VALUES ( (SELECT floor(random() * ( (SELECT CURRVAL('Doctor_doctor_id_seq')) ) + 1 )) , (SELECT CURRVAL('Patient_patient_id_seq') ), 570 , '2019-10-30 22:28:03' , 783 );
INSERT INTO Appointment(Doctor_id, Patient_id, Room, Date, Price) VALUES ( (SELECT floor(random() * ( (SELECT CURRVAL('Doctor_doctor_id_seq')) ) + 1 )) , (SELECT CURRVAL('Patient_patient_id_seq') ), 97 , '2016-06-11 01:02:58' , 612 );
INSERT INTO Appointment(Doctor_id, Patient_id, Room, Date, Price) VALUES ( (SELECT floor(random() * ( (SELECT CURRVAL('Doctor_doctor_id_seq')) ) + 1 )) , (SELECT CURRVAL('Patient_patient_id_seq') ), 417 , '2013-03-09 00:07:06' , 415 );
INSERT INTO Medical_record(Patient_id, Creation_date, Diagnosis, Prescription) VALUES ((SELECT CURRVAL('Patient_patient_id_seq') ), '2018-04-27 03:20:32' , 'Nail fungus' , 'Cardizem CD' );
INSERT INTO Notification(Patient_id, Date, Event, Sound) VALUES ((SELECT CURRVAL('Patient_patient_id_seq') ), '2011-09-10 00:21:47' , 'Something her appear give visit personal pattern hold.' , 10 );
INSERT INTO Notification(Patient_id, Date, Event, Sound) VALUES ((SELECT CURRVAL('Patient_patient_id_seq') ), '2012-11-25 20:00:14' , 'Property picture play through.' , 4 );
INSERT INTO Payment(Patient_id, Date, Description, Amount) VALUES ((SELECT CURRVAL('Patient_patient_id_seq') ), '2011-06-21 13:06:49' , 'Last friend none itself.' , 137588 );
INSERT INTO Payment(Patient_id, Date, Description, Amount) VALUES ((SELECT CURRVAL('Patient_patient_id_seq') ), '2017-01-25 22:31:16' , 'Event contain add activity rather kid condition.' , 5069015 );
INSERT INTO Account(Login, Password, Permission_level, Date_of_creation, Last_time_online) VALUES ('adam44','H(64QYmT*q' , 5 , '2015-01-26 11:55:14' , '2019-11-23 17:34:42');
INSERT INTO Patient(Account_id, Full_name, Address, Date_of_birth, Passport_number, Insurance_policy_number, Credit_card_number, Age) VALUES ((SELECT CURRVAL('account_account_id_seq') ),'Julia Smith' , '68961 Johnson Harbor , Branchfort, GA 54954' , '1984-12-01' , 26358543 , '33-2758591' , '2505545827235219' , '34' );
INSERT INTO Appointment(Doctor_id, Patient_id, Room, Date, Price) VALUES ( (SELECT floor(random() * ( (SELECT CURRVAL('Doctor_doctor_id_seq')) ) + 1 )) , (SELECT CURRVAL('Patient_patient_id_seq') ), 582 , '2012-01-15 00:02:53' , 209 );
INSERT INTO Appointment(Doctor_id, Patient_id, Room, Date, Price) VALUES ( (SELECT floor(random() * ( (SELECT CURRVAL('Doctor_doctor_id_seq')) ) + 1 )) , (SELECT CURRVAL('Patient_patient_id_seq') ), 452 , '2014-10-17 15:31:00' , 84 );
INSERT INTO Appointment(Doctor_id, Patient_id, Room, Date, Price) VALUES ( (SELECT floor(random() * ( (SELECT CURRVAL('Doctor_doctor_id_seq')) ) + 1 )) , (SELECT CURRVAL('Patient_patient_id_seq') ), 992 , '2013-10-22 11:15:47' , 629 );
INSERT INTO Appointment(Doctor_id, Patient_id, Room, Date, Price) VALUES ( (SELECT floor(random() * ( (SELECT CURRVAL('Doctor_doctor_id_seq')) ) + 1 )) , (SELECT CURRVAL('Patient_patient_id_seq') ), 201 , '2015-06-18 22:18:14' , 990 );
INSERT INTO Appointment(Doctor_id, Patient_id, Room, Date, Price) VALUES ( (SELECT floor(random() * ( (SELECT CURRVAL('Doctor_doctor_id_seq')) ) + 1 )) , (SELECT CURRVAL('Patient_patient_id_seq') ), 84 , '2019-06-13 17:42:50' , 292 );
INSERT INTO Medical_record(Patient_id, Creation_date, Diagnosis, Prescription) VALUES ((SELECT CURRVAL('Patient_patient_id_seq') ), '2014-06-29 05:34:49' , 'Obesity' , 'OVACE' );
INSERT INTO Notification(Patient_id, Date, Event, Sound) VALUES ((SELECT CURRVAL('Patient_patient_id_seq') ), '2010-03-20 17:43:11' , 'Agency worker minute usually board project shake.' , 3 );
INSERT INTO Notification(Patient_id, Date, Event, Sound) VALUES ((SELECT CURRVAL('Patient_patient_id_seq') ), '2017-02-23 12:07:10' , 'Mission plant shoulder heavy such thousand history.' , 8 );
INSERT INTO Payment(Patient_id, Date, Description, Amount) VALUES ((SELECT CURRVAL('Patient_patient_id_seq') ), '2015-08-18 19:59:53' , 'Director next system local.' , 9946860 );
INSERT INTO Payment(Patient_id, Date, Description, Amount) VALUES ((SELECT CURRVAL('Patient_patient_id_seq') ), '2010-07-10 04:09:31' , 'Include law drop single political describe throw.' , 4022966 );
INSERT INTO Account(Login, Password, Permission_level, Date_of_creation, Last_time_online) VALUES ('barbara62','^nc0qD@jM1' , 5 , '2012-08-31 22:54:21' , '2019-11-22 19:09:03');
INSERT INTO Patient(Account_id, Full_name, Address, Date_of_birth, Passport_number, Insurance_policy_number, Credit_card_number, Age) VALUES ((SELECT CURRVAL('account_account_id_seq') ),'Amanda Watkins' , 'Unit 3265 Box 4808 , DPO AP 99546' , '1955-07-23' , 75951061 , '31-6962790' , '2277885806642712' , '64' );
INSERT INTO Appointment(Doctor_id, Patient_id, Room, Date, Price) VALUES ( (SELECT floor(random() * ( (SELECT CURRVAL('Doctor_doctor_id_seq')) ) + 1 )) , (SELECT CURRVAL('Patient_patient_id_seq') ), 544 , '2019-09-20 03:49:46' , 113 );
INSERT INTO Appointment(Doctor_id, Patient_id, Room, Date, Price) VALUES ( (SELECT floor(random() * ( (SELECT CURRVAL('Doctor_doctor_id_seq')) ) + 1 )) , (SELECT CURRVAL('Patient_patient_id_seq') ), 261 , '2014-10-21 19:15:29' , 780 );
INSERT INTO Appointment(Doctor_id, Patient_id, Room, Date, Price) VALUES ( (SELECT floor(random() * ( (SELECT CURRVAL('Doctor_doctor_id_seq')) ) + 1 )) , (SELECT CURRVAL('Patient_patient_id_seq') ), 571 , '2013-10-03 07:30:47' , 172 );
INSERT INTO Appointment(Doctor_id, Patient_id, Room, Date, Price) VALUES ( (SELECT floor(random() * ( (SELECT CURRVAL('Doctor_doctor_id_seq')) ) + 1 )) , (SELECT CURRVAL('Patient_patient_id_seq') ), 706 , '2016-10-26 17:14:02' , 959 );
INSERT INTO Appointment(Doctor_id, Patient_id, Room, Date, Price) VALUES ( (SELECT floor(random() * ( (SELECT CURRVAL('Doctor_doctor_id_seq')) ) + 1 )) , (SELECT CURRVAL('Patient_patient_id_seq') ), 186 , '2014-03-04 08:30:43' , 697 );
INSERT INTO Medical_record(Patient_id, Creation_date, Diagnosis, Prescription) VALUES ((SELECT CURRVAL('Patient_patient_id_seq') ), '2017-06-23 20:21:47' , 'Nail fungus' , 'Antibacterial Foam' );
INSERT INTO Notification(Patient_id, Date, Event, Sound) VALUES ((SELECT CURRVAL('Patient_patient_id_seq') ), '2018-02-02 21:06:17' , 'Interview trade dinner five.' , 3 );
INSERT INTO Notification(Patient_id, Date, Event, Sound) VALUES ((SELECT CURRVAL('Patient_patient_id_seq') ), '2011-01-18 03:49:12' , 'Hold hundred life allow region.' , 5 );
INSERT INTO Payment(Patient_id, Date, Description, Amount) VALUES ((SELECT CURRVAL('Patient_patient_id_seq') ), '2015-02-23 14:02:40' , 'Report north paper part chair him.' , 8940771 );
INSERT INTO Payment(Patient_id, Date, Description, Amount) VALUES ((SELECT CURRVAL('Patient_patient_id_seq') ), '2014-02-06 07:59:05' , 'Reveal tend crime bring.' , 5634325 );
INSERT INTO Account(Login, Password, Permission_level, Date_of_creation, Last_time_online) VALUES ('jonathan96','deN7J+)wt*' , 5 , '2013-08-25 06:01:47' , '2019-11-20 18:43:40');
INSERT INTO Patient(Account_id, Full_name, Address, Date_of_birth, Passport_number, Insurance_policy_number, Credit_card_number, Age) VALUES ((SELECT CURRVAL('account_account_id_seq') ),'Ryan Martin' , '7328 Howard Stravenue , Hallmouth, FL 77172' , '1981-12-16' , 91599476 , '61-3729843' , '2225793547989157' , '37' );
INSERT INTO Appointment(Doctor_id, Patient_id, Room, Date, Price) VALUES ( (SELECT floor(random() * ( (SELECT CURRVAL('Doctor_doctor_id_seq')) ) + 1 )) , (SELECT CURRVAL('Patient_patient_id_seq') ), 63 , '2010-11-02 16:47:14' , 97 );
INSERT INTO Appointment(Doctor_id, Patient_id, Room, Date, Price) VALUES ( (SELECT floor(random() * ( (SELECT CURRVAL('Doctor_doctor_id_seq')) ) + 1 )) , (SELECT CURRVAL('Patient_patient_id_seq') ), 463 , '2012-06-15 09:25:25' , 8 );
INSERT INTO Appointment(Doctor_id, Patient_id, Room, Date, Price) VALUES ( (SELECT floor(random() * ( (SELECT CURRVAL('Doctor_doctor_id_seq')) ) + 1 )) , (SELECT CURRVAL('Patient_patient_id_seq') ), 427 , '2015-07-24 21:37:26' , 514 );
INSERT INTO Appointment(Doctor_id, Patient_id, Room, Date, Price) VALUES ( (SELECT floor(random() * ( (SELECT CURRVAL('Doctor_doctor_id_seq')) ) + 1 )) , (SELECT CURRVAL('Patient_patient_id_seq') ), 137 , '2011-10-25 21:09:32' , 689 );
INSERT INTO Appointment(Doctor_id, Patient_id, Room, Date, Price) VALUES ( (SELECT floor(random() * ( (SELECT CURRVAL('Doctor_doctor_id_seq')) ) + 1 )) , (SELECT CURRVAL('Patient_patient_id_seq') ), 267 , '2011-10-28 05:55:42' , 358 );
INSERT INTO Medical_record(Patient_id, Creation_date, Diagnosis, Prescription) VALUES ((SELECT CURRVAL('Patient_patient_id_seq') ), '2017-05-17 09:49:19' , 'Respiratory problems' , 'Multi Sympton Cold Day Night' );
INSERT INTO Notification(Patient_id, Date, Event, Sound) VALUES ((SELECT CURRVAL('Patient_patient_id_seq') ), '2017-11-14 03:24:21' , 'Someone investment character sure.' , 1 );
INSERT INTO Notification(Patient_id, Date, Event, Sound) VALUES ((SELECT CURRVAL('Patient_patient_id_seq') ), '2016-10-10 20:58:51' , 'Hour think take art pass military.' , 8 );
INSERT INTO Payment(Patient_id, Date, Description, Amount) VALUES ((SELECT CURRVAL('Patient_patient_id_seq') ), '2016-03-05 19:00:18' , 'Fact car fund long happen.' , 3784474 );
INSERT INTO Payment(Patient_id, Date, Description, Amount) VALUES ((SELECT CURRVAL('Patient_patient_id_seq') ), '2012-08-03 12:28:59' , 'Opportunity whatever list rich chair something girl.' , 3409797 );
INSERT INTO Account(Login, Password, Permission_level, Date_of_creation, Last_time_online) VALUES ('mwashington','(E(LInPu1D' , 5 , '2019-03-31 13:42:32' , '2019-11-22 06:33:52');
INSERT INTO Patient(Account_id, Full_name, Address, Date_of_birth, Passport_number, Insurance_policy_number, Credit_card_number, Age) VALUES ((SELECT CURRVAL('account_account_id_seq') ),'Timothy Williams' , '61673 White Unions Apt. 631 , Calderonland, WA 34119' , '2007-04-27' , 94340273 , '38-0468294' , '2293498348117399' , '12' );
INSERT INTO Appointment(Doctor_id, Patient_id, Room, Date, Price) VALUES ( (SELECT floor(random() * ( (SELECT CURRVAL('Doctor_doctor_id_seq')) ) + 1 )) , (SELECT CURRVAL('Patient_patient_id_seq') ), 964 , '2011-02-19 13:26:06' , 929 );
INSERT INTO Appointment(Doctor_id, Patient_id, Room, Date, Price) VALUES ( (SELECT floor(random() * ( (SELECT CURRVAL('Doctor_doctor_id_seq')) ) + 1 )) , (SELECT CURRVAL('Patient_patient_id_seq') ), 447 , '2014-07-04 11:24:26' , 521 );
INSERT INTO Appointment(Doctor_id, Patient_id, Room, Date, Price) VALUES ( (SELECT floor(random() * ( (SELECT CURRVAL('Doctor_doctor_id_seq')) ) + 1 )) , (SELECT CURRVAL('Patient_patient_id_seq') ), 530 , '2016-01-14 21:05:04' , 91 );
INSERT INTO Appointment(Doctor_id, Patient_id, Room, Date, Price) VALUES ( (SELECT floor(random() * ( (SELECT CURRVAL('Doctor_doctor_id_seq')) ) + 1 )) , (SELECT CURRVAL('Patient_patient_id_seq') ), 206 , '2013-07-02 06:46:26' , 49 );
INSERT INTO Appointment(Doctor_id, Patient_id, Room, Date, Price) VALUES ( (SELECT floor(random() * ( (SELECT CURRVAL('Doctor_doctor_id_seq')) ) + 1 )) , (SELECT CURRVAL('Patient_patient_id_seq') ), 727 , '2011-11-26 07:02:47' , 802 );
INSERT INTO Medical_record(Patient_id, Creation_date, Diagnosis, Prescription) VALUES ((SELECT CURRVAL('Patient_patient_id_seq') ), '2014-03-25 21:26:11' , 'Back pain' , 'LBEL NATURAL FINISH MOISTURIZING FOUNDATION SPF 25' );
INSERT INTO Notification(Patient_id, Date, Event, Sound) VALUES ((SELECT CURRVAL('Patient_patient_id_seq') ), '2010-02-17 10:17:20' , 'Commercial red election wind save minute social.' , 8 );
INSERT INTO Notification(Patient_id, Date, Event, Sound) VALUES ((SELECT CURRVAL('Patient_patient_id_seq') ), '2014-01-27 11:16:12' , 'Within none easy teacher back often say.' , 1 );
INSERT INTO Payment(Patient_id, Date, Description, Amount) VALUES ((SELECT CURRVAL('Patient_patient_id_seq') ), '2019-06-02 21:42:12' , 'Meeting event social same choice professional.' , 5748812 );
INSERT INTO Payment(Patient_id, Date, Description, Amount) VALUES ((SELECT CURRVAL('Patient_patient_id_seq') ), '2016-01-21 03:29:33' , 'Work music well behavior sister heavy.' , 6740696 );
INSERT INTO Account(Login, Password, Permission_level, Date_of_creation, Last_time_online) VALUES ('emily85','&@xTRlF8%g' , 5 , '2012-06-08 23:34:25' , '2019-11-22 16:46:36');
INSERT INTO Patient(Account_id, Full_name, Address, Date_of_birth, Passport_number, Insurance_policy_number, Credit_card_number, Age) VALUES ((SELECT CURRVAL('account_account_id_seq') ),'Stacy Pratt' , '150 Gomez Radial , Port Matthew, VT 16576' , '2001-04-02' , 55406284 , '15-4746980' , '2236967541921633' , '18' );
INSERT INTO Appointment(Doctor_id, Patient_id, Room, Date, Price) VALUES ( (SELECT floor(random() * ( (SELECT CURRVAL('Doctor_doctor_id_seq')) ) + 1 )) , (SELECT CURRVAL('Patient_patient_id_seq') ), 789 , '2018-02-15 01:51:57' , 130 );
INSERT INTO Appointment(Doctor_id, Patient_id, Room, Date, Price) VALUES ( (SELECT floor(random() * ( (SELECT CURRVAL('Doctor_doctor_id_seq')) ) + 1 )) , (SELECT CURRVAL('Patient_patient_id_seq') ), 440 , '2013-05-03 20:24:45' , 671 );
INSERT INTO Appointment(Doctor_id, Patient_id, Room, Date, Price) VALUES ( (SELECT floor(random() * ( (SELECT CURRVAL('Doctor_doctor_id_seq')) ) + 1 )) , (SELECT CURRVAL('Patient_patient_id_seq') ), 506 , '2015-08-26 12:32:52' , 501 );
INSERT INTO Appointment(Doctor_id, Patient_id, Room, Date, Price) VALUES ( (SELECT floor(random() * ( (SELECT CURRVAL('Doctor_doctor_id_seq')) ) + 1 )) , (SELECT CURRVAL('Patient_patient_id_seq') ), 969 , '2015-09-01 18:03:03' , 194 );
INSERT INTO Appointment(Doctor_id, Patient_id, Room, Date, Price) VALUES ( (SELECT floor(random() * ( (SELECT CURRVAL('Doctor_doctor_id_seq')) ) + 1 )) , (SELECT CURRVAL('Patient_patient_id_seq') ), 239 , '2012-05-27 03:32:50' , 421 );
INSERT INTO Medical_record(Patient_id, Creation_date, Diagnosis, Prescription) VALUES ((SELECT CURRVAL('Patient_patient_id_seq') ), '2017-02-16 07:42:13' , 'Osteoarthritis' , 'risperidone' );
INSERT INTO Notification(Patient_id, Date, Event, Sound) VALUES ((SELECT CURRVAL('Patient_patient_id_seq') ), '2013-12-19 00:44:09' , 'Foot catch indeed.' , 1 );
INSERT INTO Notification(Patient_id, Date, Event, Sound) VALUES ((SELECT CURRVAL('Patient_patient_id_seq') ), '2019-05-22 02:49:49' , 'Brother since support.' , 3 );
INSERT INTO Payment(Patient_id, Date, Description, Amount) VALUES ((SELECT CURRVAL('Patient_patient_id_seq') ), '2015-05-11 07:38:06' , 'Address together likely job.' , 6950899 );
INSERT INTO Payment(Patient_id, Date, Description, Amount) VALUES ((SELECT CURRVAL('Patient_patient_id_seq') ), '2013-09-20 04:40:06' , 'Position specific institution imagine western others.' , 8660040 );
INSERT INTO Account(Login, Password, Permission_level, Date_of_creation, Last_time_online) VALUES ('mathismelissa','Aglo(8WlA0' , 5 , '2013-07-31 11:45:53' , '2019-11-21 20:03:29');
INSERT INTO Patient(Account_id, Full_name, Address, Date_of_birth, Passport_number, Insurance_policy_number, Credit_card_number, Age) VALUES ((SELECT CURRVAL('account_account_id_seq') ),'Jesse Vega' , '0767 Kimberly Views Suite 732 , Lorihaven, NY 67882' , '1996-11-18' , 42052623 , '39-7936897' , '2599672219914859' , '23' );
INSERT INTO Appointment(Doctor_id, Patient_id, Room, Date, Price) VALUES ( (SELECT floor(random() * ( (SELECT CURRVAL('Doctor_doctor_id_seq')) ) + 1 )) , (SELECT CURRVAL('Patient_patient_id_seq') ), 791 , '2012-08-25 22:02:17' , 77 );
INSERT INTO Appointment(Doctor_id, Patient_id, Room, Date, Price) VALUES ( (SELECT floor(random() * ( (SELECT CURRVAL('Doctor_doctor_id_seq')) ) + 1 )) , (SELECT CURRVAL('Patient_patient_id_seq') ), 299 , '2018-05-06 04:22:10' , 150 );
INSERT INTO Appointment(Doctor_id, Patient_id, Room, Date, Price) VALUES ( (SELECT floor(random() * ( (SELECT CURRVAL('Doctor_doctor_id_seq')) ) + 1 )) , (SELECT CURRVAL('Patient_patient_id_seq') ), 270 , '2011-05-03 11:31:26' , 435 );
INSERT INTO Appointment(Doctor_id, Patient_id, Room, Date, Price) VALUES ( (SELECT floor(random() * ( (SELECT CURRVAL('Doctor_doctor_id_seq')) ) + 1 )) , (SELECT CURRVAL('Patient_patient_id_seq') ), 46 , '2019-03-18 08:53:23' , 997 );
INSERT INTO Appointment(Doctor_id, Patient_id, Room, Date, Price) VALUES ( (SELECT floor(random() * ( (SELECT CURRVAL('Doctor_doctor_id_seq')) ) + 1 )) , (SELECT CURRVAL('Patient_patient_id_seq') ), 730 , '2019-07-23 06:56:10' , 467 );
INSERT INTO Medical_record(Patient_id, Creation_date, Diagnosis, Prescription) VALUES ((SELECT CURRVAL('Patient_patient_id_seq') ), '2016-12-30 20:04:13' , 'Malaise and fatigue' , 'risperidone' );
INSERT INTO Notification(Patient_id, Date, Event, Sound) VALUES ((SELECT CURRVAL('Patient_patient_id_seq') ), '2016-01-04 22:46:39' , 'Success least car from product car.' , 8 );
INSERT INTO Notification(Patient_id, Date, Event, Sound) VALUES ((SELECT CURRVAL('Patient_patient_id_seq') ), '2018-10-21 01:03:50' , 'Save after audience ready wear.' , 2 );
INSERT INTO Payment(Patient_id, Date, Description, Amount) VALUES ((SELECT CURRVAL('Patient_patient_id_seq') ), '2016-04-24 23:58:54' , 'Explain ever gun of arrive test rather education.' , 1518157 );
INSERT INTO Payment(Patient_id, Date, Description, Amount) VALUES ((SELECT CURRVAL('Patient_patient_id_seq') ), '2012-01-15 05:18:28' , 'Part third compare structure type rock growth.' , 2890161 );
INSERT INTO Account(Login, Password, Permission_level, Date_of_creation, Last_time_online) VALUES ('rhodesdarrell','xANJY7Md$a' , 5 , '2015-06-01 19:47:27' , '2019-11-23 17:54:02');
INSERT INTO Patient(Account_id, Full_name, Address, Date_of_birth, Passport_number, Insurance_policy_number, Credit_card_number, Age) VALUES ((SELECT CURRVAL('account_account_id_seq') ),'Linda Jones' , '009 Christopher Plaza Apt. 047 , Alexandertown, PA 99872' , '1974-05-06' , 35853985 , '62-6610349' , '2327615093516620' , '45' );
INSERT INTO Appointment(Doctor_id, Patient_id, Room, Date, Price) VALUES ( (SELECT floor(random() * ( (SELECT CURRVAL('Doctor_doctor_id_seq')) ) + 1 )) , (SELECT CURRVAL('Patient_patient_id_seq') ), 46 , '2013-11-25 10:30:44' , 277 );
INSERT INTO Appointment(Doctor_id, Patient_id, Room, Date, Price) VALUES ( (SELECT floor(random() * ( (SELECT CURRVAL('Doctor_doctor_id_seq')) ) + 1 )) , (SELECT CURRVAL('Patient_patient_id_seq') ), 842 , '2012-06-01 12:00:19' , 808 );
INSERT INTO Appointment(Doctor_id, Patient_id, Room, Date, Price) VALUES ( (SELECT floor(random() * ( (SELECT CURRVAL('Doctor_doctor_id_seq')) ) + 1 )) , (SELECT CURRVAL('Patient_patient_id_seq') ), 714 , '2013-07-20 09:27:47' , 181 );
INSERT INTO Appointment(Doctor_id, Patient_id, Room, Date, Price) VALUES ( (SELECT floor(random() * ( (SELECT CURRVAL('Doctor_doctor_id_seq')) ) + 1 )) , (SELECT CURRVAL('Patient_patient_id_seq') ), 698 , '2015-08-22 18:40:34' , 274 );
INSERT INTO Appointment(Doctor_id, Patient_id, Room, Date, Price) VALUES ( (SELECT floor(random() * ( (SELECT CURRVAL('Doctor_doctor_id_seq')) ) + 1 )) , (SELECT CURRVAL('Patient_patient_id_seq') ), 70 , '2010-04-11 02:42:51' , 537 );
INSERT INTO Medical_record(Patient_id, Creation_date, Diagnosis, Prescription) VALUES ((SELECT CURRVAL('Patient_patient_id_seq') ), '2018-03-26 13:37:00' , 'Asthma' , 'Doxycycline Monohydrate' );
INSERT INTO Notification(Patient_id, Date, Event, Sound) VALUES ((SELECT CURRVAL('Patient_patient_id_seq') ), '2011-10-03 21:29:51' , 'Look tree lead thus material.' , 0 );
INSERT INTO Notification(Patient_id, Date, Event, Sound) VALUES ((SELECT CURRVAL('Patient_patient_id_seq') ), '2015-11-28 12:41:08' , 'Success beat development heavy oil beyond actually.' , 1 );
INSERT INTO Payment(Patient_id, Date, Description, Amount) VALUES ((SELECT CURRVAL('Patient_patient_id_seq') ), '2012-11-24 13:40:06' , 'Support computer bed chance.' , 7467585 );
INSERT INTO Payment(Patient_id, Date, Description, Amount) VALUES ((SELECT CURRVAL('Patient_patient_id_seq') ), '2011-09-28 04:01:38' , 'Represent now move wall religious radio.' , 5579823 );
INSERT INTO Account(Login, Password, Permission_level, Date_of_creation, Last_time_online) VALUES ('robert69','$3OV0T%&^j' , 5 , '2015-09-12 23:23:48' , '2019-11-22 05:32:04');
INSERT INTO Patient(Account_id, Full_name, Address, Date_of_birth, Passport_number, Insurance_policy_number, Credit_card_number, Age) VALUES ((SELECT CURRVAL('account_account_id_seq') ),'Christopher Crawford' , '9599 Maldonado Falls , Jamesfurt, OR 98752' , '1932-01-29' , 85334069 , '04-4777737' , '2226034502480844' , '87' );
INSERT INTO Appointment(Doctor_id, Patient_id, Room, Date, Price) VALUES ( (SELECT floor(random() * ( (SELECT CURRVAL('Doctor_doctor_id_seq')) ) + 1 )) , (SELECT CURRVAL('Patient_patient_id_seq') ), 460 , '2013-04-23 13:02:44' , 233 );
INSERT INTO Appointment(Doctor_id, Patient_id, Room, Date, Price) VALUES ( (SELECT floor(random() * ( (SELECT CURRVAL('Doctor_doctor_id_seq')) ) + 1 )) , (SELECT CURRVAL('Patient_patient_id_seq') ), 209 , '2017-03-27 04:35:01' , 481 );
INSERT INTO Appointment(Doctor_id, Patient_id, Room, Date, Price) VALUES ( (SELECT floor(random() * ( (SELECT CURRVAL('Doctor_doctor_id_seq')) ) + 1 )) , (SELECT CURRVAL('Patient_patient_id_seq') ), 765 , '2015-07-16 14:33:25' , 459 );
INSERT INTO Appointment(Doctor_id, Patient_id, Room, Date, Price) VALUES ( (SELECT floor(random() * ( (SELECT CURRVAL('Doctor_doctor_id_seq')) ) + 1 )) , (SELECT CURRVAL('Patient_patient_id_seq') ), 845 , '2013-12-02 15:22:35' , 521 );
INSERT INTO Appointment(Doctor_id, Patient_id, Room, Date, Price) VALUES ( (SELECT floor(random() * ( (SELECT CURRVAL('Doctor_doctor_id_seq')) ) + 1 )) , (SELECT CURRVAL('Patient_patient_id_seq') ), 452 , '2010-08-08 07:46:52' , 150 );
INSERT INTO Medical_record(Patient_id, Creation_date, Diagnosis, Prescription) VALUES ((SELECT CURRVAL('Patient_patient_id_seq') ), '2016-11-28 22:53:13' , 'Hypertension' , 'Clindamycin' );
INSERT INTO Notification(Patient_id, Date, Event, Sound) VALUES ((SELECT CURRVAL('Patient_patient_id_seq') ), '2014-12-31 12:27:58' , 'Fall that fall size goal.' , 8 );
INSERT INTO Notification(Patient_id, Date, Event, Sound) VALUES ((SELECT CURRVAL('Patient_patient_id_seq') ), '2012-07-03 22:30:34' , 'Give business stage perform practice author.' , 6 );
INSERT INTO Payment(Patient_id, Date, Description, Amount) VALUES ((SELECT CURRVAL('Patient_patient_id_seq') ), '2012-01-03 14:25:11' , 'Sound beat while table including challenge difficult energy.' , 2913790 );
INSERT INTO Payment(Patient_id, Date, Description, Amount) VALUES ((SELECT CURRVAL('Patient_patient_id_seq') ), '2018-04-16 19:11:35' , 'Democrat dinner various campaign chance service stay.' , 9852737 );
INSERT INTO Account(Login, Password, Permission_level, Date_of_creation, Last_time_online) VALUES ('fgonzales','!46Fp6@97@' , 5 , '2017-04-04 11:54:22' , '2019-11-18 23:31:09');
INSERT INTO Patient(Account_id, Full_name, Address, Date_of_birth, Passport_number, Insurance_policy_number, Credit_card_number, Age) VALUES ((SELECT CURRVAL('account_account_id_seq') ),'Jorge Bell' , '8036 Phillips Valleys , East Jeffrey, WI 73534' , '1964-12-18' , 66104155 , '30-1939806' , '2358041557603071' , '54' );
INSERT INTO Appointment(Doctor_id, Patient_id, Room, Date, Price) VALUES ( (SELECT floor(random() * ( (SELECT CURRVAL('Doctor_doctor_id_seq')) ) + 1 )) , (SELECT CURRVAL('Patient_patient_id_seq') ), 174 , '2014-03-12 05:01:28' , 682 );
INSERT INTO Appointment(Doctor_id, Patient_id, Room, Date, Price) VALUES ( (SELECT floor(random() * ( (SELECT CURRVAL('Doctor_doctor_id_seq')) ) + 1 )) , (SELECT CURRVAL('Patient_patient_id_seq') ), 39 , '2010-09-11 06:38:07' , 398 );
INSERT INTO Appointment(Doctor_id, Patient_id, Room, Date, Price) VALUES ( (SELECT floor(random() * ( (SELECT CURRVAL('Doctor_doctor_id_seq')) ) + 1 )) , (SELECT CURRVAL('Patient_patient_id_seq') ), 990 , '2016-02-06 10:53:42' , 423 );
INSERT INTO Appointment(Doctor_id, Patient_id, Room, Date, Price) VALUES ( (SELECT floor(random() * ( (SELECT CURRVAL('Doctor_doctor_id_seq')) ) + 1 )) , (SELECT CURRVAL('Patient_patient_id_seq') ), 874 , '2014-03-15 09:35:57' , 577 );
INSERT INTO Appointment(Doctor_id, Patient_id, Room, Date, Price) VALUES ( (SELECT floor(random() * ( (SELECT CURRVAL('Doctor_doctor_id_seq')) ) + 1 )) , (SELECT CURRVAL('Patient_patient_id_seq') ), 133 , '2015-08-04 11:32:30' , 103 );
INSERT INTO Medical_record(Patient_id, Creation_date, Diagnosis, Prescription) VALUES ((SELECT CURRVAL('Patient_patient_id_seq') ), '2012-09-20 12:54:02' , 'Acute laryngopharyngitis' , 'risperidone' );
INSERT INTO Notification(Patient_id, Date, Event, Sound) VALUES ((SELECT CURRVAL('Patient_patient_id_seq') ), '2010-06-19 14:20:51' , 'Management defense many pretty year seem.' , 7 );
INSERT INTO Notification(Patient_id, Date, Event, Sound) VALUES ((SELECT CURRVAL('Patient_patient_id_seq') ), '2011-08-11 01:34:41' , 'Keep fast likely.' , 6 );
INSERT INTO Payment(Patient_id, Date, Description, Amount) VALUES ((SELECT CURRVAL('Patient_patient_id_seq') ), '2016-07-01 21:44:52' , 'Plant kitchen movement suddenly himself option.' , 2201633 );
INSERT INTO Payment(Patient_id, Date, Description, Amount) VALUES ((SELECT CURRVAL('Patient_patient_id_seq') ), '2013-08-02 15:50:52' , 'Serious those thousand interesting lose.' , 3366509 );
INSERT INTO Account(Login, Password, Permission_level, Date_of_creation, Last_time_online) VALUES ('michellevaldez','%8SCPQ7s^6' , 5 , '2017-06-03 13:36:14' , '2019-11-18 22:02:25');
INSERT INTO Patient(Account_id, Full_name, Address, Date_of_birth, Passport_number, Insurance_policy_number, Credit_card_number, Age) VALUES ((SELECT CURRVAL('account_account_id_seq') ),'Wayne Williams' , '513 Tiffany Ferry , Millertown, OH 33290' , '1962-09-21' , 30530263 , '57-5548757' , '5137322543850716' , '57' );
INSERT INTO Appointment(Doctor_id, Patient_id, Room, Date, Price) VALUES ( (SELECT floor(random() * ( (SELECT CURRVAL('Doctor_doctor_id_seq')) ) + 1 )) , (SELECT CURRVAL('Patient_patient_id_seq') ), 204 , '2015-08-19 23:01:10' , 28 );
INSERT INTO Appointment(Doctor_id, Patient_id, Room, Date, Price) VALUES ( (SELECT floor(random() * ( (SELECT CURRVAL('Doctor_doctor_id_seq')) ) + 1 )) , (SELECT CURRVAL('Patient_patient_id_seq') ), 645 , '2017-04-08 02:35:25' , 547 );
INSERT INTO Appointment(Doctor_id, Patient_id, Room, Date, Price) VALUES ( (SELECT floor(random() * ( (SELECT CURRVAL('Doctor_doctor_id_seq')) ) + 1 )) , (SELECT CURRVAL('Patient_patient_id_seq') ), 185 , '2015-08-24 04:59:07' , 170 );
INSERT INTO Appointment(Doctor_id, Patient_id, Room, Date, Price) VALUES ( (SELECT floor(random() * ( (SELECT CURRVAL('Doctor_doctor_id_seq')) ) + 1 )) , (SELECT CURRVAL('Patient_patient_id_seq') ), 487 , '2019-06-29 06:40:04' , 818 );
INSERT INTO Appointment(Doctor_id, Patient_id, Room, Date, Price) VALUES ( (SELECT floor(random() * ( (SELECT CURRVAL('Doctor_doctor_id_seq')) ) + 1 )) , (SELECT CURRVAL('Patient_patient_id_seq') ), 801 , '2013-12-08 19:22:40' , 394 );
INSERT INTO Medical_record(Patient_id, Creation_date, Diagnosis, Prescription) VALUES ((SELECT CURRVAL('Patient_patient_id_seq') ), '2011-08-07 17:00:16' , 'Acute laryngopharyngitis' , 'Metformin Hydrochloride' );
INSERT INTO Notification(Patient_id, Date, Event, Sound) VALUES ((SELECT CURRVAL('Patient_patient_id_seq') ), '2016-03-08 00:57:34' , 'Skin religious past capital sister.' , 0 );
INSERT INTO Notification(Patient_id, Date, Event, Sound) VALUES ((SELECT CURRVAL('Patient_patient_id_seq') ), '2017-04-27 06:34:37' , 'Challenge challenge eye.' , 3 );
INSERT INTO Payment(Patient_id, Date, Description, Amount) VALUES ((SELECT CURRVAL('Patient_patient_id_seq') ), '2016-05-10 16:48:07' , 'Although develop west enjoy.' , 4748400 );
INSERT INTO Payment(Patient_id, Date, Description, Amount) VALUES ((SELECT CURRVAL('Patient_patient_id_seq') ), '2014-11-05 20:14:50' , 'News view former two.' , 8119050 );
INSERT INTO Account(Login, Password, Permission_level, Date_of_creation, Last_time_online) VALUES ('wagnerjoseph','!ElKmj*i3d' , 5 , '2010-02-06 01:15:18' , '2019-11-22 09:14:52');
INSERT INTO Patient(Account_id, Full_name, Address, Date_of_birth, Passport_number, Insurance_policy_number, Credit_card_number, Age) VALUES ((SELECT CURRVAL('account_account_id_seq') ),'Marc Rasmussen' , '24153 Kelly Plaza Apt. 360 , Rebeccafurt, DE 37350' , '1947-01-17' , 78582170 , '93-8248871' , '2715100313824310' , '72' );
INSERT INTO Appointment(Doctor_id, Patient_id, Room, Date, Price) VALUES ( (SELECT floor(random() * ( (SELECT CURRVAL('Doctor_doctor_id_seq')) ) + 1 )) , (SELECT CURRVAL('Patient_patient_id_seq') ), 985 , '2016-02-04 05:30:52' , 956 );
INSERT INTO Appointment(Doctor_id, Patient_id, Room, Date, Price) VALUES ( (SELECT floor(random() * ( (SELECT CURRVAL('Doctor_doctor_id_seq')) ) + 1 )) , (SELECT CURRVAL('Patient_patient_id_seq') ), 155 , '2009-12-23 18:05:47' , 734 );
INSERT INTO Appointment(Doctor_id, Patient_id, Room, Date, Price) VALUES ( (SELECT floor(random() * ( (SELECT CURRVAL('Doctor_doctor_id_seq')) ) + 1 )) , (SELECT CURRVAL('Patient_patient_id_seq') ), 279 , '2010-06-17 12:52:35' , 245 );
INSERT INTO Appointment(Doctor_id, Patient_id, Room, Date, Price) VALUES ( (SELECT floor(random() * ( (SELECT CURRVAL('Doctor_doctor_id_seq')) ) + 1 )) , (SELECT CURRVAL('Patient_patient_id_seq') ), 863 , '2011-11-18 21:17:58' , 622 );
INSERT INTO Appointment(Doctor_id, Patient_id, Room, Date, Price) VALUES ( (SELECT floor(random() * ( (SELECT CURRVAL('Doctor_doctor_id_seq')) ) + 1 )) , (SELECT CURRVAL('Patient_patient_id_seq') ), 222 , '2019-10-28 02:16:01' , 920 );
INSERT INTO Medical_record(Patient_id, Creation_date, Diagnosis, Prescription) VALUES ((SELECT CURRVAL('Patient_patient_id_seq') ), '2016-12-12 13:34:43' , 'Reflux esophagitis' , 'LBEL NATURAL FINISH MOISTURIZING FOUNDATION SPF 25' );
INSERT INTO Notification(Patient_id, Date, Event, Sound) VALUES ((SELECT CURRVAL('Patient_patient_id_seq') ), '2013-04-03 04:44:53' , 'Ask home however share as exactly.' , 5 );
INSERT INTO Notification(Patient_id, Date, Event, Sound) VALUES ((SELECT CURRVAL('Patient_patient_id_seq') ), '2015-11-14 23:49:48' , 'Democrat past way page collection role key can.' , 1 );
INSERT INTO Payment(Patient_id, Date, Description, Amount) VALUES ((SELECT CURRVAL('Patient_patient_id_seq') ), '2019-08-03 10:54:51' , 'Same ability white two how.' , 2232444 );
INSERT INTO Payment(Patient_id, Date, Description, Amount) VALUES ((SELECT CURRVAL('Patient_patient_id_seq') ), '2017-10-01 03:19:05' , 'Begin country strong building quickly line population here.' , 4033585 );
INSERT INTO Account(Login, Password, Permission_level, Date_of_creation, Last_time_online) VALUES ('cooleykelly','Hk6t8Vs5&Y' , 5 , '2016-01-08 11:10:44' , '2019-11-20 07:57:01');
INSERT INTO Patient(Account_id, Full_name, Address, Date_of_birth, Passport_number, Insurance_policy_number, Credit_card_number, Age) VALUES ((SELECT CURRVAL('account_account_id_seq') ),'Andrea Perry' , '44999 Dodson Branch , Adamsside, SD 33345' , '1929-04-07' , 53956279 , '72-4894519' , '2720089647688835' , '90' );
INSERT INTO Appointment(Doctor_id, Patient_id, Room, Date, Price) VALUES ( (SELECT floor(random() * ( (SELECT CURRVAL('Doctor_doctor_id_seq')) ) + 1 )) , (SELECT CURRVAL('Patient_patient_id_seq') ), 128 , '2017-04-04 19:46:47' , 387 );
INSERT INTO Appointment(Doctor_id, Patient_id, Room, Date, Price) VALUES ( (SELECT floor(random() * ( (SELECT CURRVAL('Doctor_doctor_id_seq')) ) + 1 )) , (SELECT CURRVAL('Patient_patient_id_seq') ), 26 , '2016-01-29 02:32:18' , 672 );
INSERT INTO Appointment(Doctor_id, Patient_id, Room, Date, Price) VALUES ( (SELECT floor(random() * ( (SELECT CURRVAL('Doctor_doctor_id_seq')) ) + 1 )) , (SELECT CURRVAL('Patient_patient_id_seq') ), 405 , '2012-09-16 16:08:43' , 387 );
INSERT INTO Appointment(Doctor_id, Patient_id, Room, Date, Price) VALUES ( (SELECT floor(random() * ( (SELECT CURRVAL('Doctor_doctor_id_seq')) ) + 1 )) , (SELECT CURRVAL('Patient_patient_id_seq') ), 488 , '2016-09-25 07:33:08' , 422 );
INSERT INTO Appointment(Doctor_id, Patient_id, Room, Date, Price) VALUES ( (SELECT floor(random() * ( (SELECT CURRVAL('Doctor_doctor_id_seq')) ) + 1 )) , (SELECT CURRVAL('Patient_patient_id_seq') ), 420 , '2012-09-12 16:51:17' , 619 );
INSERT INTO Medical_record(Patient_id, Creation_date, Diagnosis, Prescription) VALUES ((SELECT CURRVAL('Patient_patient_id_seq') ), '2015-08-25 16:22:53' , 'Asthma' , 'LBEL NATURAL FINISH MOISTURIZING FOUNDATION SPF 25' );
INSERT INTO Notification(Patient_id, Date, Event, Sound) VALUES ((SELECT CURRVAL('Patient_patient_id_seq') ), '2014-09-18 15:57:29' , 'Nation reason ago myself prevent.' , 0 );
INSERT INTO Notification(Patient_id, Date, Event, Sound) VALUES ((SELECT CURRVAL('Patient_patient_id_seq') ), '2014-12-30 07:32:53' , 'Foot think network house increase manage loss building.' , 5 );
INSERT INTO Payment(Patient_id, Date, Description, Amount) VALUES ((SELECT CURRVAL('Patient_patient_id_seq') ), '2017-09-29 03:12:44' , 'Design main top.' , 9734055 );
INSERT INTO Payment(Patient_id, Date, Description, Amount) VALUES ((SELECT CURRVAL('Patient_patient_id_seq') ), '2019-04-12 19:12:12' , 'Admit recent others tough.' , 8233453 );
INSERT INTO Account(Login, Password, Permission_level, Date_of_creation, Last_time_online) VALUES ('ashley71','&&6FXNMxO%' , 5 , '2017-02-28 06:19:48' , '2019-11-21 04:27:04');
INSERT INTO Patient(Account_id, Full_name, Address, Date_of_birth, Passport_number, Insurance_policy_number, Credit_card_number, Age) VALUES ((SELECT CURRVAL('account_account_id_seq') ),'Dennis Gross' , '155 Mason Street Apt. 798 , East Debrachester, SD 07701' , '1979-06-25' , 39699145 , '80-4149721' , '2227633121565809' , '40' );
INSERT INTO Appointment(Doctor_id, Patient_id, Room, Date, Price) VALUES ( (SELECT floor(random() * ( (SELECT CURRVAL('Doctor_doctor_id_seq')) ) + 1 )) , (SELECT CURRVAL('Patient_patient_id_seq') ), 455 , '2010-06-14 19:04:41' , 204 );
INSERT INTO Appointment(Doctor_id, Patient_id, Room, Date, Price) VALUES ( (SELECT floor(random() * ( (SELECT CURRVAL('Doctor_doctor_id_seq')) ) + 1 )) , (SELECT CURRVAL('Patient_patient_id_seq') ), 322 , '2011-01-24 01:28:21' , 490 );
INSERT INTO Appointment(Doctor_id, Patient_id, Room, Date, Price) VALUES ( (SELECT floor(random() * ( (SELECT CURRVAL('Doctor_doctor_id_seq')) ) + 1 )) , (SELECT CURRVAL('Patient_patient_id_seq') ), 837 , '2016-10-13 06:20:32' , 499 );
INSERT INTO Appointment(Doctor_id, Patient_id, Room, Date, Price) VALUES ( (SELECT floor(random() * ( (SELECT CURRVAL('Doctor_doctor_id_seq')) ) + 1 )) , (SELECT CURRVAL('Patient_patient_id_seq') ), 565 , '2011-08-17 05:05:12' , 346 );
INSERT INTO Appointment(Doctor_id, Patient_id, Room, Date, Price) VALUES ( (SELECT floor(random() * ( (SELECT CURRVAL('Doctor_doctor_id_seq')) ) + 1 )) , (SELECT CURRVAL('Patient_patient_id_seq') ), 214 , '2019-10-20 17:51:56' , 486 );
INSERT INTO Medical_record(Patient_id, Creation_date, Diagnosis, Prescription) VALUES ((SELECT CURRVAL('Patient_patient_id_seq') ), '2011-08-24 02:56:55' , 'Acute laryngopharyngitis' , 'Aplicare Povidone-iodine Triples' );
INSERT INTO Notification(Patient_id, Date, Event, Sound) VALUES ((SELECT CURRVAL('Patient_patient_id_seq') ), '2012-02-06 03:59:34' , 'Standard artist each blood.' , 1 );
INSERT INTO Notification(Patient_id, Date, Event, Sound) VALUES ((SELECT CURRVAL('Patient_patient_id_seq') ), '2010-10-05 16:25:50' , 'Member offer bar responsibility color certainly stop forget.' , 2 );
INSERT INTO Payment(Patient_id, Date, Description, Amount) VALUES ((SELECT CURRVAL('Patient_patient_id_seq') ), '2011-09-26 23:36:22' , 'Seat away establish always growth.' , 446555 );
INSERT INTO Payment(Patient_id, Date, Description, Amount) VALUES ((SELECT CURRVAL('Patient_patient_id_seq') ), '2016-06-05 05:37:10' , 'Stand heavy behind rather.' , 3325383 );
INSERT INTO Account(Login, Password, Permission_level, Date_of_creation, Last_time_online) VALUES ('ycontreras','S6pW%cpm&k' , 5 , '2018-06-01 00:27:48' , '2019-11-18 21:34:33');
INSERT INTO Patient(Account_id, Full_name, Address, Date_of_birth, Passport_number, Insurance_policy_number, Credit_card_number, Age) VALUES ((SELECT CURRVAL('account_account_id_seq') ),'Ashley Church' , '08829 Howard Plaza , Santiagoshire, IA 20229' , '2012-02-20' , 80030324 , '20-4197936' , '5596859405977438' , '7' );
INSERT INTO Appointment(Doctor_id, Patient_id, Room, Date, Price) VALUES ( (SELECT floor(random() * ( (SELECT CURRVAL('Doctor_doctor_id_seq')) ) + 1 )) , (SELECT CURRVAL('Patient_patient_id_seq') ), 73 , '2014-06-11 14:59:40' , 753 );
INSERT INTO Appointment(Doctor_id, Patient_id, Room, Date, Price) VALUES ( (SELECT floor(random() * ( (SELECT CURRVAL('Doctor_doctor_id_seq')) ) + 1 )) , (SELECT CURRVAL('Patient_patient_id_seq') ), 578 , '2014-03-15 18:13:28' , 308 );
INSERT INTO Appointment(Doctor_id, Patient_id, Room, Date, Price) VALUES ( (SELECT floor(random() * ( (SELECT CURRVAL('Doctor_doctor_id_seq')) ) + 1 )) , (SELECT CURRVAL('Patient_patient_id_seq') ), 605 , '2016-01-07 04:05:55' , 687 );
INSERT INTO Appointment(Doctor_id, Patient_id, Room, Date, Price) VALUES ( (SELECT floor(random() * ( (SELECT CURRVAL('Doctor_doctor_id_seq')) ) + 1 )) , (SELECT CURRVAL('Patient_patient_id_seq') ), 2 , '2010-11-23 11:04:42' , 464 );
INSERT INTO Appointment(Doctor_id, Patient_id, Room, Date, Price) VALUES ( (SELECT floor(random() * ( (SELECT CURRVAL('Doctor_doctor_id_seq')) ) + 1 )) , (SELECT CURRVAL('Patient_patient_id_seq') ), 882 , '2010-01-21 11:34:46' , 864 );
INSERT INTO Medical_record(Patient_id, Creation_date, Diagnosis, Prescription) VALUES ((SELECT CURRVAL('Patient_patient_id_seq') ), '2014-10-23 12:47:53' , 'Acute bronchitis' , 'Antibacterial Foam' );
INSERT INTO Notification(Patient_id, Date, Event, Sound) VALUES ((SELECT CURRVAL('Patient_patient_id_seq') ), '2016-10-30 08:45:50' , 'Tough hand act common interesting firm.' , 8 );
INSERT INTO Notification(Patient_id, Date, Event, Sound) VALUES ((SELECT CURRVAL('Patient_patient_id_seq') ), '2017-11-14 12:26:55' , 'Wife stage yeah executive other inside.' , 7 );
INSERT INTO Payment(Patient_id, Date, Description, Amount) VALUES ((SELECT CURRVAL('Patient_patient_id_seq') ), '2019-07-29 07:30:42' , 'Prepare important whether heart anyone push form.' , 3351598 );
INSERT INTO Payment(Patient_id, Date, Description, Amount) VALUES ((SELECT CURRVAL('Patient_patient_id_seq') ), '2014-05-23 03:10:32' , 'Two news key begin though true popular.' , 8405670 );
INSERT INTO Account(Login, Password, Permission_level, Date_of_creation, Last_time_online) VALUES ('jennifer69','GvJWsSD8_7' , 5 , '2014-11-20 05:42:24' , '2019-11-24 04:43:37');
INSERT INTO Patient(Account_id, Full_name, Address, Date_of_birth, Passport_number, Insurance_policy_number, Credit_card_number, Age) VALUES ((SELECT CURRVAL('account_account_id_seq') ),'Mr. James Deleon' , '3051 Allison Squares , Angelberg, TX 14242' , '1949-12-03' , 87862850 , '81-0041720' , '2288286022242253' , '69' );
INSERT INTO Appointment(Doctor_id, Patient_id, Room, Date, Price) VALUES ( (SELECT floor(random() * ( (SELECT CURRVAL('Doctor_doctor_id_seq')) ) + 1 )) , (SELECT CURRVAL('Patient_patient_id_seq') ), 29 , '2019-11-23 15:53:27' , 236 );
INSERT INTO Appointment(Doctor_id, Patient_id, Room, Date, Price) VALUES ( (SELECT floor(random() * ( (SELECT CURRVAL('Doctor_doctor_id_seq')) ) + 1 )) , (SELECT CURRVAL('Patient_patient_id_seq') ), 942 , '2010-01-01 12:21:14' , 842 );
INSERT INTO Appointment(Doctor_id, Patient_id, Room, Date, Price) VALUES ( (SELECT floor(random() * ( (SELECT CURRVAL('Doctor_doctor_id_seq')) ) + 1 )) , (SELECT CURRVAL('Patient_patient_id_seq') ), 735 , '2016-06-28 07:18:26' , 791 );
INSERT INTO Appointment(Doctor_id, Patient_id, Room, Date, Price) VALUES ( (SELECT floor(random() * ( (SELECT CURRVAL('Doctor_doctor_id_seq')) ) + 1 )) , (SELECT CURRVAL('Patient_patient_id_seq') ), 918 , '2012-06-29 09:34:00' , 78 );
INSERT INTO Appointment(Doctor_id, Patient_id, Room, Date, Price) VALUES ( (SELECT floor(random() * ( (SELECT CURRVAL('Doctor_doctor_id_seq')) ) + 1 )) , (SELECT CURRVAL('Patient_patient_id_seq') ), 138 , '2019-08-30 16:38:38' , 71 );
INSERT INTO Medical_record(Patient_id, Creation_date, Diagnosis, Prescription) VALUES ((SELECT CURRVAL('Patient_patient_id_seq') ), '2019-10-20 03:02:34' , 'Obesity' , 'home sense' );
INSERT INTO Notification(Patient_id, Date, Event, Sound) VALUES ((SELECT CURRVAL('Patient_patient_id_seq') ), '2018-01-28 10:27:05' , 'Lose person best become.' , 2 );
INSERT INTO Notification(Patient_id, Date, Event, Sound) VALUES ((SELECT CURRVAL('Patient_patient_id_seq') ), '2013-02-09 15:32:08' , 'Anyone pay list suddenly fill.' , 10 );
INSERT INTO Payment(Patient_id, Date, Description, Amount) VALUES ((SELECT CURRVAL('Patient_patient_id_seq') ), '2010-02-01 02:16:17' , 'Pm evidence PM himself.' , 1239102 );
INSERT INTO Payment(Patient_id, Date, Description, Amount) VALUES ((SELECT CURRVAL('Patient_patient_id_seq') ), '2016-01-16 15:37:08' , 'List hot fast popular fine down.' , 5520545 );
INSERT INTO Account(Login, Password, Permission_level, Date_of_creation, Last_time_online) VALUES ('xhernandez','V_70kXk%FL' , 5 , '2010-04-23 18:37:41' , '2019-11-24 09:49:11');
INSERT INTO Patient(Account_id, Full_name, Address, Date_of_birth, Passport_number, Insurance_policy_number, Credit_card_number, Age) VALUES ((SELECT CURRVAL('account_account_id_seq') ),'Trevor Beard' , '800 Schneider Forks Suite 305 , Johnsonhaven, SC 80085' , '1943-06-09' , 64518909 , '35-8574395' , '2255972199586460' , '76' );
INSERT INTO Appointment(Doctor_id, Patient_id, Room, Date, Price) VALUES ( (SELECT floor(random() * ( (SELECT CURRVAL('Doctor_doctor_id_seq')) ) + 1 )) , (SELECT CURRVAL('Patient_patient_id_seq') ), 404 , '2018-10-14 21:26:05' , 635 );
INSERT INTO Appointment(Doctor_id, Patient_id, Room, Date, Price) VALUES ( (SELECT floor(random() * ( (SELECT CURRVAL('Doctor_doctor_id_seq')) ) + 1 )) , (SELECT CURRVAL('Patient_patient_id_seq') ), 408 , '2014-07-10 07:30:08' , 737 );
INSERT INTO Appointment(Doctor_id, Patient_id, Room, Date, Price) VALUES ( (SELECT floor(random() * ( (SELECT CURRVAL('Doctor_doctor_id_seq')) ) + 1 )) , (SELECT CURRVAL('Patient_patient_id_seq') ), 104 , '2017-09-09 15:12:37' , 615 );
INSERT INTO Appointment(Doctor_id, Patient_id, Room, Date, Price) VALUES ( (SELECT floor(random() * ( (SELECT CURRVAL('Doctor_doctor_id_seq')) ) + 1 )) , (SELECT CURRVAL('Patient_patient_id_seq') ), 644 , '2016-06-29 17:30:13' , 607 );
INSERT INTO Appointment(Doctor_id, Patient_id, Room, Date, Price) VALUES ( (SELECT floor(random() * ( (SELECT CURRVAL('Doctor_doctor_id_seq')) ) + 1 )) , (SELECT CURRVAL('Patient_patient_id_seq') ), 55 , '2013-07-13 04:51:55' , 111 );
INSERT INTO Medical_record(Patient_id, Creation_date, Diagnosis, Prescription) VALUES ((SELECT CURRVAL('Patient_patient_id_seq') ), '2009-11-25 03:22:43' , 'Acute laryngopharyngitis' , 'Aplicare Povidone-iodine Triples' );
INSERT INTO Notification(Patient_id, Date, Event, Sound) VALUES ((SELECT CURRVAL('Patient_patient_id_seq') ), '2013-01-23 20:28:46' , 'Final success seat become performance mean break.' , 8 );
INSERT INTO Notification(Patient_id, Date, Event, Sound) VALUES ((SELECT CURRVAL('Patient_patient_id_seq') ), '2010-08-01 10:53:52' , 'Heavy air cold rest summer help fund.' , 2 );
INSERT INTO Payment(Patient_id, Date, Description, Amount) VALUES ((SELECT CURRVAL('Patient_patient_id_seq') ), '2010-09-21 21:29:09' , 'Give fish tend last.' , 4748334 );
INSERT INTO Payment(Patient_id, Date, Description, Amount) VALUES ((SELECT CURRVAL('Patient_patient_id_seq') ), '2014-07-03 23:13:18' , 'Personal summer choice necessary radio often positive management.' , 438059 );
INSERT INTO Account(Login, Password, Permission_level, Date_of_creation, Last_time_online) VALUES ('tamara43','q75WD(i2(2' , 5 , '2011-10-28 08:19:10' , '2019-11-20 18:08:08');
INSERT INTO Patient(Account_id, Full_name, Address, Date_of_birth, Passport_number, Insurance_policy_number, Credit_card_number, Age) VALUES ((SELECT CURRVAL('account_account_id_seq') ),'Adrienne Walters' , 'PSC 0522, Box 9232 , APO AA 22161' , '1945-09-14' , 71803791 , '01-1459893' , '2589288633462003' , '74' );
INSERT INTO Appointment(Doctor_id, Patient_id, Room, Date, Price) VALUES ( (SELECT floor(random() * ( (SELECT CURRVAL('Doctor_doctor_id_seq')) ) + 1 )) , (SELECT CURRVAL('Patient_patient_id_seq') ), 221 , '2018-08-03 10:34:22' , 401 );
INSERT INTO Appointment(Doctor_id, Patient_id, Room, Date, Price) VALUES ( (SELECT floor(random() * ( (SELECT CURRVAL('Doctor_doctor_id_seq')) ) + 1 )) , (SELECT CURRVAL('Patient_patient_id_seq') ), 915 , '2016-04-01 16:11:57' , 447 );
INSERT INTO Appointment(Doctor_id, Patient_id, Room, Date, Price) VALUES ( (SELECT floor(random() * ( (SELECT CURRVAL('Doctor_doctor_id_seq')) ) + 1 )) , (SELECT CURRVAL('Patient_patient_id_seq') ), 306 , '2018-03-10 01:36:51' , 987 );
INSERT INTO Appointment(Doctor_id, Patient_id, Room, Date, Price) VALUES ( (SELECT floor(random() * ( (SELECT CURRVAL('Doctor_doctor_id_seq')) ) + 1 )) , (SELECT CURRVAL('Patient_patient_id_seq') ), 514 , '2019-03-20 08:36:06' , 6 );
INSERT INTO Appointment(Doctor_id, Patient_id, Room, Date, Price) VALUES ( (SELECT floor(random() * ( (SELECT CURRVAL('Doctor_doctor_id_seq')) ) + 1 )) , (SELECT CURRVAL('Patient_patient_id_seq') ), 26 , '2012-12-06 18:50:39' , 992 );
INSERT INTO Medical_record(Patient_id, Creation_date, Diagnosis, Prescription) VALUES ((SELECT CURRVAL('Patient_patient_id_seq') ), '2015-02-24 17:54:50' , 'Respiratory problems' , 'Quetiapine Fumarate' );
INSERT INTO Notification(Patient_id, Date, Event, Sound) VALUES ((SELECT CURRVAL('Patient_patient_id_seq') ), '2012-07-05 09:39:28' , 'How social network author so ask wish civil.' , 7 );
INSERT INTO Notification(Patient_id, Date, Event, Sound) VALUES ((SELECT CURRVAL('Patient_patient_id_seq') ), '2010-10-16 03:26:35' , 'Catch guy can forget site wonder.' , 1 );
INSERT INTO Payment(Patient_id, Date, Description, Amount) VALUES ((SELECT CURRVAL('Patient_patient_id_seq') ), '2016-02-01 14:11:24' , 'Rate everybody message.' , 8643266 );
INSERT INTO Payment(Patient_id, Date, Description, Amount) VALUES ((SELECT CURRVAL('Patient_patient_id_seq') ), '2015-09-03 03:01:12' , 'Law note about store letter out.' , 3394739 );
INSERT INTO Account(Login, Password, Permission_level, Date_of_creation, Last_time_online) VALUES ('gordonmichael','B1AO4_gV_U' , 5 , '2017-10-06 14:21:59' , '2019-11-24 10:42:16');
INSERT INTO Patient(Account_id, Full_name, Address, Date_of_birth, Passport_number, Insurance_policy_number, Credit_card_number, Age) VALUES ((SELECT CURRVAL('account_account_id_seq') ),'Monique Kaiser' , '4714 Sanchez Haven , Marcbury, NH 97426' , '1995-12-16' , 98120666 , '64-4672280' , '2295326008780685' , '23' );
INSERT INTO Appointment(Doctor_id, Patient_id, Room, Date, Price) VALUES ( (SELECT floor(random() * ( (SELECT CURRVAL('Doctor_doctor_id_seq')) ) + 1 )) , (SELECT CURRVAL('Patient_patient_id_seq') ), 996 , '2018-06-26 23:18:03' , 911 );
INSERT INTO Appointment(Doctor_id, Patient_id, Room, Date, Price) VALUES ( (SELECT floor(random() * ( (SELECT CURRVAL('Doctor_doctor_id_seq')) ) + 1 )) , (SELECT CURRVAL('Patient_patient_id_seq') ), 411 , '2013-01-22 00:41:50' , 32 );
INSERT INTO Appointment(Doctor_id, Patient_id, Room, Date, Price) VALUES ( (SELECT floor(random() * ( (SELECT CURRVAL('Doctor_doctor_id_seq')) ) + 1 )) , (SELECT CURRVAL('Patient_patient_id_seq') ), 535 , '2017-04-12 17:27:11' , 500 );
INSERT INTO Appointment(Doctor_id, Patient_id, Room, Date, Price) VALUES ( (SELECT floor(random() * ( (SELECT CURRVAL('Doctor_doctor_id_seq')) ) + 1 )) , (SELECT CURRVAL('Patient_patient_id_seq') ), 192 , '2010-04-28 16:29:58' , 914 );
INSERT INTO Appointment(Doctor_id, Patient_id, Room, Date, Price) VALUES ( (SELECT floor(random() * ( (SELECT CURRVAL('Doctor_doctor_id_seq')) ) + 1 )) , (SELECT CURRVAL('Patient_patient_id_seq') ), 229 , '2010-11-22 04:26:27' , 466 );
INSERT INTO Medical_record(Patient_id, Creation_date, Diagnosis, Prescription) VALUES ((SELECT CURRVAL('Patient_patient_id_seq') ), '2012-03-10 14:13:23' , 'Malaise and fatigue' , 'Doxycycline Monohydrate' );
INSERT INTO Notification(Patient_id, Date, Event, Sound) VALUES ((SELECT CURRVAL('Patient_patient_id_seq') ), '2015-11-24 05:57:47' , 'Life source experience society all big country nothing.' , 1 );
INSERT INTO Notification(Patient_id, Date, Event, Sound) VALUES ((SELECT CURRVAL('Patient_patient_id_seq') ), '2015-08-22 14:14:10' , 'Congress station already everyone view.' , 2 );
INSERT INTO Payment(Patient_id, Date, Description, Amount) VALUES ((SELECT CURRVAL('Patient_patient_id_seq') ), '2011-02-21 00:54:34' , 'Reach anything others shake discuss democratic give.' , 2561368 );
INSERT INTO Payment(Patient_id, Date, Description, Amount) VALUES ((SELECT CURRVAL('Patient_patient_id_seq') ), '2013-08-05 01:26:32' , 'Market base care between.' , 8075987 );
INSERT INTO Account(Login, Password, Permission_level, Date_of_creation, Last_time_online) VALUES ('tarafernandez','BIG7Y@Vz%Y' , 5 , '2015-05-30 02:34:13' , '2019-11-18 14:09:01');
INSERT INTO Patient(Account_id, Full_name, Address, Date_of_birth, Passport_number, Insurance_policy_number, Credit_card_number, Age) VALUES ((SELECT CURRVAL('account_account_id_seq') ),'Chelsea Mueller' , '62634 Ashley Knoll , New Davidtown, OR 87586' , '1949-03-24' , 36750245 , '15-8107438' , '5573553243273327' , '70' );
INSERT INTO Appointment(Doctor_id, Patient_id, Room, Date, Price) VALUES ( (SELECT floor(random() * ( (SELECT CURRVAL('Doctor_doctor_id_seq')) ) + 1 )) , (SELECT CURRVAL('Patient_patient_id_seq') ), 920 , '2019-02-09 10:12:42' , 896 );
INSERT INTO Appointment(Doctor_id, Patient_id, Room, Date, Price) VALUES ( (SELECT floor(random() * ( (SELECT CURRVAL('Doctor_doctor_id_seq')) ) + 1 )) , (SELECT CURRVAL('Patient_patient_id_seq') ), 159 , '2012-05-14 20:37:50' , 44 );
INSERT INTO Appointment(Doctor_id, Patient_id, Room, Date, Price) VALUES ( (SELECT floor(random() * ( (SELECT CURRVAL('Doctor_doctor_id_seq')) ) + 1 )) , (SELECT CURRVAL('Patient_patient_id_seq') ), 87 , '2011-11-03 01:42:07' , 327 );
INSERT INTO Appointment(Doctor_id, Patient_id, Room, Date, Price) VALUES ( (SELECT floor(random() * ( (SELECT CURRVAL('Doctor_doctor_id_seq')) ) + 1 )) , (SELECT CURRVAL('Patient_patient_id_seq') ), 402 , '2013-04-21 05:07:45' , 954 );
INSERT INTO Appointment(Doctor_id, Patient_id, Room, Date, Price) VALUES ( (SELECT floor(random() * ( (SELECT CURRVAL('Doctor_doctor_id_seq')) ) + 1 )) , (SELECT CURRVAL('Patient_patient_id_seq') ), 369 , '2017-09-28 13:00:19' , 856 );
INSERT INTO Medical_record(Patient_id, Creation_date, Diagnosis, Prescription) VALUES ((SELECT CURRVAL('Patient_patient_id_seq') ), '2015-08-26 22:02:33' , 'Hypertension' , 'OVACE' );
INSERT INTO Notification(Patient_id, Date, Event, Sound) VALUES ((SELECT CURRVAL('Patient_patient_id_seq') ), '2011-03-04 12:25:05' , 'Receive while enter surface modern look.' , 5 );
INSERT INTO Notification(Patient_id, Date, Event, Sound) VALUES ((SELECT CURRVAL('Patient_patient_id_seq') ), '2013-02-05 03:54:18' , 'Behavior condition floor.' , 8 );
INSERT INTO Payment(Patient_id, Date, Description, Amount) VALUES ((SELECT CURRVAL('Patient_patient_id_seq') ), '2019-03-08 23:59:03' , 'High rise measure arm treat.' , 2955056 );
INSERT INTO Payment(Patient_id, Date, Description, Amount) VALUES ((SELECT CURRVAL('Patient_patient_id_seq') ), '2016-08-26 06:06:07' , 'Add test marriage head.' , 3243333 );
INSERT INTO Account(Login, Password, Permission_level, Date_of_creation, Last_time_online) VALUES ('jennifer21','@_7i^gx_WB' , 5 , '2012-04-25 07:39:39' , '2019-11-24 20:07:48');
INSERT INTO Patient(Account_id, Full_name, Address, Date_of_birth, Passport_number, Insurance_policy_number, Credit_card_number, Age) VALUES ((SELECT CURRVAL('account_account_id_seq') ),'Maria Baldwin' , '18906 Terrell Junctions , Christopherville, TX 15171' , '1914-08-08' , 56874426 , '57-0373045' , '2354444347853358' , '105' );
INSERT INTO Appointment(Doctor_id, Patient_id, Room, Date, Price) VALUES ( (SELECT floor(random() * ( (SELECT CURRVAL('Doctor_doctor_id_seq')) ) + 1 )) , (SELECT CURRVAL('Patient_patient_id_seq') ), 595 , '2015-05-30 09:56:07' , 630 );
INSERT INTO Appointment(Doctor_id, Patient_id, Room, Date, Price) VALUES ( (SELECT floor(random() * ( (SELECT CURRVAL('Doctor_doctor_id_seq')) ) + 1 )) , (SELECT CURRVAL('Patient_patient_id_seq') ), 788 , '2019-10-03 05:18:38' , 937 );
INSERT INTO Appointment(Doctor_id, Patient_id, Room, Date, Price) VALUES ( (SELECT floor(random() * ( (SELECT CURRVAL('Doctor_doctor_id_seq')) ) + 1 )) , (SELECT CURRVAL('Patient_patient_id_seq') ), 412 , '2011-09-05 11:17:44' , 94 );
INSERT INTO Appointment(Doctor_id, Patient_id, Room, Date, Price) VALUES ( (SELECT floor(random() * ( (SELECT CURRVAL('Doctor_doctor_id_seq')) ) + 1 )) , (SELECT CURRVAL('Patient_patient_id_seq') ), 575 , '2011-09-30 17:37:48' , 371 );
INSERT INTO Appointment(Doctor_id, Patient_id, Room, Date, Price) VALUES ( (SELECT floor(random() * ( (SELECT CURRVAL('Doctor_doctor_id_seq')) ) + 1 )) , (SELECT CURRVAL('Patient_patient_id_seq') ), 996 , '2015-12-13 14:47:03' , 143 );
INSERT INTO Medical_record(Patient_id, Creation_date, Diagnosis, Prescription) VALUES ((SELECT CURRVAL('Patient_patient_id_seq') ), '2016-01-30 10:00:49' , 'Malaise and fatigue' , 'Power Aqua Balancing Toner' );
INSERT INTO Notification(Patient_id, Date, Event, Sound) VALUES ((SELECT CURRVAL('Patient_patient_id_seq') ), '2013-07-19 23:16:44' , 'Will campaign view cold authority property.' , 3 );
INSERT INTO Notification(Patient_id, Date, Event, Sound) VALUES ((SELECT CURRVAL('Patient_patient_id_seq') ), '2016-04-02 19:05:48' , 'Someone population according democratic.' , 9 );
INSERT INTO Payment(Patient_id, Date, Description, Amount) VALUES ((SELECT CURRVAL('Patient_patient_id_seq') ), '2013-10-11 21:00:25' , 'Local marriage garden born fast since himself.' , 7104931 );
INSERT INTO Payment(Patient_id, Date, Description, Amount) VALUES ((SELECT CURRVAL('Patient_patient_id_seq') ), '2015-07-24 13:09:39' , 'From just network watch home opportunity thought.' , 8426798 );
INSERT INTO Account(Login, Password, Permission_level, Date_of_creation, Last_time_online) VALUES ('popematthew','F+W4zDyRhH' , 5 , '2011-06-27 21:01:12' , '2019-11-19 19:48:24');
INSERT INTO Patient(Account_id, Full_name, Address, Date_of_birth, Passport_number, Insurance_policy_number, Credit_card_number, Age) VALUES ((SELECT CURRVAL('account_account_id_seq') ),'Sean Moore' , '552 Richard Alley Suite 108 , Meganshire, NJ 92104' , '1987-09-16' , 53347039 , '11-7162684' , '5327189333279459' , '32' );
INSERT INTO Appointment(Doctor_id, Patient_id, Room, Date, Price) VALUES ( (SELECT floor(random() * ( (SELECT CURRVAL('Doctor_doctor_id_seq')) ) + 1 )) , (SELECT CURRVAL('Patient_patient_id_seq') ), 69 , '2015-01-20 13:54:45' , 743 );
INSERT INTO Appointment(Doctor_id, Patient_id, Room, Date, Price) VALUES ( (SELECT floor(random() * ( (SELECT CURRVAL('Doctor_doctor_id_seq')) ) + 1 )) , (SELECT CURRVAL('Patient_patient_id_seq') ), 768 , '2012-08-05 10:59:08' , 666 );
INSERT INTO Appointment(Doctor_id, Patient_id, Room, Date, Price) VALUES ( (SELECT floor(random() * ( (SELECT CURRVAL('Doctor_doctor_id_seq')) ) + 1 )) , (SELECT CURRVAL('Patient_patient_id_seq') ), 190 , '2010-10-11 17:50:58' , 198 );
INSERT INTO Appointment(Doctor_id, Patient_id, Room, Date, Price) VALUES ( (SELECT floor(random() * ( (SELECT CURRVAL('Doctor_doctor_id_seq')) ) + 1 )) , (SELECT CURRVAL('Patient_patient_id_seq') ), 696 , '2017-07-20 12:05:23' , 119 );
INSERT INTO Appointment(Doctor_id, Patient_id, Room, Date, Price) VALUES ( (SELECT floor(random() * ( (SELECT CURRVAL('Doctor_doctor_id_seq')) ) + 1 )) , (SELECT CURRVAL('Patient_patient_id_seq') ), 328 , '2013-06-20 21:29:55' , 339 );
INSERT INTO Medical_record(Patient_id, Creation_date, Diagnosis, Prescription) VALUES ((SELECT CURRVAL('Patient_patient_id_seq') ), '2014-12-22 15:00:00' , 'Diabetes' , 'Gazyva' );
INSERT INTO Notification(Patient_id, Date, Event, Sound) VALUES ((SELECT CURRVAL('Patient_patient_id_seq') ), '2017-02-11 02:10:33' , 'Conference language natural.' , 2 );
INSERT INTO Notification(Patient_id, Date, Event, Sound) VALUES ((SELECT CURRVAL('Patient_patient_id_seq') ), '2016-02-25 23:21:03' , 'Whom establish page fine eat growth three personal.' , 4 );
INSERT INTO Payment(Patient_id, Date, Description, Amount) VALUES ((SELECT CURRVAL('Patient_patient_id_seq') ), '2010-01-05 17:25:01' , 'Us picture season civil yes their six.' , 5335975 );
INSERT INTO Payment(Patient_id, Date, Description, Amount) VALUES ((SELECT CURRVAL('Patient_patient_id_seq') ), '2019-08-11 15:57:56' , 'Prove ground treatment live take.' , 9146087 );
INSERT INTO Account(Login, Password, Permission_level, Date_of_creation, Last_time_online) VALUES ('williamsonelizabeth','_5GoI)m9ZR' , 5 , '2019-05-01 07:11:53' , '2019-11-24 07:02:41');
INSERT INTO Patient(Account_id, Full_name, Address, Date_of_birth, Passport_number, Insurance_policy_number, Credit_card_number, Age) VALUES ((SELECT CURRVAL('account_account_id_seq') ),'Suzanne Wood' , '61240 Matthew Courts Apt. 397 , Cookton, KY 24418' , '1913-05-05' , 78213241 , '67-5185744' , '5157674281743650' , '106' );
INSERT INTO Appointment(Doctor_id, Patient_id, Room, Date, Price) VALUES ( (SELECT floor(random() * ( (SELECT CURRVAL('Doctor_doctor_id_seq')) ) + 1 )) , (SELECT CURRVAL('Patient_patient_id_seq') ), 167 , '2017-09-11 08:35:41' , 450 );
INSERT INTO Appointment(Doctor_id, Patient_id, Room, Date, Price) VALUES ( (SELECT floor(random() * ( (SELECT CURRVAL('Doctor_doctor_id_seq')) ) + 1 )) , (SELECT CURRVAL('Patient_patient_id_seq') ), 741 , '2016-03-31 23:26:27' , 374 );
INSERT INTO Appointment(Doctor_id, Patient_id, Room, Date, Price) VALUES ( (SELECT floor(random() * ( (SELECT CURRVAL('Doctor_doctor_id_seq')) ) + 1 )) , (SELECT CURRVAL('Patient_patient_id_seq') ), 612 , '2011-08-30 16:47:04' , 703 );
INSERT INTO Appointment(Doctor_id, Patient_id, Room, Date, Price) VALUES ( (SELECT floor(random() * ( (SELECT CURRVAL('Doctor_doctor_id_seq')) ) + 1 )) , (SELECT CURRVAL('Patient_patient_id_seq') ), 463 , '2013-06-29 09:30:58' , 765 );
INSERT INTO Appointment(Doctor_id, Patient_id, Room, Date, Price) VALUES ( (SELECT floor(random() * ( (SELECT CURRVAL('Doctor_doctor_id_seq')) ) + 1 )) , (SELECT CURRVAL('Patient_patient_id_seq') ), 436 , '2015-11-18 04:19:30' , 974 );
INSERT INTO Medical_record(Patient_id, Creation_date, Diagnosis, Prescription) VALUES ((SELECT CURRVAL('Patient_patient_id_seq') ), '2012-09-27 16:38:05' , 'Major depressive disorder' , 'Antibacterial Foam' );
INSERT INTO Notification(Patient_id, Date, Event, Sound) VALUES ((SELECT CURRVAL('Patient_patient_id_seq') ), '2018-08-27 20:37:00' , 'Region shake agreement many collection.' , 9 );
INSERT INTO Notification(Patient_id, Date, Event, Sound) VALUES ((SELECT CURRVAL('Patient_patient_id_seq') ), '2018-02-24 18:30:46' , 'Since southern front young religious various.' , 3 );
INSERT INTO Payment(Patient_id, Date, Description, Amount) VALUES ((SELECT CURRVAL('Patient_patient_id_seq') ), '2010-12-17 22:36:51' , 'Black ground admit she together room trouble.' , 3225793 );
INSERT INTO Payment(Patient_id, Date, Description, Amount) VALUES ((SELECT CURRVAL('Patient_patient_id_seq') ), '2014-12-07 10:56:15' , 'Me address hear girl minute.' , 3011449 );
INSERT INTO Account(Login, Password, Permission_level, Date_of_creation, Last_time_online) VALUES ('ljones','&*fHN0Gd0t' , 5 , '2013-09-12 05:38:39' , '2019-11-22 06:42:39');
INSERT INTO Patient(Account_id, Full_name, Address, Date_of_birth, Passport_number, Insurance_policy_number, Credit_card_number, Age) VALUES ((SELECT CURRVAL('account_account_id_seq') ),'Mark Hull' , '3027 Lopez Station Apt. 183 , South Lori, NY 04324' , '1929-05-30' , 46208538 , '99-9740598' , '2659460739452239' , '90' );
INSERT INTO Appointment(Doctor_id, Patient_id, Room, Date, Price) VALUES ( (SELECT floor(random() * ( (SELECT CURRVAL('Doctor_doctor_id_seq')) ) + 1 )) , (SELECT CURRVAL('Patient_patient_id_seq') ), 644 , '2012-10-15 07:41:33' , 446 );
INSERT INTO Appointment(Doctor_id, Patient_id, Room, Date, Price) VALUES ( (SELECT floor(random() * ( (SELECT CURRVAL('Doctor_doctor_id_seq')) ) + 1 )) , (SELECT CURRVAL('Patient_patient_id_seq') ), 935 , '2017-09-09 21:33:44' , 948 );
INSERT INTO Appointment(Doctor_id, Patient_id, Room, Date, Price) VALUES ( (SELECT floor(random() * ( (SELECT CURRVAL('Doctor_doctor_id_seq')) ) + 1 )) , (SELECT CURRVAL('Patient_patient_id_seq') ), 312 , '2010-09-11 13:41:22' , 965 );
INSERT INTO Appointment(Doctor_id, Patient_id, Room, Date, Price) VALUES ( (SELECT floor(random() * ( (SELECT CURRVAL('Doctor_doctor_id_seq')) ) + 1 )) , (SELECT CURRVAL('Patient_patient_id_seq') ), 143 , '2010-01-31 19:26:13' , 445 );
INSERT INTO Appointment(Doctor_id, Patient_id, Room, Date, Price) VALUES ( (SELECT floor(random() * ( (SELECT CURRVAL('Doctor_doctor_id_seq')) ) + 1 )) , (SELECT CURRVAL('Patient_patient_id_seq') ), 583 , '2019-06-29 01:32:54' , 801 );
INSERT INTO Medical_record(Patient_id, Creation_date, Diagnosis, Prescription) VALUES ((SELECT CURRVAL('Patient_patient_id_seq') ), '2011-04-24 14:13:46' , 'Acute laryngopharyngitis' , 'Antibacterial Foam' );
INSERT INTO Notification(Patient_id, Date, Event, Sound) VALUES ((SELECT CURRVAL('Patient_patient_id_seq') ), '2011-09-12 11:37:18' , 'Position whole artist above scientist.' , 1 );
INSERT INTO Notification(Patient_id, Date, Event, Sound) VALUES ((SELECT CURRVAL('Patient_patient_id_seq') ), '2011-10-11 05:59:21' , 'Use lead performance new contain.' , 4 );
INSERT INTO Payment(Patient_id, Date, Description, Amount) VALUES ((SELECT CURRVAL('Patient_patient_id_seq') ), '2017-01-04 06:43:06' , 'Camera toward standard wide again subject gas later.' , 1476202 );
INSERT INTO Payment(Patient_id, Date, Description, Amount) VALUES ((SELECT CURRVAL('Patient_patient_id_seq') ), '2019-10-10 19:15:51' , 'Performance sort ago write top agreement ask issue.' , 2559625 );
INSERT INTO Account(Login, Password, Permission_level, Date_of_creation, Last_time_online) VALUES ('gregory05','Z^xBGc@S(6' , 5 , '2019-08-28 22:12:12' , '2019-11-22 21:45:00');
INSERT INTO Patient(Account_id, Full_name, Address, Date_of_birth, Passport_number, Insurance_policy_number, Credit_card_number, Age) VALUES ((SELECT CURRVAL('account_account_id_seq') ),'Scott Carpenter' , '359 Hernandez Landing Suite 741 , Haleytown, WY 82703' , '1988-11-05' , 41460863 , '20-0536456' , '2708654424493513' , '31' );
INSERT INTO Appointment(Doctor_id, Patient_id, Room, Date, Price) VALUES ( (SELECT floor(random() * ( (SELECT CURRVAL('Doctor_doctor_id_seq')) ) + 1 )) , (SELECT CURRVAL('Patient_patient_id_seq') ), 350 , '2017-05-03 13:33:43' , 731 );
INSERT INTO Appointment(Doctor_id, Patient_id, Room, Date, Price) VALUES ( (SELECT floor(random() * ( (SELECT CURRVAL('Doctor_doctor_id_seq')) ) + 1 )) , (SELECT CURRVAL('Patient_patient_id_seq') ), 263 , '2018-11-25 05:42:51' , 519 );
INSERT INTO Appointment(Doctor_id, Patient_id, Room, Date, Price) VALUES ( (SELECT floor(random() * ( (SELECT CURRVAL('Doctor_doctor_id_seq')) ) + 1 )) , (SELECT CURRVAL('Patient_patient_id_seq') ), 191 , '2010-12-11 14:14:39' , 384 );
INSERT INTO Appointment(Doctor_id, Patient_id, Room, Date, Price) VALUES ( (SELECT floor(random() * ( (SELECT CURRVAL('Doctor_doctor_id_seq')) ) + 1 )) , (SELECT CURRVAL('Patient_patient_id_seq') ), 167 , '2010-06-05 20:56:37' , 114 );
INSERT INTO Appointment(Doctor_id, Patient_id, Room, Date, Price) VALUES ( (SELECT floor(random() * ( (SELECT CURRVAL('Doctor_doctor_id_seq')) ) + 1 )) , (SELECT CURRVAL('Patient_patient_id_seq') ), 598 , '2013-03-15 01:26:04' , 982 );
INSERT INTO Medical_record(Patient_id, Creation_date, Diagnosis, Prescription) VALUES ((SELECT CURRVAL('Patient_patient_id_seq') ), '2012-01-17 05:10:31' , 'Respiratory problems' , 'CALCAREA FLUORICA' );
INSERT INTO Notification(Patient_id, Date, Event, Sound) VALUES ((SELECT CURRVAL('Patient_patient_id_seq') ), '2017-04-16 16:13:26' , 'At professional behind car hand several.' , 9 );
INSERT INTO Notification(Patient_id, Date, Event, Sound) VALUES ((SELECT CURRVAL('Patient_patient_id_seq') ), '2017-11-29 18:20:49' , 'Road teach discuss measure weight a special teach.' , 3 );
INSERT INTO Payment(Patient_id, Date, Description, Amount) VALUES ((SELECT CURRVAL('Patient_patient_id_seq') ), '2018-10-18 00:16:16' , 'Position rock these pay law development blue.' , 7528990 );
INSERT INTO Payment(Patient_id, Date, Description, Amount) VALUES ((SELECT CURRVAL('Patient_patient_id_seq') ), '2010-06-20 08:28:38' , 'Instead purpose four even stop real off.' , 5049885 );
INSERT INTO Account(Login, Password, Permission_level, Date_of_creation, Last_time_online) VALUES ('meredithbeard','4Gl6IV!sT@' , 5 , '2012-05-12 11:17:59' , '2019-11-22 16:03:12');
INSERT INTO Patient(Account_id, Full_name, Address, Date_of_birth, Passport_number, Insurance_policy_number, Credit_card_number, Age) VALUES ((SELECT CURRVAL('account_account_id_seq') ),'Elizabeth Williams' , '34996 Travis Port Suite 178 , Edwardsside, FL 57344' , '1926-10-21' , 89422014 , '48-5823436' , '2720140440637576' , '93' );
INSERT INTO Appointment(Doctor_id, Patient_id, Room, Date, Price) VALUES ( (SELECT floor(random() * ( (SELECT CURRVAL('Doctor_doctor_id_seq')) ) + 1 )) , (SELECT CURRVAL('Patient_patient_id_seq') ), 387 , '2010-02-08 17:04:08' , 751 );
INSERT INTO Appointment(Doctor_id, Patient_id, Room, Date, Price) VALUES ( (SELECT floor(random() * ( (SELECT CURRVAL('Doctor_doctor_id_seq')) ) + 1 )) , (SELECT CURRVAL('Patient_patient_id_seq') ), 412 , '2019-02-24 17:08:22' , 642 );
INSERT INTO Appointment(Doctor_id, Patient_id, Room, Date, Price) VALUES ( (SELECT floor(random() * ( (SELECT CURRVAL('Doctor_doctor_id_seq')) ) + 1 )) , (SELECT CURRVAL('Patient_patient_id_seq') ), 706 , '2013-12-12 00:35:34' , 152 );
INSERT INTO Appointment(Doctor_id, Patient_id, Room, Date, Price) VALUES ( (SELECT floor(random() * ( (SELECT CURRVAL('Doctor_doctor_id_seq')) ) + 1 )) , (SELECT CURRVAL('Patient_patient_id_seq') ), 503 , '2017-08-07 06:10:01' , 920 );
INSERT INTO Appointment(Doctor_id, Patient_id, Room, Date, Price) VALUES ( (SELECT floor(random() * ( (SELECT CURRVAL('Doctor_doctor_id_seq')) ) + 1 )) , (SELECT CURRVAL('Patient_patient_id_seq') ), 772 , '2010-12-07 19:29:17' , 40 );
INSERT INTO Medical_record(Patient_id, Creation_date, Diagnosis, Prescription) VALUES ((SELECT CURRVAL('Patient_patient_id_seq') ), '2016-08-01 21:43:15' , 'Visual refractive errors' , 'Antibacterial Foam' );
INSERT INTO Notification(Patient_id, Date, Event, Sound) VALUES ((SELECT CURRVAL('Patient_patient_id_seq') ), '2015-06-26 22:12:31' , 'Anyone station detail stage language ago including.' , 9 );
INSERT INTO Notification(Patient_id, Date, Event, Sound) VALUES ((SELECT CURRVAL('Patient_patient_id_seq') ), '2016-10-15 04:20:44' , 'Town experience between listen necessary property just.' , 2 );
INSERT INTO Payment(Patient_id, Date, Description, Amount) VALUES ((SELECT CURRVAL('Patient_patient_id_seq') ), '2015-09-23 07:39:17' , 'Popular him memory hear.' , 4607087 );
INSERT INTO Payment(Patient_id, Date, Description, Amount) VALUES ((SELECT CURRVAL('Patient_patient_id_seq') ), '2019-04-15 06:16:06' , 'Window like former me hotel brother blood.' , 8237402 );
INSERT INTO Account(Login, Password, Permission_level, Date_of_creation, Last_time_online) VALUES ('jimmy74','@bY6M9rM44' , 5 , '2017-05-15 18:02:20' , '2019-11-23 03:47:42');
INSERT INTO Patient(Account_id, Full_name, Address, Date_of_birth, Passport_number, Insurance_policy_number, Credit_card_number, Age) VALUES ((SELECT CURRVAL('account_account_id_seq') ),'Spencer Wolfe' , '37800 Natasha Manors Apt. 807 , North Erin, SD 72505' , '1980-07-04' , 89296059 , '27-3855075' , '2720084226921301' , '39' );
INSERT INTO Appointment(Doctor_id, Patient_id, Room, Date, Price) VALUES ( (SELECT floor(random() * ( (SELECT CURRVAL('Doctor_doctor_id_seq')) ) + 1 )) , (SELECT CURRVAL('Patient_patient_id_seq') ), 902 , '2013-09-11 20:49:29' , 572 );
INSERT INTO Appointment(Doctor_id, Patient_id, Room, Date, Price) VALUES ( (SELECT floor(random() * ( (SELECT CURRVAL('Doctor_doctor_id_seq')) ) + 1 )) , (SELECT CURRVAL('Patient_patient_id_seq') ), 719 , '2014-03-16 19:22:44' , 281 );
INSERT INTO Appointment(Doctor_id, Patient_id, Room, Date, Price) VALUES ( (SELECT floor(random() * ( (SELECT CURRVAL('Doctor_doctor_id_seq')) ) + 1 )) , (SELECT CURRVAL('Patient_patient_id_seq') ), 124 , '2013-09-10 09:33:04' , 337 );
INSERT INTO Appointment(Doctor_id, Patient_id, Room, Date, Price) VALUES ( (SELECT floor(random() * ( (SELECT CURRVAL('Doctor_doctor_id_seq')) ) + 1 )) , (SELECT CURRVAL('Patient_patient_id_seq') ), 815 , '2012-08-30 12:50:36' , 636 );
INSERT INTO Appointment(Doctor_id, Patient_id, Room, Date, Price) VALUES ( (SELECT floor(random() * ( (SELECT CURRVAL('Doctor_doctor_id_seq')) ) + 1 )) , (SELECT CURRVAL('Patient_patient_id_seq') ), 792 , '2014-11-26 02:12:25' , 257 );
INSERT INTO Medical_record(Patient_id, Creation_date, Diagnosis, Prescription) VALUES ((SELECT CURRVAL('Patient_patient_id_seq') ), '2015-03-31 08:01:56' , 'Anxiety' , 'home sense' );
INSERT INTO Notification(Patient_id, Date, Event, Sound) VALUES ((SELECT CURRVAL('Patient_patient_id_seq') ), '2012-05-01 09:28:25' , 'Environmental country price store perform economy southern choice.' , 3 );
INSERT INTO Notification(Patient_id, Date, Event, Sound) VALUES ((SELECT CURRVAL('Patient_patient_id_seq') ), '2013-07-07 17:34:58' , 'Remain few blood stop edge interest.' , 0 );
INSERT INTO Payment(Patient_id, Date, Description, Amount) VALUES ((SELECT CURRVAL('Patient_patient_id_seq') ), '2010-01-21 20:23:48' , 'Generation miss choose consumer issue eye end movement.' , 4045414 );
INSERT INTO Payment(Patient_id, Date, Description, Amount) VALUES ((SELECT CURRVAL('Patient_patient_id_seq') ), '2019-03-10 08:31:45' , 'Pass laugh everybody either how blue.' , 9164678 );
INSERT INTO Account(Login, Password, Permission_level, Date_of_creation, Last_time_online) VALUES ('craig86','^V)1xF_h00' , 5 , '2014-07-08 20:36:57' , '2019-11-24 08:47:29');
INSERT INTO Patient(Account_id, Full_name, Address, Date_of_birth, Passport_number, Insurance_policy_number, Credit_card_number, Age) VALUES ((SELECT CURRVAL('account_account_id_seq') ),'Aaron Richards' , '863 Rivera Junction Apt. 654 , Rickyfurt, AR 10332' , '1958-09-09' , 63470666 , '38-2504402' , '2246476816892873' , '61' );
INSERT INTO Appointment(Doctor_id, Patient_id, Room, Date, Price) VALUES ( (SELECT floor(random() * ( (SELECT CURRVAL('Doctor_doctor_id_seq')) ) + 1 )) , (SELECT CURRVAL('Patient_patient_id_seq') ), 212 , '2011-01-07 15:22:26' , 234 );
INSERT INTO Appointment(Doctor_id, Patient_id, Room, Date, Price) VALUES ( (SELECT floor(random() * ( (SELECT CURRVAL('Doctor_doctor_id_seq')) ) + 1 )) , (SELECT CURRVAL('Patient_patient_id_seq') ), 135 , '2012-06-17 18:40:11' , 621 );
INSERT INTO Appointment(Doctor_id, Patient_id, Room, Date, Price) VALUES ( (SELECT floor(random() * ( (SELECT CURRVAL('Doctor_doctor_id_seq')) ) + 1 )) , (SELECT CURRVAL('Patient_patient_id_seq') ), 356 , '2018-02-18 14:54:17' , 260 );
INSERT INTO Appointment(Doctor_id, Patient_id, Room, Date, Price) VALUES ( (SELECT floor(random() * ( (SELECT CURRVAL('Doctor_doctor_id_seq')) ) + 1 )) , (SELECT CURRVAL('Patient_patient_id_seq') ), 680 , '2014-01-28 14:02:54' , 945 );
INSERT INTO Appointment(Doctor_id, Patient_id, Room, Date, Price) VALUES ( (SELECT floor(random() * ( (SELECT CURRVAL('Doctor_doctor_id_seq')) ) + 1 )) , (SELECT CURRVAL('Patient_patient_id_seq') ), 531 , '2012-01-05 09:51:20' , 129 );
INSERT INTO Medical_record(Patient_id, Creation_date, Diagnosis, Prescription) VALUES ((SELECT CURRVAL('Patient_patient_id_seq') ), '2018-04-14 11:12:38' , 'Diabetes' , 'Power Aqua Balancing Toner' );
INSERT INTO Notification(Patient_id, Date, Event, Sound) VALUES ((SELECT CURRVAL('Patient_patient_id_seq') ), '2011-01-10 20:23:03' , 'Break born help from bed hold individual.' , 5 );
INSERT INTO Notification(Patient_id, Date, Event, Sound) VALUES ((SELECT CURRVAL('Patient_patient_id_seq') ), '2012-10-01 07:24:14' , 'Phone support value allow memory good push positive.' , 10 );
INSERT INTO Payment(Patient_id, Date, Description, Amount) VALUES ((SELECT CURRVAL('Patient_patient_id_seq') ), '2013-12-27 07:31:04' , 'Camera outside listen western final third.' , 5129686 );
INSERT INTO Payment(Patient_id, Date, Description, Amount) VALUES ((SELECT CURRVAL('Patient_patient_id_seq') ), '2015-06-21 18:49:02' , 'Wonder piece room move million out value.' , 3210246 );
INSERT INTO Account(Login, Password, Permission_level, Date_of_creation, Last_time_online) VALUES ('byoung','l!hTY5EdI!' , 5 , '2017-03-18 18:05:17' , '2019-11-24 15:26:05');
INSERT INTO Patient(Account_id, Full_name, Address, Date_of_birth, Passport_number, Insurance_policy_number, Credit_card_number, Age) VALUES ((SELECT CURRVAL('account_account_id_seq') ),'Samuel Jones' , 'Unit 7267 Box 4583 , DPO AE 10793' , '1923-11-05' , 93980623 , '42-9907802' , '5233555836347519' , '96' );
INSERT INTO Appointment(Doctor_id, Patient_id, Room, Date, Price) VALUES ( (SELECT floor(random() * ( (SELECT CURRVAL('Doctor_doctor_id_seq')) ) + 1 )) , (SELECT CURRVAL('Patient_patient_id_seq') ), 359 , '2012-04-14 23:42:10' , 567 );
INSERT INTO Appointment(Doctor_id, Patient_id, Room, Date, Price) VALUES ( (SELECT floor(random() * ( (SELECT CURRVAL('Doctor_doctor_id_seq')) ) + 1 )) , (SELECT CURRVAL('Patient_patient_id_seq') ), 428 , '2011-09-01 14:07:42' , 329 );
INSERT INTO Appointment(Doctor_id, Patient_id, Room, Date, Price) VALUES ( (SELECT floor(random() * ( (SELECT CURRVAL('Doctor_doctor_id_seq')) ) + 1 )) , (SELECT CURRVAL('Patient_patient_id_seq') ), 268 , '2011-10-12 06:39:38' , 22 );
INSERT INTO Appointment(Doctor_id, Patient_id, Room, Date, Price) VALUES ( (SELECT floor(random() * ( (SELECT CURRVAL('Doctor_doctor_id_seq')) ) + 1 )) , (SELECT CURRVAL('Patient_patient_id_seq') ), 50 , '2012-11-29 07:14:59' , 817 );
INSERT INTO Appointment(Doctor_id, Patient_id, Room, Date, Price) VALUES ( (SELECT floor(random() * ( (SELECT CURRVAL('Doctor_doctor_id_seq')) ) + 1 )) , (SELECT CURRVAL('Patient_patient_id_seq') ), 304 , '2015-04-21 09:20:37' , 396 );
INSERT INTO Medical_record(Patient_id, Creation_date, Diagnosis, Prescription) VALUES ((SELECT CURRVAL('Patient_patient_id_seq') ), '2019-01-30 03:46:26' , 'Urinary tract infection' , 'Cardizem CD' );
INSERT INTO Notification(Patient_id, Date, Event, Sound) VALUES ((SELECT CURRVAL('Patient_patient_id_seq') ), '2012-11-04 18:42:52' , 'Up too these ground reflect our.' , 0 );
INSERT INTO Notification(Patient_id, Date, Event, Sound) VALUES ((SELECT CURRVAL('Patient_patient_id_seq') ), '2014-05-12 19:34:15' , 'Successful my imagine goal human cup.' , 9 );
INSERT INTO Payment(Patient_id, Date, Description, Amount) VALUES ((SELECT CURRVAL('Patient_patient_id_seq') ), '2011-07-29 13:26:03' , 'Name benefit meeting mention can near big.' , 6702587 );
INSERT INTO Payment(Patient_id, Date, Description, Amount) VALUES ((SELECT CURRVAL('Patient_patient_id_seq') ), '2017-08-19 00:53:04' , 'Face body environment rich across bar.' , 2814846 );
INSERT INTO Account(Login, Password, Permission_level, Date_of_creation, Last_time_online) VALUES ('heather20','^5mFXmztoB' , 5 , '2017-02-10 08:45:48' , '2019-11-21 17:40:52');
INSERT INTO Patient(Account_id, Full_name, Address, Date_of_birth, Passport_number, Insurance_policy_number, Credit_card_number, Age) VALUES ((SELECT CURRVAL('account_account_id_seq') ),'Anne Key' , '84812 Carter Common Apt. 972 , North Williamberg, MD 05574' , '1953-06-19' , 30748996 , '82-0668537' , '2599698112875426' , '66' );
INSERT INTO Appointment(Doctor_id, Patient_id, Room, Date, Price) VALUES ( (SELECT floor(random() * ( (SELECT CURRVAL('Doctor_doctor_id_seq')) ) + 1 )) , (SELECT CURRVAL('Patient_patient_id_seq') ), 75 , '2016-06-16 06:10:57' , 670 );
INSERT INTO Appointment(Doctor_id, Patient_id, Room, Date, Price) VALUES ( (SELECT floor(random() * ( (SELECT CURRVAL('Doctor_doctor_id_seq')) ) + 1 )) , (SELECT CURRVAL('Patient_patient_id_seq') ), 832 , '2014-08-07 13:07:21' , 594 );
INSERT INTO Appointment(Doctor_id, Patient_id, Room, Date, Price) VALUES ( (SELECT floor(random() * ( (SELECT CURRVAL('Doctor_doctor_id_seq')) ) + 1 )) , (SELECT CURRVAL('Patient_patient_id_seq') ), 543 , '2014-03-06 15:16:08' , 157 );
INSERT INTO Appointment(Doctor_id, Patient_id, Room, Date, Price) VALUES ( (SELECT floor(random() * ( (SELECT CURRVAL('Doctor_doctor_id_seq')) ) + 1 )) , (SELECT CURRVAL('Patient_patient_id_seq') ), 592 , '2017-08-09 21:01:17' , 940 );
INSERT INTO Appointment(Doctor_id, Patient_id, Room, Date, Price) VALUES ( (SELECT floor(random() * ( (SELECT CURRVAL('Doctor_doctor_id_seq')) ) + 1 )) , (SELECT CURRVAL('Patient_patient_id_seq') ), 163 , '2017-01-14 21:46:29' , 162 );
INSERT INTO Medical_record(Patient_id, Creation_date, Diagnosis, Prescription) VALUES ((SELECT CURRVAL('Patient_patient_id_seq') ), '2015-08-24 16:27:33' , 'Coronary atherosclerosis' , 'Gambil Oak' );
INSERT INTO Notification(Patient_id, Date, Event, Sound) VALUES ((SELECT CURRVAL('Patient_patient_id_seq') ), '2013-11-15 11:24:58' , 'Oil scene arm southern challenge summer prepare later.' , 4 );
INSERT INTO Notification(Patient_id, Date, Event, Sound) VALUES ((SELECT CURRVAL('Patient_patient_id_seq') ), '2012-07-29 23:37:26' , 'Plant focus on health.' , 2 );
INSERT INTO Payment(Patient_id, Date, Description, Amount) VALUES ((SELECT CURRVAL('Patient_patient_id_seq') ), '2011-08-31 00:32:28' , 'Modern firm gas pressure station.' , 7171174 );
INSERT INTO Payment(Patient_id, Date, Description, Amount) VALUES ((SELECT CURRVAL('Patient_patient_id_seq') ), '2015-06-26 16:14:23' , 'But stay I physical require evidence song.' , 3013386 );
INSERT INTO Account(Login, Password, Permission_level, Date_of_creation, Last_time_online) VALUES ('joseph55','t&k41VpwnK' , 5 , '2017-01-07 09:20:31' , '2019-11-20 02:37:22');
INSERT INTO Patient(Account_id, Full_name, Address, Date_of_birth, Passport_number, Insurance_policy_number, Credit_card_number, Age) VALUES ((SELECT CURRVAL('account_account_id_seq') ),'Sherry Calderon DVM' , '14513 Lopez Ports , Katiebury, PA 40689' , '2001-02-02' , 59343189 , '15-2657076' , '2260666509370176' , '18' );
INSERT INTO Appointment(Doctor_id, Patient_id, Room, Date, Price) VALUES ( (SELECT floor(random() * ( (SELECT CURRVAL('Doctor_doctor_id_seq')) ) + 1 )) , (SELECT CURRVAL('Patient_patient_id_seq') ), 168 , '2013-08-24 12:33:01' , 239 );
INSERT INTO Appointment(Doctor_id, Patient_id, Room, Date, Price) VALUES ( (SELECT floor(random() * ( (SELECT CURRVAL('Doctor_doctor_id_seq')) ) + 1 )) , (SELECT CURRVAL('Patient_patient_id_seq') ), 28 , '2014-09-09 16:08:39' , 239 );
INSERT INTO Appointment(Doctor_id, Patient_id, Room, Date, Price) VALUES ( (SELECT floor(random() * ( (SELECT CURRVAL('Doctor_doctor_id_seq')) ) + 1 )) , (SELECT CURRVAL('Patient_patient_id_seq') ), 953 , '2014-06-27 19:53:06' , 103 );
INSERT INTO Appointment(Doctor_id, Patient_id, Room, Date, Price) VALUES ( (SELECT floor(random() * ( (SELECT CURRVAL('Doctor_doctor_id_seq')) ) + 1 )) , (SELECT CURRVAL('Patient_patient_id_seq') ), 274 , '2014-06-16 10:01:00' , 786 );
INSERT INTO Appointment(Doctor_id, Patient_id, Room, Date, Price) VALUES ( (SELECT floor(random() * ( (SELECT CURRVAL('Doctor_doctor_id_seq')) ) + 1 )) , (SELECT CURRVAL('Patient_patient_id_seq') ), 962 , '2015-10-13 23:42:33' , 15 );
INSERT INTO Medical_record(Patient_id, Creation_date, Diagnosis, Prescription) VALUES ((SELECT CURRVAL('Patient_patient_id_seq') ), '2017-06-29 06:56:11' , 'Depressive disorder' , 'Aplicare Povidone-iodine Triples' );
INSERT INTO Notification(Patient_id, Date, Event, Sound) VALUES ((SELECT CURRVAL('Patient_patient_id_seq') ), '2018-12-09 14:12:44' , 'Bed trouble me.' , 4 );
INSERT INTO Notification(Patient_id, Date, Event, Sound) VALUES ((SELECT CURRVAL('Patient_patient_id_seq') ), '2012-02-19 23:35:17' , 'Pattern myself name court.' , 4 );
INSERT INTO Payment(Patient_id, Date, Description, Amount) VALUES ((SELECT CURRVAL('Patient_patient_id_seq') ), '2017-01-10 16:53:26' , 'Reduce our finally billion together station.' , 5726988 );
INSERT INTO Payment(Patient_id, Date, Description, Amount) VALUES ((SELECT CURRVAL('Patient_patient_id_seq') ), '2015-09-18 22:32:04' , 'Imagine sometimes mouth lead.' , 8576985 );
INSERT INTO Account(Login, Password, Permission_level, Date_of_creation, Last_time_online) VALUES ('summersjoshua','F3Fw(6vu)w' , 5 , '2014-06-17 03:57:19' , '2019-11-20 08:59:27');
INSERT INTO Patient(Account_id, Full_name, Address, Date_of_birth, Passport_number, Insurance_policy_number, Credit_card_number, Age) VALUES ((SELECT CURRVAL('account_account_id_seq') ),'Austin Robinson' , 'USCGC Chase , FPO AA 69398' , '1990-03-07' , 34282151 , '81-9595580' , '5325696949773156' , '29' );
INSERT INTO Appointment(Doctor_id, Patient_id, Room, Date, Price) VALUES ( (SELECT floor(random() * ( (SELECT CURRVAL('Doctor_doctor_id_seq')) ) + 1 )) , (SELECT CURRVAL('Patient_patient_id_seq') ), 834 , '2010-06-30 09:19:20' , 869 );
INSERT INTO Appointment(Doctor_id, Patient_id, Room, Date, Price) VALUES ( (SELECT floor(random() * ( (SELECT CURRVAL('Doctor_doctor_id_seq')) ) + 1 )) , (SELECT CURRVAL('Patient_patient_id_seq') ), 131 , '2016-09-14 19:30:33' , 377 );
INSERT INTO Appointment(Doctor_id, Patient_id, Room, Date, Price) VALUES ( (SELECT floor(random() * ( (SELECT CURRVAL('Doctor_doctor_id_seq')) ) + 1 )) , (SELECT CURRVAL('Patient_patient_id_seq') ), 429 , '2019-10-07 10:47:50' , 208 );
INSERT INTO Appointment(Doctor_id, Patient_id, Room, Date, Price) VALUES ( (SELECT floor(random() * ( (SELECT CURRVAL('Doctor_doctor_id_seq')) ) + 1 )) , (SELECT CURRVAL('Patient_patient_id_seq') ), 922 , '2013-04-29 14:21:02' , 96 );
INSERT INTO Appointment(Doctor_id, Patient_id, Room, Date, Price) VALUES ( (SELECT floor(random() * ( (SELECT CURRVAL('Doctor_doctor_id_seq')) ) + 1 )) , (SELECT CURRVAL('Patient_patient_id_seq') ), 416 , '2019-03-15 09:01:45' , 285 );
INSERT INTO Medical_record(Patient_id, Creation_date, Diagnosis, Prescription) VALUES ((SELECT CURRVAL('Patient_patient_id_seq') ), '2011-07-04 16:42:49' , 'Allergic rhinitis' , 'Power Aqua Balancing Toner' );
INSERT INTO Notification(Patient_id, Date, Event, Sound) VALUES ((SELECT CURRVAL('Patient_patient_id_seq') ), '2015-06-21 01:59:49' , 'Exist myself trip consider across yet.' , 2 );
INSERT INTO Notification(Patient_id, Date, Event, Sound) VALUES ((SELECT CURRVAL('Patient_patient_id_seq') ), '2017-06-17 16:40:15' , 'Over final reduce remain wait.' , 4 );
INSERT INTO Payment(Patient_id, Date, Description, Amount) VALUES ((SELECT CURRVAL('Patient_patient_id_seq') ), '2015-02-02 07:30:59' , 'Concern treatment huge painting section plant hundred note.' , 8779993 );
INSERT INTO Payment(Patient_id, Date, Description, Amount) VALUES ((SELECT CURRVAL('Patient_patient_id_seq') ), '2013-03-22 20:34:49' , 'City them glass debate.' , 9109681 );
INSERT INTO Account(Login, Password, Permission_level, Date_of_creation, Last_time_online) VALUES ('harrislisa','_D*dU#zp4m' , 5 , '2012-02-11 09:38:58' , '2019-11-21 15:02:03');
INSERT INTO Patient(Account_id, Full_name, Address, Date_of_birth, Passport_number, Insurance_policy_number, Credit_card_number, Age) VALUES ((SELECT CURRVAL('account_account_id_seq') ),'Susan Burton' , '1595 Michael Manor , Elliottbury, CT 66249' , '1988-01-06' , 75822897 , '14-5757083' , '2705812547679375' , '31' );
INSERT INTO Appointment(Doctor_id, Patient_id, Room, Date, Price) VALUES ( (SELECT floor(random() * ( (SELECT CURRVAL('Doctor_doctor_id_seq')) ) + 1 )) , (SELECT CURRVAL('Patient_patient_id_seq') ), 569 , '2014-11-17 06:28:23' , 216 );
INSERT INTO Appointment(Doctor_id, Patient_id, Room, Date, Price) VALUES ( (SELECT floor(random() * ( (SELECT CURRVAL('Doctor_doctor_id_seq')) ) + 1 )) , (SELECT CURRVAL('Patient_patient_id_seq') ), 33 , '2017-01-06 07:47:43' , 602 );
INSERT INTO Appointment(Doctor_id, Patient_id, Room, Date, Price) VALUES ( (SELECT floor(random() * ( (SELECT CURRVAL('Doctor_doctor_id_seq')) ) + 1 )) , (SELECT CURRVAL('Patient_patient_id_seq') ), 918 , '2015-02-23 04:37:57' , 911 );
INSERT INTO Appointment(Doctor_id, Patient_id, Room, Date, Price) VALUES ( (SELECT floor(random() * ( (SELECT CURRVAL('Doctor_doctor_id_seq')) ) + 1 )) , (SELECT CURRVAL('Patient_patient_id_seq') ), 905 , '2011-09-09 23:10:12' , 396 );
INSERT INTO Appointment(Doctor_id, Patient_id, Room, Date, Price) VALUES ( (SELECT floor(random() * ( (SELECT CURRVAL('Doctor_doctor_id_seq')) ) + 1 )) , (SELECT CURRVAL('Patient_patient_id_seq') ), 294 , '2015-10-11 10:17:33' , 646 );
INSERT INTO Medical_record(Patient_id, Creation_date, Diagnosis, Prescription) VALUES ((SELECT CURRVAL('Patient_patient_id_seq') ), '2012-10-30 08:54:00' , 'Hypothyroidism' , 'OVACE' );
INSERT INTO Notification(Patient_id, Date, Event, Sound) VALUES ((SELECT CURRVAL('Patient_patient_id_seq') ), '2017-11-12 02:47:42' , 'Evening hard value name purpose product.' , 3 );
INSERT INTO Notification(Patient_id, Date, Event, Sound) VALUES ((SELECT CURRVAL('Patient_patient_id_seq') ), '2017-07-06 04:30:14' , 'Attention the question reason place.' , 3 );
INSERT INTO Payment(Patient_id, Date, Description, Amount) VALUES ((SELECT CURRVAL('Patient_patient_id_seq') ), '2015-03-16 05:57:32' , 'Begin decide and care effect gun discussion.' , 8608038 );
INSERT INTO Payment(Patient_id, Date, Description, Amount) VALUES ((SELECT CURRVAL('Patient_patient_id_seq') ), '2016-02-24 21:18:54' , 'College describe player.' , 5080955 );
INSERT INTO Account(Login, Password, Permission_level, Date_of_creation, Last_time_online) VALUES ('shall','!5aKD&Igk6' , 5 , '2014-01-28 13:06:30' , '2019-11-21 23:59:43');
INSERT INTO Patient(Account_id, Full_name, Address, Date_of_birth, Passport_number, Insurance_policy_number, Credit_card_number, Age) VALUES ((SELECT CURRVAL('account_account_id_seq') ),'Jacqueline Wells' , '2120 Williams Fork Apt. 683 , New Karl, LA 21600' , '1963-02-24' , 50249145 , '92-9572197' , '2601630057430178' , '56' );
INSERT INTO Appointment(Doctor_id, Patient_id, Room, Date, Price) VALUES ( (SELECT floor(random() * ( (SELECT CURRVAL('Doctor_doctor_id_seq')) ) + 1 )) , (SELECT CURRVAL('Patient_patient_id_seq') ), 816 , '2013-03-06 20:03:43' , 328 );
INSERT INTO Appointment(Doctor_id, Patient_id, Room, Date, Price) VALUES ( (SELECT floor(random() * ( (SELECT CURRVAL('Doctor_doctor_id_seq')) ) + 1 )) , (SELECT CURRVAL('Patient_patient_id_seq') ), 437 , '2016-06-12 04:22:00' , 786 );
INSERT INTO Appointment(Doctor_id, Patient_id, Room, Date, Price) VALUES ( (SELECT floor(random() * ( (SELECT CURRVAL('Doctor_doctor_id_seq')) ) + 1 )) , (SELECT CURRVAL('Patient_patient_id_seq') ), 372 , '2018-01-24 00:23:57' , 873 );
INSERT INTO Appointment(Doctor_id, Patient_id, Room, Date, Price) VALUES ( (SELECT floor(random() * ( (SELECT CURRVAL('Doctor_doctor_id_seq')) ) + 1 )) , (SELECT CURRVAL('Patient_patient_id_seq') ), 363 , '2017-08-04 11:18:49' , 821 );
INSERT INTO Appointment(Doctor_id, Patient_id, Room, Date, Price) VALUES ( (SELECT floor(random() * ( (SELECT CURRVAL('Doctor_doctor_id_seq')) ) + 1 )) , (SELECT CURRVAL('Patient_patient_id_seq') ), 477 , '2014-12-09 18:43:19' , 697 );
INSERT INTO Medical_record(Patient_id, Creation_date, Diagnosis, Prescription) VALUES ((SELECT CURRVAL('Patient_patient_id_seq') ), '2014-06-15 00:08:55' , 'Malaise and fatigue' , 'Cotton Seed' );
INSERT INTO Notification(Patient_id, Date, Event, Sound) VALUES ((SELECT CURRVAL('Patient_patient_id_seq') ), '2016-11-04 22:39:00' , 'Seat age different site take drop.' , 3 );
INSERT INTO Notification(Patient_id, Date, Event, Sound) VALUES ((SELECT CURRVAL('Patient_patient_id_seq') ), '2018-09-26 02:12:36' , 'Ability movie tonight positive your hospital benefit as.' , 10 );
INSERT INTO Payment(Patient_id, Date, Description, Amount) VALUES ((SELECT CURRVAL('Patient_patient_id_seq') ), '2014-08-25 06:28:13' , 'School a leg.' , 7017529 );
INSERT INTO Payment(Patient_id, Date, Description, Amount) VALUES ((SELECT CURRVAL('Patient_patient_id_seq') ), '2013-02-20 02:48:20' , 'Forward nice maintain kitchen behind tend.' , 7819218 );
INSERT INTO Account(Login, Password, Permission_level, Date_of_creation, Last_time_online) VALUES ('perezjohn','zM3CtXnH+G' , 5 , '2012-04-09 14:50:45' , '2019-11-21 13:32:30');
INSERT INTO Patient(Account_id, Full_name, Address, Date_of_birth, Passport_number, Insurance_policy_number, Credit_card_number, Age) VALUES ((SELECT CURRVAL('account_account_id_seq') ),'Toni Mcdaniel' , '8594 Rubio Place , East Jimmyborough, WA 90512' , '1995-06-15' , 90091391 , '30-0963387' , '2517592855762967' , '24' );
INSERT INTO Appointment(Doctor_id, Patient_id, Room, Date, Price) VALUES ( (SELECT floor(random() * ( (SELECT CURRVAL('Doctor_doctor_id_seq')) ) + 1 )) , (SELECT CURRVAL('Patient_patient_id_seq') ), 958 , '2017-08-30 15:45:49' , 503 );
INSERT INTO Appointment(Doctor_id, Patient_id, Room, Date, Price) VALUES ( (SELECT floor(random() * ( (SELECT CURRVAL('Doctor_doctor_id_seq')) ) + 1 )) , (SELECT CURRVAL('Patient_patient_id_seq') ), 493 , '2018-10-19 07:07:14' , 542 );
INSERT INTO Appointment(Doctor_id, Patient_id, Room, Date, Price) VALUES ( (SELECT floor(random() * ( (SELECT CURRVAL('Doctor_doctor_id_seq')) ) + 1 )) , (SELECT CURRVAL('Patient_patient_id_seq') ), 638 , '2018-06-17 18:48:52' , 315 );
INSERT INTO Appointment(Doctor_id, Patient_id, Room, Date, Price) VALUES ( (SELECT floor(random() * ( (SELECT CURRVAL('Doctor_doctor_id_seq')) ) + 1 )) , (SELECT CURRVAL('Patient_patient_id_seq') ), 888 , '2016-11-18 03:06:07' , 194 );
INSERT INTO Appointment(Doctor_id, Patient_id, Room, Date, Price) VALUES ( (SELECT floor(random() * ( (SELECT CURRVAL('Doctor_doctor_id_seq')) ) + 1 )) , (SELECT CURRVAL('Patient_patient_id_seq') ), 508 , '2012-08-07 22:09:05' , 47 );
INSERT INTO Medical_record(Patient_id, Creation_date, Diagnosis, Prescription) VALUES ((SELECT CURRVAL('Patient_patient_id_seq') ), '2011-08-22 00:30:06' , 'Reflux esophagitis' , 'LBEL NATURAL FINISH MOISTURIZING FOUNDATION SPF 25' );
INSERT INTO Notification(Patient_id, Date, Event, Sound) VALUES ((SELECT CURRVAL('Patient_patient_id_seq') ), '2010-02-27 08:57:00' , 'Board do need skill push require evidence.' , 0 );
INSERT INTO Notification(Patient_id, Date, Event, Sound) VALUES ((SELECT CURRVAL('Patient_patient_id_seq') ), '2013-03-01 17:17:18' , 'Manage personal current score.' , 0 );
INSERT INTO Payment(Patient_id, Date, Description, Amount) VALUES ((SELECT CURRVAL('Patient_patient_id_seq') ), '2017-03-16 13:17:42' , 'Add TV year.' , 2561294 );
INSERT INTO Payment(Patient_id, Date, Description, Amount) VALUES ((SELECT CURRVAL('Patient_patient_id_seq') ), '2017-09-07 21:05:18' , 'Month government continue.' , 9948083 );
INSERT INTO Account(Login, Password, Permission_level, Date_of_creation, Last_time_online) VALUES ('uedwards','AaqFMD&5$5' , 5 , '2016-01-09 06:34:33' , '2019-11-19 18:18:37');
INSERT INTO Patient(Account_id, Full_name, Address, Date_of_birth, Passport_number, Insurance_policy_number, Credit_card_number, Age) VALUES ((SELECT CURRVAL('account_account_id_seq') ),'Michelle Trujillo' , '0866 Bridget Bridge , Sandersburgh, WI 92284' , '1934-02-01' , 61693784 , '56-5705460' , '5556969749457514' , '85' );
INSERT INTO Appointment(Doctor_id, Patient_id, Room, Date, Price) VALUES ( (SELECT floor(random() * ( (SELECT CURRVAL('Doctor_doctor_id_seq')) ) + 1 )) , (SELECT CURRVAL('Patient_patient_id_seq') ), 60 , '2014-11-22 21:33:21' , 813 );
INSERT INTO Appointment(Doctor_id, Patient_id, Room, Date, Price) VALUES ( (SELECT floor(random() * ( (SELECT CURRVAL('Doctor_doctor_id_seq')) ) + 1 )) , (SELECT CURRVAL('Patient_patient_id_seq') ), 161 , '2010-10-27 15:31:48' , 915 );
INSERT INTO Appointment(Doctor_id, Patient_id, Room, Date, Price) VALUES ( (SELECT floor(random() * ( (SELECT CURRVAL('Doctor_doctor_id_seq')) ) + 1 )) , (SELECT CURRVAL('Patient_patient_id_seq') ), 201 , '2014-08-08 08:57:13' , 751 );
INSERT INTO Appointment(Doctor_id, Patient_id, Room, Date, Price) VALUES ( (SELECT floor(random() * ( (SELECT CURRVAL('Doctor_doctor_id_seq')) ) + 1 )) , (SELECT CURRVAL('Patient_patient_id_seq') ), 624 , '2013-03-19 04:01:10' , 845 );
INSERT INTO Appointment(Doctor_id, Patient_id, Room, Date, Price) VALUES ( (SELECT floor(random() * ( (SELECT CURRVAL('Doctor_doctor_id_seq')) ) + 1 )) , (SELECT CURRVAL('Patient_patient_id_seq') ), 953 , '2010-02-08 01:36:11' , 86 );
INSERT INTO Medical_record(Patient_id, Creation_date, Diagnosis, Prescription) VALUES ((SELECT CURRVAL('Patient_patient_id_seq') ), '2015-09-23 20:51:04' , 'Asthma' , 'Cold Sore Complex' );
INSERT INTO Notification(Patient_id, Date, Event, Sound) VALUES ((SELECT CURRVAL('Patient_patient_id_seq') ), '2013-02-21 08:43:53' , 'Determine will everyone.' , 7 );
INSERT INTO Notification(Patient_id, Date, Event, Sound) VALUES ((SELECT CURRVAL('Patient_patient_id_seq') ), '2017-07-09 21:01:30' , 'Exactly floor three including economy system.' , 10 );
INSERT INTO Payment(Patient_id, Date, Description, Amount) VALUES ((SELECT CURRVAL('Patient_patient_id_seq') ), '2017-05-14 13:04:15' , 'Service old explain interest.' , 4392459 );
INSERT INTO Payment(Patient_id, Date, Description, Amount) VALUES ((SELECT CURRVAL('Patient_patient_id_seq') ), '2014-01-01 09:50:54' , 'Product bag style southern.' , 6345700 );
INSERT INTO Account(Login, Password, Permission_level, Date_of_creation, Last_time_online) VALUES ('colleen80','pD2kDXvF&_' , 5 , '2011-03-23 14:06:07' , '2019-11-20 10:32:05');
INSERT INTO Patient(Account_id, Full_name, Address, Date_of_birth, Passport_number, Insurance_policy_number, Credit_card_number, Age) VALUES ((SELECT CURRVAL('account_account_id_seq') ),'John Green' , '09305 Roberts Flat Apt. 206 , Amyburgh, IN 21597' , '1997-11-26' , 69841422 , '34-9751330' , '2720950832563473' , '21' );
INSERT INTO Appointment(Doctor_id, Patient_id, Room, Date, Price) VALUES ( (SELECT floor(random() * ( (SELECT CURRVAL('Doctor_doctor_id_seq')) ) + 1 )) , (SELECT CURRVAL('Patient_patient_id_seq') ), 219 , '2017-04-10 19:02:46' , 434 );
INSERT INTO Appointment(Doctor_id, Patient_id, Room, Date, Price) VALUES ( (SELECT floor(random() * ( (SELECT CURRVAL('Doctor_doctor_id_seq')) ) + 1 )) , (SELECT CURRVAL('Patient_patient_id_seq') ), 958 , '2016-03-04 11:01:17' , 526 );
INSERT INTO Appointment(Doctor_id, Patient_id, Room, Date, Price) VALUES ( (SELECT floor(random() * ( (SELECT CURRVAL('Doctor_doctor_id_seq')) ) + 1 )) , (SELECT CURRVAL('Patient_patient_id_seq') ), 488 , '2019-10-28 08:12:05' , 382 );
INSERT INTO Appointment(Doctor_id, Patient_id, Room, Date, Price) VALUES ( (SELECT floor(random() * ( (SELECT CURRVAL('Doctor_doctor_id_seq')) ) + 1 )) , (SELECT CURRVAL('Patient_patient_id_seq') ), 641 , '2016-07-13 08:02:51' , 402 );
INSERT INTO Appointment(Doctor_id, Patient_id, Room, Date, Price) VALUES ( (SELECT floor(random() * ( (SELECT CURRVAL('Doctor_doctor_id_seq')) ) + 1 )) , (SELECT CURRVAL('Patient_patient_id_seq') ), 64 , '2016-11-24 07:16:50' , 119 );
INSERT INTO Medical_record(Patient_id, Creation_date, Diagnosis, Prescription) VALUES ((SELECT CURRVAL('Patient_patient_id_seq') ), '2010-04-12 01:04:47' , 'Visual refractive errors' , 'CALCAREA FLUORICA' );
INSERT INTO Notification(Patient_id, Date, Event, Sound) VALUES ((SELECT CURRVAL('Patient_patient_id_seq') ), '2018-01-04 07:09:10' , 'Free although nothing director one court information wish.' , 4 );
INSERT INTO Notification(Patient_id, Date, Event, Sound) VALUES ((SELECT CURRVAL('Patient_patient_id_seq') ), '2016-07-20 04:26:34' , 'Share crime particular mention.' , 7 );
INSERT INTO Payment(Patient_id, Date, Description, Amount) VALUES ((SELECT CURRVAL('Patient_patient_id_seq') ), '2014-09-18 21:27:06' , 'Partner different check government class education.' , 8363149 );
INSERT INTO Payment(Patient_id, Date, Description, Amount) VALUES ((SELECT CURRVAL('Patient_patient_id_seq') ), '2011-03-21 00:32:14' , 'Friend popular not process break south region.' , 1833016 );
INSERT INTO Account(Login, Password, Permission_level, Date_of_creation, Last_time_online) VALUES ('loririch','JT^BLxdv&7' , 5 , '2019-03-05 22:50:48' , '2019-11-20 09:49:46');
INSERT INTO Patient(Account_id, Full_name, Address, Date_of_birth, Passport_number, Insurance_policy_number, Credit_card_number, Age) VALUES ((SELECT CURRVAL('account_account_id_seq') ),'Alan Morgan' , '466 Gibson Overpass , Dennisburgh, NJ 99432' , '1965-05-13' , 82164546 , '43-6688517' , '2720550045321451' , '54' );
INSERT INTO Appointment(Doctor_id, Patient_id, Room, Date, Price) VALUES ( (SELECT floor(random() * ( (SELECT CURRVAL('Doctor_doctor_id_seq')) ) + 1 )) , (SELECT CURRVAL('Patient_patient_id_seq') ), 537 , '2016-01-10 11:20:08' , 850 );
INSERT INTO Appointment(Doctor_id, Patient_id, Room, Date, Price) VALUES ( (SELECT floor(random() * ( (SELECT CURRVAL('Doctor_doctor_id_seq')) ) + 1 )) , (SELECT CURRVAL('Patient_patient_id_seq') ), 921 , '2011-09-16 21:04:51' , 529 );
INSERT INTO Appointment(Doctor_id, Patient_id, Room, Date, Price) VALUES ( (SELECT floor(random() * ( (SELECT CURRVAL('Doctor_doctor_id_seq')) ) + 1 )) , (SELECT CURRVAL('Patient_patient_id_seq') ), 277 , '2014-10-23 02:11:26' , 264 );
INSERT INTO Appointment(Doctor_id, Patient_id, Room, Date, Price) VALUES ( (SELECT floor(random() * ( (SELECT CURRVAL('Doctor_doctor_id_seq')) ) + 1 )) , (SELECT CURRVAL('Patient_patient_id_seq') ), 786 , '2018-12-02 01:45:26' , 100 );
INSERT INTO Appointment(Doctor_id, Patient_id, Room, Date, Price) VALUES ( (SELECT floor(random() * ( (SELECT CURRVAL('Doctor_doctor_id_seq')) ) + 1 )) , (SELECT CURRVAL('Patient_patient_id_seq') ), 317 , '2016-10-25 17:15:35' , 485 );
INSERT INTO Medical_record(Patient_id, Creation_date, Diagnosis, Prescription) VALUES ((SELECT CURRVAL('Patient_patient_id_seq') ), '2015-05-20 23:13:06' , 'Allergic rhinitis' , 'Power Aqua Balancing Toner' );
INSERT INTO Notification(Patient_id, Date, Event, Sound) VALUES ((SELECT CURRVAL('Patient_patient_id_seq') ), '2013-07-14 23:24:23' , 'Leg fall policy.' , 10 );
INSERT INTO Notification(Patient_id, Date, Event, Sound) VALUES ((SELECT CURRVAL('Patient_patient_id_seq') ), '2018-01-16 09:18:40' , 'Section possible reveal.' , 6 );
INSERT INTO Payment(Patient_id, Date, Description, Amount) VALUES ((SELECT CURRVAL('Patient_patient_id_seq') ), '2011-10-02 22:39:47' , 'Through if face account source price beautiful.' , 6046332 );
INSERT INTO Payment(Patient_id, Date, Description, Amount) VALUES ((SELECT CURRVAL('Patient_patient_id_seq') ), '2013-03-15 18:51:37' , 'Everybody drug financial many ground soon.' , 2348796 );
INSERT INTO Account(Login, Password, Permission_level, Date_of_creation, Last_time_online) VALUES ('marnold',')+1nHMbfUq' , 5 , '2017-12-19 10:37:06' , '2019-11-22 22:50:18');
INSERT INTO Patient(Account_id, Full_name, Address, Date_of_birth, Passport_number, Insurance_policy_number, Credit_card_number, Age) VALUES ((SELECT CURRVAL('account_account_id_seq') ),'Kathryn Hernandez' , '027 Paula Junction , South Stephanieport, NC 58976' , '1924-04-16' , 91001627 , '53-6601091' , '2394196629159522' , '95' );
INSERT INTO Appointment(Doctor_id, Patient_id, Room, Date, Price) VALUES ( (SELECT floor(random() * ( (SELECT CURRVAL('Doctor_doctor_id_seq')) ) + 1 )) , (SELECT CURRVAL('Patient_patient_id_seq') ), 751 , '2013-02-16 10:23:55' , 228 );
INSERT INTO Appointment(Doctor_id, Patient_id, Room, Date, Price) VALUES ( (SELECT floor(random() * ( (SELECT CURRVAL('Doctor_doctor_id_seq')) ) + 1 )) , (SELECT CURRVAL('Patient_patient_id_seq') ), 244 , '2013-01-29 18:14:29' , 188 );
INSERT INTO Appointment(Doctor_id, Patient_id, Room, Date, Price) VALUES ( (SELECT floor(random() * ( (SELECT CURRVAL('Doctor_doctor_id_seq')) ) + 1 )) , (SELECT CURRVAL('Patient_patient_id_seq') ), 656 , '2013-06-18 12:31:01' , 705 );
INSERT INTO Appointment(Doctor_id, Patient_id, Room, Date, Price) VALUES ( (SELECT floor(random() * ( (SELECT CURRVAL('Doctor_doctor_id_seq')) ) + 1 )) , (SELECT CURRVAL('Patient_patient_id_seq') ), 80 , '2016-01-27 06:56:04' , 677 );
INSERT INTO Appointment(Doctor_id, Patient_id, Room, Date, Price) VALUES ( (SELECT floor(random() * ( (SELECT CURRVAL('Doctor_doctor_id_seq')) ) + 1 )) , (SELECT CURRVAL('Patient_patient_id_seq') ), 562 , '2018-03-18 00:39:34' , 352 );
INSERT INTO Medical_record(Patient_id, Creation_date, Diagnosis, Prescription) VALUES ((SELECT CURRVAL('Patient_patient_id_seq') ), '2017-04-24 10:01:22' , 'Asthma' , 'Gambil Oak' );
INSERT INTO Notification(Patient_id, Date, Event, Sound) VALUES ((SELECT CURRVAL('Patient_patient_id_seq') ), '2018-02-17 12:58:02' , 'Suffer suffer shoulder follow I issue.' , 6 );
INSERT INTO Notification(Patient_id, Date, Event, Sound) VALUES ((SELECT CURRVAL('Patient_patient_id_seq') ), '2014-03-20 12:04:58' , 'Religious between simple foreign environment professor investment try.' , 1 );
INSERT INTO Payment(Patient_id, Date, Description, Amount) VALUES ((SELECT CURRVAL('Patient_patient_id_seq') ), '2013-05-26 03:48:38' , 'Building news paper hotel court role candidate.' , 6652700 );
INSERT INTO Payment(Patient_id, Date, Description, Amount) VALUES ((SELECT CURRVAL('Patient_patient_id_seq') ), '2012-09-16 13:26:52' , 'Argue week ok instead economic approach maybe.' , 5173048 );
INSERT INTO Account(Login, Password, Permission_level, Date_of_creation, Last_time_online) VALUES ('luis60','Pd((2Itq6j' , 5 , '2011-02-18 02:35:26' , '2019-11-20 21:58:36');
INSERT INTO Patient(Account_id, Full_name, Address, Date_of_birth, Passport_number, Insurance_policy_number, Credit_card_number, Age) VALUES ((SELECT CURRVAL('account_account_id_seq') ),'Timothy Allen' , '2754 Black Parkways , Port Joseph, NY 75643' , '2005-04-09' , 29426706 , '76-2461843' , '5462405029292464' , '14' );
INSERT INTO Appointment(Doctor_id, Patient_id, Room, Date, Price) VALUES ( (SELECT floor(random() * ( (SELECT CURRVAL('Doctor_doctor_id_seq')) ) + 1 )) , (SELECT CURRVAL('Patient_patient_id_seq') ), 537 , '2018-12-21 11:59:29' , 672 );
INSERT INTO Appointment(Doctor_id, Patient_id, Room, Date, Price) VALUES ( (SELECT floor(random() * ( (SELECT CURRVAL('Doctor_doctor_id_seq')) ) + 1 )) , (SELECT CURRVAL('Patient_patient_id_seq') ), 577 , '2010-02-11 15:39:19' , 481 );
INSERT INTO Appointment(Doctor_id, Patient_id, Room, Date, Price) VALUES ( (SELECT floor(random() * ( (SELECT CURRVAL('Doctor_doctor_id_seq')) ) + 1 )) , (SELECT CURRVAL('Patient_patient_id_seq') ), 214 , '2019-05-13 06:53:23' , 193 );
INSERT INTO Appointment(Doctor_id, Patient_id, Room, Date, Price) VALUES ( (SELECT floor(random() * ( (SELECT CURRVAL('Doctor_doctor_id_seq')) ) + 1 )) , (SELECT CURRVAL('Patient_patient_id_seq') ), 763 , '2018-06-29 13:33:47' , 987 );
INSERT INTO Appointment(Doctor_id, Patient_id, Room, Date, Price) VALUES ( (SELECT floor(random() * ( (SELECT CURRVAL('Doctor_doctor_id_seq')) ) + 1 )) , (SELECT CURRVAL('Patient_patient_id_seq') ), 188 , '2016-02-19 05:30:45' , 26 );
INSERT INTO Medical_record(Patient_id, Creation_date, Diagnosis, Prescription) VALUES ((SELECT CURRVAL('Patient_patient_id_seq') ), '2016-03-22 05:59:12' , 'Anxiety' , 'OVACE' );
INSERT INTO Notification(Patient_id, Date, Event, Sound) VALUES ((SELECT CURRVAL('Patient_patient_id_seq') ), '2014-11-26 00:49:27' , 'General accept attack act.' , 2 );
INSERT INTO Notification(Patient_id, Date, Event, Sound) VALUES ((SELECT CURRVAL('Patient_patient_id_seq') ), '2017-12-26 09:55:26' , 'Drug population account investment general traditional choose.' , 5 );
INSERT INTO Payment(Patient_id, Date, Description, Amount) VALUES ((SELECT CURRVAL('Patient_patient_id_seq') ), '2011-06-01 09:54:52' , 'Century likely hotel for.' , 9669822 );
INSERT INTO Payment(Patient_id, Date, Description, Amount) VALUES ((SELECT CURRVAL('Patient_patient_id_seq') ), '2010-12-31 15:12:44' , 'Article success cultural as.' , 3262916 );
INSERT INTO Account(Login, Password, Permission_level, Date_of_creation, Last_time_online) VALUES ('anthonyrush','Pk*0JaGqv7' , 5 , '2010-04-07 20:42:26' , '2019-11-21 16:10:51');
INSERT INTO Patient(Account_id, Full_name, Address, Date_of_birth, Passport_number, Insurance_policy_number, Credit_card_number, Age) VALUES ((SELECT CURRVAL('account_account_id_seq') ),'Eric Rogers' , '499 Veronica Creek , Lake Amyberg, ME 22622' , '1970-08-28' , 39790880 , '38-4618661' , '5588652318351290' , '49' );
INSERT INTO Appointment(Doctor_id, Patient_id, Room, Date, Price) VALUES ( (SELECT floor(random() * ( (SELECT CURRVAL('Doctor_doctor_id_seq')) ) + 1 )) , (SELECT CURRVAL('Patient_patient_id_seq') ), 867 , '2016-12-18 01:33:12' , 906 );
INSERT INTO Appointment(Doctor_id, Patient_id, Room, Date, Price) VALUES ( (SELECT floor(random() * ( (SELECT CURRVAL('Doctor_doctor_id_seq')) ) + 1 )) , (SELECT CURRVAL('Patient_patient_id_seq') ), 67 , '2015-08-06 23:54:13' , 391 );
INSERT INTO Appointment(Doctor_id, Patient_id, Room, Date, Price) VALUES ( (SELECT floor(random() * ( (SELECT CURRVAL('Doctor_doctor_id_seq')) ) + 1 )) , (SELECT CURRVAL('Patient_patient_id_seq') ), 186 , '2011-12-07 22:37:40' , 264 );
INSERT INTO Appointment(Doctor_id, Patient_id, Room, Date, Price) VALUES ( (SELECT floor(random() * ( (SELECT CURRVAL('Doctor_doctor_id_seq')) ) + 1 )) , (SELECT CURRVAL('Patient_patient_id_seq') ), 966 , '2013-06-10 02:53:06' , 840 );
INSERT INTO Appointment(Doctor_id, Patient_id, Room, Date, Price) VALUES ( (SELECT floor(random() * ( (SELECT CURRVAL('Doctor_doctor_id_seq')) ) + 1 )) , (SELECT CURRVAL('Patient_patient_id_seq') ), 409 , '2015-04-12 12:37:09' , 629 );
INSERT INTO Medical_record(Patient_id, Creation_date, Diagnosis, Prescription) VALUES ((SELECT CURRVAL('Patient_patient_id_seq') ), '2012-03-11 01:50:30' , 'Pain in joint' , 'Clindamycin' );
INSERT INTO Notification(Patient_id, Date, Event, Sound) VALUES ((SELECT CURRVAL('Patient_patient_id_seq') ), '2011-07-04 23:44:37' , 'Statement executive strong become.' , 7 );
INSERT INTO Notification(Patient_id, Date, Event, Sound) VALUES ((SELECT CURRVAL('Patient_patient_id_seq') ), '2014-04-17 19:43:17' , 'Drive bank machine detail cell huge democratic.' , 3 );
INSERT INTO Payment(Patient_id, Date, Description, Amount) VALUES ((SELECT CURRVAL('Patient_patient_id_seq') ), '2018-03-18 22:21:13' , 'Party major magazine seem any girl.' , 864888 );
INSERT INTO Payment(Patient_id, Date, Description, Amount) VALUES ((SELECT CURRVAL('Patient_patient_id_seq') ), '2012-05-04 17:16:50' , 'Compare collection activity avoid cost.' , 5937565 );
INSERT INTO Account(Login, Password, Permission_level, Date_of_creation, Last_time_online) VALUES ('jessicaphillips','+O4*6GfXh%' , 5 , '2019-09-28 14:04:58' , '2019-11-19 06:01:11');
INSERT INTO Patient(Account_id, Full_name, Address, Date_of_birth, Passport_number, Insurance_policy_number, Credit_card_number, Age) VALUES ((SELECT CURRVAL('account_account_id_seq') ),'Samuel Taylor' , '3104 Robert Station , North Crystalmouth, LA 91738' , '2015-04-08' , 15588753 , '41-6531961' , '2714694735418181' , '4' );
INSERT INTO Appointment(Doctor_id, Patient_id, Room, Date, Price) VALUES ( (SELECT floor(random() * ( (SELECT CURRVAL('Doctor_doctor_id_seq')) ) + 1 )) , (SELECT CURRVAL('Patient_patient_id_seq') ), 844 , '2014-07-13 04:26:01' , 180 );
INSERT INTO Appointment(Doctor_id, Patient_id, Room, Date, Price) VALUES ( (SELECT floor(random() * ( (SELECT CURRVAL('Doctor_doctor_id_seq')) ) + 1 )) , (SELECT CURRVAL('Patient_patient_id_seq') ), 22 , '2010-11-03 22:02:44' , 394 );
INSERT INTO Appointment(Doctor_id, Patient_id, Room, Date, Price) VALUES ( (SELECT floor(random() * ( (SELECT CURRVAL('Doctor_doctor_id_seq')) ) + 1 )) , (SELECT CURRVAL('Patient_patient_id_seq') ), 675 , '2010-10-21 17:38:03' , 862 );
INSERT INTO Appointment(Doctor_id, Patient_id, Room, Date, Price) VALUES ( (SELECT floor(random() * ( (SELECT CURRVAL('Doctor_doctor_id_seq')) ) + 1 )) , (SELECT CURRVAL('Patient_patient_id_seq') ), 879 , '2017-07-10 17:20:58' , 298 );
INSERT INTO Appointment(Doctor_id, Patient_id, Room, Date, Price) VALUES ( (SELECT floor(random() * ( (SELECT CURRVAL('Doctor_doctor_id_seq')) ) + 1 )) , (SELECT CURRVAL('Patient_patient_id_seq') ), 932 , '2013-06-20 00:58:43' , 384 );
INSERT INTO Medical_record(Patient_id, Creation_date, Diagnosis, Prescription) VALUES ((SELECT CURRVAL('Patient_patient_id_seq') ), '2013-01-27 18:38:09' , 'Pain in joint' , 'Gambil Oak' );
INSERT INTO Notification(Patient_id, Date, Event, Sound) VALUES ((SELECT CURRVAL('Patient_patient_id_seq') ), '2010-05-12 01:35:13' , 'Member common attorney century.' , 2 );
INSERT INTO Notification(Patient_id, Date, Event, Sound) VALUES ((SELECT CURRVAL('Patient_patient_id_seq') ), '2014-07-23 01:37:01' , 'Television much hear second forward pick black computer.' , 5 );
INSERT INTO Payment(Patient_id, Date, Description, Amount) VALUES ((SELECT CURRVAL('Patient_patient_id_seq') ), '2015-08-21 19:25:01' , 'One Democrat rule chair send maintain.' , 3587588 );
INSERT INTO Payment(Patient_id, Date, Description, Amount) VALUES ((SELECT CURRVAL('Patient_patient_id_seq') ), '2015-05-14 01:23:20' , 'Individual information edge defense black remain.' , 4018 );
INSERT INTO Account(Login, Password, Permission_level, Date_of_creation, Last_time_online) VALUES ('morgan81','W1)NFlr5#T' , 5 , '2012-06-10 12:47:36' , '2019-11-19 20:47:02');
INSERT INTO Patient(Account_id, Full_name, Address, Date_of_birth, Passport_number, Insurance_policy_number, Credit_card_number, Age) VALUES ((SELECT CURRVAL('account_account_id_seq') ),'Christian Flores' , '73303 Taylor Pines Apt. 402 , South Tami, WV 47790' , '1916-09-16' , 34685730 , '36-2199406' , '2285046345745249' , '103' );
INSERT INTO Appointment(Doctor_id, Patient_id, Room, Date, Price) VALUES ( (SELECT floor(random() * ( (SELECT CURRVAL('Doctor_doctor_id_seq')) ) + 1 )) , (SELECT CURRVAL('Patient_patient_id_seq') ), 577 , '2017-02-17 15:13:51' , 383 );
INSERT INTO Appointment(Doctor_id, Patient_id, Room, Date, Price) VALUES ( (SELECT floor(random() * ( (SELECT CURRVAL('Doctor_doctor_id_seq')) ) + 1 )) , (SELECT CURRVAL('Patient_patient_id_seq') ), 657 , '2018-07-17 17:18:15' , 867 );
INSERT INTO Appointment(Doctor_id, Patient_id, Room, Date, Price) VALUES ( (SELECT floor(random() * ( (SELECT CURRVAL('Doctor_doctor_id_seq')) ) + 1 )) , (SELECT CURRVAL('Patient_patient_id_seq') ), 174 , '2017-10-03 14:26:42' , 66 );
INSERT INTO Appointment(Doctor_id, Patient_id, Room, Date, Price) VALUES ( (SELECT floor(random() * ( (SELECT CURRVAL('Doctor_doctor_id_seq')) ) + 1 )) , (SELECT CURRVAL('Patient_patient_id_seq') ), 271 , '2016-06-18 06:32:14' , 0 );
INSERT INTO Appointment(Doctor_id, Patient_id, Room, Date, Price) VALUES ( (SELECT floor(random() * ( (SELECT CURRVAL('Doctor_doctor_id_seq')) ) + 1 )) , (SELECT CURRVAL('Patient_patient_id_seq') ), 197 , '2014-09-08 18:24:45' , 659 );
INSERT INTO Medical_record(Patient_id, Creation_date, Diagnosis, Prescription) VALUES ((SELECT CURRVAL('Patient_patient_id_seq') ), '2015-08-08 07:16:59' , 'Fibromyalgia / myositis' , 'Cotton Seed' );
INSERT INTO Notification(Patient_id, Date, Event, Sound) VALUES ((SELECT CURRVAL('Patient_patient_id_seq') ), '2011-07-13 08:26:00' , 'Its sound nothing together.' , 3 );
INSERT INTO Notification(Patient_id, Date, Event, Sound) VALUES ((SELECT CURRVAL('Patient_patient_id_seq') ), '2010-06-07 21:38:19' , 'Area matter base.' , 10 );
INSERT INTO Payment(Patient_id, Date, Description, Amount) VALUES ((SELECT CURRVAL('Patient_patient_id_seq') ), '2017-01-11 13:00:37' , 'Suggest simple cell east indeed course letter.' , 5603390 );
INSERT INTO Payment(Patient_id, Date, Description, Amount) VALUES ((SELECT CURRVAL('Patient_patient_id_seq') ), '2017-02-26 14:11:18' , 'Trouble particularly sound seem force.' , 6639831 );
INSERT INTO Account(Login, Password, Permission_level, Date_of_creation, Last_time_online) VALUES ('halldavid','^&%5sTDcA4' , 5 , '2013-04-09 19:45:16' , '2019-11-20 12:43:57');
INSERT INTO Patient(Account_id, Full_name, Address, Date_of_birth, Passport_number, Insurance_policy_number, Credit_card_number, Age) VALUES ((SELECT CURRVAL('account_account_id_seq') ),'Michele Patel' , '526 Reed Forks , Watsonbury, AR 52366' , '1966-04-15' , 35622598 , '87-0289300' , '2309678816248592' , '53' );
INSERT INTO Appointment(Doctor_id, Patient_id, Room, Date, Price) VALUES ( (SELECT floor(random() * ( (SELECT CURRVAL('Doctor_doctor_id_seq')) ) + 1 )) , (SELECT CURRVAL('Patient_patient_id_seq') ), 882 , '2011-11-19 00:17:48' , 557 );
INSERT INTO Appointment(Doctor_id, Patient_id, Room, Date, Price) VALUES ( (SELECT floor(random() * ( (SELECT CURRVAL('Doctor_doctor_id_seq')) ) + 1 )) , (SELECT CURRVAL('Patient_patient_id_seq') ), 982 , '2012-08-24 02:00:30' , 647 );
INSERT INTO Appointment(Doctor_id, Patient_id, Room, Date, Price) VALUES ( (SELECT floor(random() * ( (SELECT CURRVAL('Doctor_doctor_id_seq')) ) + 1 )) , (SELECT CURRVAL('Patient_patient_id_seq') ), 977 , '2010-03-13 08:23:18' , 932 );
INSERT INTO Appointment(Doctor_id, Patient_id, Room, Date, Price) VALUES ( (SELECT floor(random() * ( (SELECT CURRVAL('Doctor_doctor_id_seq')) ) + 1 )) , (SELECT CURRVAL('Patient_patient_id_seq') ), 512 , '2018-03-10 19:24:07' , 988 );
INSERT INTO Appointment(Doctor_id, Patient_id, Room, Date, Price) VALUES ( (SELECT floor(random() * ( (SELECT CURRVAL('Doctor_doctor_id_seq')) ) + 1 )) , (SELECT CURRVAL('Patient_patient_id_seq') ), 547 , '2015-07-04 05:05:03' , 54 );
INSERT INTO Medical_record(Patient_id, Creation_date, Diagnosis, Prescription) VALUES ((SELECT CURRVAL('Patient_patient_id_seq') ), '2017-10-17 03:23:05' , 'Acute maxillary sinusitis' , 'Lithium Carbonate' );
INSERT INTO Notification(Patient_id, Date, Event, Sound) VALUES ((SELECT CURRVAL('Patient_patient_id_seq') ), '2018-07-03 09:10:31' , 'Degree professional that through realize itself movement.' , 1 );
INSERT INTO Notification(Patient_id, Date, Event, Sound) VALUES ((SELECT CURRVAL('Patient_patient_id_seq') ), '2018-09-02 11:08:32' , 'Mean understand factor how.' , 4 );
INSERT INTO Payment(Patient_id, Date, Description, Amount) VALUES ((SELECT CURRVAL('Patient_patient_id_seq') ), '2014-11-21 07:07:18' , 'Sure clear sure understand plan nothing section.' , 5506232 );
INSERT INTO Payment(Patient_id, Date, Description, Amount) VALUES ((SELECT CURRVAL('Patient_patient_id_seq') ), '2014-09-12 09:27:20' , 'Operation develop note involve daughter easy dinner.' , 3328119 );
INSERT INTO Account(Login, Password, Permission_level, Date_of_creation, Last_time_online) VALUES ('petersenterri','!J9JOREejL' , 5 , '2018-01-04 10:37:02' , '2019-11-21 00:17:00');
INSERT INTO Patient(Account_id, Full_name, Address, Date_of_birth, Passport_number, Insurance_policy_number, Credit_card_number, Age) VALUES ((SELECT CURRVAL('account_account_id_seq') ),'Heather Nelson' , '0565 Patricia Estates , Matthewshire, GA 47536' , '1944-03-07' , 94253627 , '81-6024386' , '5409913609842596' , '75' );
INSERT INTO Appointment(Doctor_id, Patient_id, Room, Date, Price) VALUES ( (SELECT floor(random() * ( (SELECT CURRVAL('Doctor_doctor_id_seq')) ) + 1 )) , (SELECT CURRVAL('Patient_patient_id_seq') ), 121 , '2011-03-04 00:46:25' , 357 );
INSERT INTO Appointment(Doctor_id, Patient_id, Room, Date, Price) VALUES ( (SELECT floor(random() * ( (SELECT CURRVAL('Doctor_doctor_id_seq')) ) + 1 )) , (SELECT CURRVAL('Patient_patient_id_seq') ), 940 , '2010-04-10 07:37:53' , 109 );
INSERT INTO Appointment(Doctor_id, Patient_id, Room, Date, Price) VALUES ( (SELECT floor(random() * ( (SELECT CURRVAL('Doctor_doctor_id_seq')) ) + 1 )) , (SELECT CURRVAL('Patient_patient_id_seq') ), 957 , '2013-11-12 23:36:36' , 197 );
INSERT INTO Appointment(Doctor_id, Patient_id, Room, Date, Price) VALUES ( (SELECT floor(random() * ( (SELECT CURRVAL('Doctor_doctor_id_seq')) ) + 1 )) , (SELECT CURRVAL('Patient_patient_id_seq') ), 883 , '2019-05-21 10:13:15' , 107 );
INSERT INTO Appointment(Doctor_id, Patient_id, Room, Date, Price) VALUES ( (SELECT floor(random() * ( (SELECT CURRVAL('Doctor_doctor_id_seq')) ) + 1 )) , (SELECT CURRVAL('Patient_patient_id_seq') ), 297 , '2014-07-31 11:39:09' , 931 );
INSERT INTO Medical_record(Patient_id, Creation_date, Diagnosis, Prescription) VALUES ((SELECT CURRVAL('Patient_patient_id_seq') ), '2013-06-15 19:22:51' , 'Hypothyroidism' , 'Quetiapine Fumarate' );
INSERT INTO Notification(Patient_id, Date, Event, Sound) VALUES ((SELECT CURRVAL('Patient_patient_id_seq') ), '2014-11-28 21:26:56' , 'Practice summer right stay course.' , 6 );
INSERT INTO Notification(Patient_id, Date, Event, Sound) VALUES ((SELECT CURRVAL('Patient_patient_id_seq') ), '2016-01-13 20:16:07' , 'Mission hope father prepare over.' , 8 );
INSERT INTO Payment(Patient_id, Date, Description, Amount) VALUES ((SELECT CURRVAL('Patient_patient_id_seq') ), '2014-03-28 01:46:45' , 'System better week standard unit development never gas.' , 5662291 );
INSERT INTO Payment(Patient_id, Date, Description, Amount) VALUES ((SELECT CURRVAL('Patient_patient_id_seq') ), '2009-12-20 02:33:01' , 'Up upon free film now.' , 1839504 );
INSERT INTO Account(Login, Password, Permission_level, Date_of_creation, Last_time_online) VALUES ('rebeccamurphy','GCi&26cGo$' , 5 , '2016-10-15 00:57:31' , '2019-11-19 12:42:56');
INSERT INTO Patient(Account_id, Full_name, Address, Date_of_birth, Passport_number, Insurance_policy_number, Credit_card_number, Age) VALUES ((SELECT CURRVAL('account_account_id_seq') ),'Andrew Long' , '49811 Nathan Fall , Samuelmouth, TX 66825' , '1955-08-19' , 83232886 , '25-4315165' , '2589648554618315' , '64' );
INSERT INTO Appointment(Doctor_id, Patient_id, Room, Date, Price) VALUES ( (SELECT floor(random() * ( (SELECT CURRVAL('Doctor_doctor_id_seq')) ) + 1 )) , (SELECT CURRVAL('Patient_patient_id_seq') ), 924 , '2017-11-03 09:52:06' , 339 );
INSERT INTO Appointment(Doctor_id, Patient_id, Room, Date, Price) VALUES ( (SELECT floor(random() * ( (SELECT CURRVAL('Doctor_doctor_id_seq')) ) + 1 )) , (SELECT CURRVAL('Patient_patient_id_seq') ), 859 , '2010-10-20 04:56:22' , 665 );
INSERT INTO Appointment(Doctor_id, Patient_id, Room, Date, Price) VALUES ( (SELECT floor(random() * ( (SELECT CURRVAL('Doctor_doctor_id_seq')) ) + 1 )) , (SELECT CURRVAL('Patient_patient_id_seq') ), 282 , '2012-04-26 05:32:02' , 116 );
INSERT INTO Appointment(Doctor_id, Patient_id, Room, Date, Price) VALUES ( (SELECT floor(random() * ( (SELECT CURRVAL('Doctor_doctor_id_seq')) ) + 1 )) , (SELECT CURRVAL('Patient_patient_id_seq') ), 184 , '2018-05-13 10:53:38' , 760 );
INSERT INTO Appointment(Doctor_id, Patient_id, Room, Date, Price) VALUES ( (SELECT floor(random() * ( (SELECT CURRVAL('Doctor_doctor_id_seq')) ) + 1 )) , (SELECT CURRVAL('Patient_patient_id_seq') ), 768 , '2019-06-30 04:40:57' , 72 );
INSERT INTO Medical_record(Patient_id, Creation_date, Diagnosis, Prescription) VALUES ((SELECT CURRVAL('Patient_patient_id_seq') ), '2015-12-10 11:31:54' , 'Osteoarthritis' , 'Cotton Seed' );
INSERT INTO Notification(Patient_id, Date, Event, Sound) VALUES ((SELECT CURRVAL('Patient_patient_id_seq') ), '2019-08-23 23:30:19' , 'Standard science drive natural major song establish.' , 10 );
INSERT INTO Notification(Patient_id, Date, Event, Sound) VALUES ((SELECT CURRVAL('Patient_patient_id_seq') ), '2014-11-06 05:24:45' , 'One section speak.' , 8 );
INSERT INTO Payment(Patient_id, Date, Description, Amount) VALUES ((SELECT CURRVAL('Patient_patient_id_seq') ), '2014-05-29 03:22:07' , 'Bag house other.' , 4627641 );
INSERT INTO Payment(Patient_id, Date, Description, Amount) VALUES ((SELECT CURRVAL('Patient_patient_id_seq') ), '2011-06-23 16:14:42' , 'Affect career different we over method quickly.' , 3080979 );
INSERT INTO Account(Login, Password, Permission_level, Date_of_creation, Last_time_online) VALUES ('ynash','W08QHC@g(5' , 5 , '2015-12-29 21:36:27' , '2019-11-22 18:35:39');
INSERT INTO Patient(Account_id, Full_name, Address, Date_of_birth, Passport_number, Insurance_policy_number, Credit_card_number, Age) VALUES ((SELECT CURRVAL('account_account_id_seq') ),'Zachary Daniel' , '9911 Lauren Meadows Suite 829 , Bennettview, GA 15903' , '2000-09-25' , 98080618 , '16-1926566' , '5303394469974687' , '19' );
INSERT INTO Appointment(Doctor_id, Patient_id, Room, Date, Price) VALUES ( (SELECT floor(random() * ( (SELECT CURRVAL('Doctor_doctor_id_seq')) ) + 1 )) , (SELECT CURRVAL('Patient_patient_id_seq') ), 401 , '2012-07-30 13:44:15' , 422 );
INSERT INTO Appointment(Doctor_id, Patient_id, Room, Date, Price) VALUES ( (SELECT floor(random() * ( (SELECT CURRVAL('Doctor_doctor_id_seq')) ) + 1 )) , (SELECT CURRVAL('Patient_patient_id_seq') ), 202 , '2013-10-17 16:13:00' , 216 );
INSERT INTO Appointment(Doctor_id, Patient_id, Room, Date, Price) VALUES ( (SELECT floor(random() * ( (SELECT CURRVAL('Doctor_doctor_id_seq')) ) + 1 )) , (SELECT CURRVAL('Patient_patient_id_seq') ), 168 , '2015-10-23 21:59:59' , 869 );
INSERT INTO Appointment(Doctor_id, Patient_id, Room, Date, Price) VALUES ( (SELECT floor(random() * ( (SELECT CURRVAL('Doctor_doctor_id_seq')) ) + 1 )) , (SELECT CURRVAL('Patient_patient_id_seq') ), 925 , '2016-04-07 01:57:42' , 339 );
INSERT INTO Appointment(Doctor_id, Patient_id, Room, Date, Price) VALUES ( (SELECT floor(random() * ( (SELECT CURRVAL('Doctor_doctor_id_seq')) ) + 1 )) , (SELECT CURRVAL('Patient_patient_id_seq') ), 972 , '2014-04-26 13:13:40' , 183 );
INSERT INTO Medical_record(Patient_id, Creation_date, Diagnosis, Prescription) VALUES ((SELECT CURRVAL('Patient_patient_id_seq') ), '2016-09-24 15:18:21' , 'Visual refractive errors' , 'Multi Sympton Cold Day Night' );
INSERT INTO Notification(Patient_id, Date, Event, Sound) VALUES ((SELECT CURRVAL('Patient_patient_id_seq') ), '2018-11-15 08:13:57' , 'Treatment south describe teach.' , 0 );
INSERT INTO Notification(Patient_id, Date, Event, Sound) VALUES ((SELECT CURRVAL('Patient_patient_id_seq') ), '2017-12-05 19:33:24' , 'Yeah executive officer left.' , 5 );
INSERT INTO Payment(Patient_id, Date, Description, Amount) VALUES ((SELECT CURRVAL('Patient_patient_id_seq') ), '2018-03-01 05:03:46' , 'Learn special country teach condition determine teacher.' , 7896863 );
INSERT INTO Payment(Patient_id, Date, Description, Amount) VALUES ((SELECT CURRVAL('Patient_patient_id_seq') ), '2010-04-22 12:51:24' , 'Worry draw public worker.' , 3345311 );
INSERT INTO Account(Login, Password, Permission_level, Date_of_creation, Last_time_online) VALUES ('katherineacosta','E7g8dLpJ)2' , 5 , '2015-04-26 01:12:10' , '2019-11-20 17:03:14');
INSERT INTO Patient(Account_id, Full_name, Address, Date_of_birth, Passport_number, Insurance_policy_number, Credit_card_number, Age) VALUES ((SELECT CURRVAL('account_account_id_seq') ),'Jesus Mcdonald' , '8630 Tammy Motorway Suite 906 , West Deborah, ME 91335' , '1959-12-04' , 71994192 , '98-3316594' , '2225464822532316' , '59' );
INSERT INTO Appointment(Doctor_id, Patient_id, Room, Date, Price) VALUES ( (SELECT floor(random() * ( (SELECT CURRVAL('Doctor_doctor_id_seq')) ) + 1 )) , (SELECT CURRVAL('Patient_patient_id_seq') ), 920 , '2018-06-08 11:25:52' , 617 );
INSERT INTO Appointment(Doctor_id, Patient_id, Room, Date, Price) VALUES ( (SELECT floor(random() * ( (SELECT CURRVAL('Doctor_doctor_id_seq')) ) + 1 )) , (SELECT CURRVAL('Patient_patient_id_seq') ), 455 , '2011-08-02 20:24:08' , 688 );
INSERT INTO Appointment(Doctor_id, Patient_id, Room, Date, Price) VALUES ( (SELECT floor(random() * ( (SELECT CURRVAL('Doctor_doctor_id_seq')) ) + 1 )) , (SELECT CURRVAL('Patient_patient_id_seq') ), 551 , '2016-02-22 07:50:45' , 671 );
INSERT INTO Appointment(Doctor_id, Patient_id, Room, Date, Price) VALUES ( (SELECT floor(random() * ( (SELECT CURRVAL('Doctor_doctor_id_seq')) ) + 1 )) , (SELECT CURRVAL('Patient_patient_id_seq') ), 198 , '2019-07-11 16:39:13' , 477 );
INSERT INTO Appointment(Doctor_id, Patient_id, Room, Date, Price) VALUES ( (SELECT floor(random() * ( (SELECT CURRVAL('Doctor_doctor_id_seq')) ) + 1 )) , (SELECT CURRVAL('Patient_patient_id_seq') ), 895 , '2017-05-26 13:17:37' , 501 );
INSERT INTO Medical_record(Patient_id, Creation_date, Diagnosis, Prescription) VALUES ((SELECT CURRVAL('Patient_patient_id_seq') ), '2016-04-04 07:02:06' , 'Urinary tract infection' , 'Gambil Oak' );
INSERT INTO Notification(Patient_id, Date, Event, Sound) VALUES ((SELECT CURRVAL('Patient_patient_id_seq') ), '2011-01-28 03:14:51' , 'Fall financial top college.' , 3 );
INSERT INTO Notification(Patient_id, Date, Event, Sound) VALUES ((SELECT CURRVAL('Patient_patient_id_seq') ), '2013-12-19 11:06:25' , 'Lot television hear city reduce three pass.' , 5 );
INSERT INTO Payment(Patient_id, Date, Description, Amount) VALUES ((SELECT CURRVAL('Patient_patient_id_seq') ), '2014-03-29 11:45:27' , 'Realize inside discuss discuss middle condition.' , 9652627 );
INSERT INTO Payment(Patient_id, Date, Description, Amount) VALUES ((SELECT CURRVAL('Patient_patient_id_seq') ), '2018-06-23 12:12:38' , 'Anyone life likely behind certainly leg clearly hit.' , 3585646 );
INSERT INTO Account(Login, Password, Permission_level, Date_of_creation, Last_time_online) VALUES ('alexis42','$SREa*FE7D' , 5 , '2019-05-18 10:04:57' , '2019-11-21 11:42:12');
INSERT INTO Patient(Account_id, Full_name, Address, Date_of_birth, Passport_number, Insurance_policy_number, Credit_card_number, Age) VALUES ((SELECT CURRVAL('account_account_id_seq') ),'Juan Delgado' , '3269 Tommy Loaf , Lake Monica, WV 36805' , '1954-09-01' , 76135804 , '94-8385760' , '5119888502810034' , '65' );
INSERT INTO Appointment(Doctor_id, Patient_id, Room, Date, Price) VALUES ( (SELECT floor(random() * ( (SELECT CURRVAL('Doctor_doctor_id_seq')) ) + 1 )) , (SELECT CURRVAL('Patient_patient_id_seq') ), 330 , '2010-10-08 10:43:10' , 319 );
INSERT INTO Appointment(Doctor_id, Patient_id, Room, Date, Price) VALUES ( (SELECT floor(random() * ( (SELECT CURRVAL('Doctor_doctor_id_seq')) ) + 1 )) , (SELECT CURRVAL('Patient_patient_id_seq') ), 168 , '2009-11-25 10:00:27' , 508 );
INSERT INTO Appointment(Doctor_id, Patient_id, Room, Date, Price) VALUES ( (SELECT floor(random() * ( (SELECT CURRVAL('Doctor_doctor_id_seq')) ) + 1 )) , (SELECT CURRVAL('Patient_patient_id_seq') ), 564 , '2010-05-02 22:26:18' , 940 );
INSERT INTO Appointment(Doctor_id, Patient_id, Room, Date, Price) VALUES ( (SELECT floor(random() * ( (SELECT CURRVAL('Doctor_doctor_id_seq')) ) + 1 )) , (SELECT CURRVAL('Patient_patient_id_seq') ), 474 , '2019-02-14 14:25:51' , 553 );
INSERT INTO Appointment(Doctor_id, Patient_id, Room, Date, Price) VALUES ( (SELECT floor(random() * ( (SELECT CURRVAL('Doctor_doctor_id_seq')) ) + 1 )) , (SELECT CURRVAL('Patient_patient_id_seq') ), 21 , '2012-06-17 15:54:46' , 977 );
INSERT INTO Medical_record(Patient_id, Creation_date, Diagnosis, Prescription) VALUES ((SELECT CURRVAL('Patient_patient_id_seq') ), '2014-04-16 07:43:56' , 'Acute maxillary sinusitis' , 'OVACE' );
INSERT INTO Notification(Patient_id, Date, Event, Sound) VALUES ((SELECT CURRVAL('Patient_patient_id_seq') ), '2013-03-22 01:49:26' , 'Different like offer huge floor check reach.' , 2 );
INSERT INTO Notification(Patient_id, Date, Event, Sound) VALUES ((SELECT CURRVAL('Patient_patient_id_seq') ), '2015-11-23 18:08:00' , 'History collection task which happen.' , 0 );
INSERT INTO Payment(Patient_id, Date, Description, Amount) VALUES ((SELECT CURRVAL('Patient_patient_id_seq') ), '2017-04-11 07:09:52' , 'Box throughout others oil or almost deep.' , 2713824 );
INSERT INTO Payment(Patient_id, Date, Description, Amount) VALUES ((SELECT CURRVAL('Patient_patient_id_seq') ), '2011-04-05 01:30:06' , 'Must hospital listen who purpose result account.' , 7393147 );
INSERT INTO Account(Login, Password, Permission_level, Date_of_creation, Last_time_online) VALUES ('pwoods','^IzR8gpu4B' , 5 , '2018-03-20 15:28:16' , '2019-11-22 19:41:30');
INSERT INTO Patient(Account_id, Full_name, Address, Date_of_birth, Passport_number, Insurance_policy_number, Credit_card_number, Age) VALUES ((SELECT CURRVAL('account_account_id_seq') ),'Adam Meyer' , '3794 Hunt Trail Apt. 958 , West Brandonville, UT 42147' , '1970-01-09' , 73920625 , '92-6346131' , '2241172249973738' , '49' );
INSERT INTO Appointment(Doctor_id, Patient_id, Room, Date, Price) VALUES ( (SELECT floor(random() * ( (SELECT CURRVAL('Doctor_doctor_id_seq')) ) + 1 )) , (SELECT CURRVAL('Patient_patient_id_seq') ), 114 , '2014-08-08 06:37:18' , 856 );
INSERT INTO Appointment(Doctor_id, Patient_id, Room, Date, Price) VALUES ( (SELECT floor(random() * ( (SELECT CURRVAL('Doctor_doctor_id_seq')) ) + 1 )) , (SELECT CURRVAL('Patient_patient_id_seq') ), 6 , '2018-11-28 10:47:08' , 338 );
INSERT INTO Appointment(Doctor_id, Patient_id, Room, Date, Price) VALUES ( (SELECT floor(random() * ( (SELECT CURRVAL('Doctor_doctor_id_seq')) ) + 1 )) , (SELECT CURRVAL('Patient_patient_id_seq') ), 401 , '2019-06-18 03:47:07' , 110 );
INSERT INTO Appointment(Doctor_id, Patient_id, Room, Date, Price) VALUES ( (SELECT floor(random() * ( (SELECT CURRVAL('Doctor_doctor_id_seq')) ) + 1 )) , (SELECT CURRVAL('Patient_patient_id_seq') ), 193 , '2016-01-07 02:03:19' , 897 );
INSERT INTO Appointment(Doctor_id, Patient_id, Room, Date, Price) VALUES ( (SELECT floor(random() * ( (SELECT CURRVAL('Doctor_doctor_id_seq')) ) + 1 )) , (SELECT CURRVAL('Patient_patient_id_seq') ), 516 , '2010-10-02 07:58:52' , 788 );
INSERT INTO Medical_record(Patient_id, Creation_date, Diagnosis, Prescription) VALUES ((SELECT CURRVAL('Patient_patient_id_seq') ), '2017-02-28 06:42:58' , 'Acute bronchitis' , 'Lithium Carbonate' );
INSERT INTO Notification(Patient_id, Date, Event, Sound) VALUES ((SELECT CURRVAL('Patient_patient_id_seq') ), '2012-02-29 06:48:46' , 'Stuff decision production finally.' , 3 );
INSERT INTO Notification(Patient_id, Date, Event, Sound) VALUES ((SELECT CURRVAL('Patient_patient_id_seq') ), '2012-03-20 18:27:50' , 'Detail use again score fall argue few.' , 9 );
INSERT INTO Payment(Patient_id, Date, Description, Amount) VALUES ((SELECT CURRVAL('Patient_patient_id_seq') ), '2016-10-03 12:54:50' , 'Herself decide answer certain.' , 598453 );
INSERT INTO Payment(Patient_id, Date, Description, Amount) VALUES ((SELECT CURRVAL('Patient_patient_id_seq') ), '2014-06-17 07:01:32' , 'Back character finally increase mind run push.' , 4257453 );
INSERT INTO Account(Login, Password, Permission_level, Date_of_creation, Last_time_online) VALUES ('heathermcdonald','2f47FXNy*3' , 5 , '2017-05-22 04:20:27' , '2019-11-24 16:08:14');
INSERT INTO Patient(Account_id, Full_name, Address, Date_of_birth, Passport_number, Insurance_policy_number, Credit_card_number, Age) VALUES ((SELECT CURRVAL('account_account_id_seq') ),'Wendy Roberts' , 'USNV Lara , FPO AP 76678' , '1921-03-09' , 89735428 , '80-2783821' , '2298756928390859' , '98' );
INSERT INTO Appointment(Doctor_id, Patient_id, Room, Date, Price) VALUES ( (SELECT floor(random() * ( (SELECT CURRVAL('Doctor_doctor_id_seq')) ) + 1 )) , (SELECT CURRVAL('Patient_patient_id_seq') ), 983 , '2010-08-04 15:37:09' , 228 );
INSERT INTO Appointment(Doctor_id, Patient_id, Room, Date, Price) VALUES ( (SELECT floor(random() * ( (SELECT CURRVAL('Doctor_doctor_id_seq')) ) + 1 )) , (SELECT CURRVAL('Patient_patient_id_seq') ), 128 , '2010-03-27 18:31:11' , 664 );
INSERT INTO Appointment(Doctor_id, Patient_id, Room, Date, Price) VALUES ( (SELECT floor(random() * ( (SELECT CURRVAL('Doctor_doctor_id_seq')) ) + 1 )) , (SELECT CURRVAL('Patient_patient_id_seq') ), 467 , '2012-02-22 05:43:08' , 594 );
INSERT INTO Appointment(Doctor_id, Patient_id, Room, Date, Price) VALUES ( (SELECT floor(random() * ( (SELECT CURRVAL('Doctor_doctor_id_seq')) ) + 1 )) , (SELECT CURRVAL('Patient_patient_id_seq') ), 51 , '2015-10-09 15:11:18' , 779 );
INSERT INTO Appointment(Doctor_id, Patient_id, Room, Date, Price) VALUES ( (SELECT floor(random() * ( (SELECT CURRVAL('Doctor_doctor_id_seq')) ) + 1 )) , (SELECT CURRVAL('Patient_patient_id_seq') ), 317 , '2016-02-10 01:14:06' , 694 );
INSERT INTO Medical_record(Patient_id, Creation_date, Diagnosis, Prescription) VALUES ((SELECT CURRVAL('Patient_patient_id_seq') ), '2018-11-26 14:08:36' , 'Malaise and fatigue' , 'Metformin Hydrochloride' );
INSERT INTO Notification(Patient_id, Date, Event, Sound) VALUES ((SELECT CURRVAL('Patient_patient_id_seq') ), '2018-04-24 16:52:23' , 'Thought laugh field activity project since yard.' , 9 );
INSERT INTO Notification(Patient_id, Date, Event, Sound) VALUES ((SELECT CURRVAL('Patient_patient_id_seq') ), '2016-10-14 13:56:40' , 'Nor face degree deal laugh western carry.' , 1 );
INSERT INTO Payment(Patient_id, Date, Description, Amount) VALUES ((SELECT CURRVAL('Patient_patient_id_seq') ), '2016-12-29 14:09:19' , 'Bar away civil wide.' , 7710239 );
INSERT INTO Payment(Patient_id, Date, Description, Amount) VALUES ((SELECT CURRVAL('Patient_patient_id_seq') ), '2010-09-11 22:50:47' , 'Black national weight standard.' , 8655767 );
INSERT INTO Account(Login, Password, Permission_level, Date_of_creation, Last_time_online) VALUES ('richard64','q+0iQknjxD' , 5 , '2012-06-09 05:54:56' , '2019-11-19 18:29:36');
INSERT INTO Patient(Account_id, Full_name, Address, Date_of_birth, Passport_number, Insurance_policy_number, Credit_card_number, Age) VALUES ((SELECT CURRVAL('account_account_id_seq') ),'Sarah Miller DVM' , '012 Matthew Union , Davidland, CO 80760' , '2002-07-11' , 88343662 , '05-4812873' , '2693182012405571' , '17' );
INSERT INTO Appointment(Doctor_id, Patient_id, Room, Date, Price) VALUES ( (SELECT floor(random() * ( (SELECT CURRVAL('Doctor_doctor_id_seq')) ) + 1 )) , (SELECT CURRVAL('Patient_patient_id_seq') ), 980 , '2017-02-10 22:40:18' , 353 );
INSERT INTO Appointment(Doctor_id, Patient_id, Room, Date, Price) VALUES ( (SELECT floor(random() * ( (SELECT CURRVAL('Doctor_doctor_id_seq')) ) + 1 )) , (SELECT CURRVAL('Patient_patient_id_seq') ), 292 , '2013-12-13 12:18:32' , 178 );
INSERT INTO Appointment(Doctor_id, Patient_id, Room, Date, Price) VALUES ( (SELECT floor(random() * ( (SELECT CURRVAL('Doctor_doctor_id_seq')) ) + 1 )) , (SELECT CURRVAL('Patient_patient_id_seq') ), 536 , '2017-07-24 13:52:49' , 867 );
INSERT INTO Appointment(Doctor_id, Patient_id, Room, Date, Price) VALUES ( (SELECT floor(random() * ( (SELECT CURRVAL('Doctor_doctor_id_seq')) ) + 1 )) , (SELECT CURRVAL('Patient_patient_id_seq') ), 620 , '2017-12-04 19:25:08' , 580 );
INSERT INTO Appointment(Doctor_id, Patient_id, Room, Date, Price) VALUES ( (SELECT floor(random() * ( (SELECT CURRVAL('Doctor_doctor_id_seq')) ) + 1 )) , (SELECT CURRVAL('Patient_patient_id_seq') ), 497 , '2012-08-16 10:47:27' , 604 );
INSERT INTO Medical_record(Patient_id, Creation_date, Diagnosis, Prescription) VALUES ((SELECT CURRVAL('Patient_patient_id_seq') ), '2016-08-06 00:34:45' , 'Anxiety' , 'Clonidine Hydrochloride' );
INSERT INTO Notification(Patient_id, Date, Event, Sound) VALUES ((SELECT CURRVAL('Patient_patient_id_seq') ), '2018-06-18 22:53:19' , 'Public available child so hospital record.' , 2 );
INSERT INTO Notification(Patient_id, Date, Event, Sound) VALUES ((SELECT CURRVAL('Patient_patient_id_seq') ), '2016-06-05 06:06:29' , 'Because environmental add interest Congress from.' , 9 );
INSERT INTO Payment(Patient_id, Date, Description, Amount) VALUES ((SELECT CURRVAL('Patient_patient_id_seq') ), '2013-03-30 20:46:23' , 'Down thousand upon across.' , 4427944 );
INSERT INTO Payment(Patient_id, Date, Description, Amount) VALUES ((SELECT CURRVAL('Patient_patient_id_seq') ), '2019-10-05 06:39:25' , 'Accept tell hear ever sell one guess owner.' , 8922593 );
INSERT INTO Account(Login, Password, Permission_level, Date_of_creation, Last_time_online) VALUES ('marciajames','Y$vk17UxtP' , 5 , '2015-01-01 05:15:06' , '2019-11-24 03:30:16');
INSERT INTO Patient(Account_id, Full_name, Address, Date_of_birth, Passport_number, Insurance_policy_number, Credit_card_number, Age) VALUES ((SELECT CURRVAL('account_account_id_seq') ),'Danny Stone' , '52260 Samuel Junctions Apt. 600 , West James, MI 39352' , '1997-09-15' , 51527549 , '60-5133513' , '2714059237429823' , '22' );
INSERT INTO Appointment(Doctor_id, Patient_id, Room, Date, Price) VALUES ( (SELECT floor(random() * ( (SELECT CURRVAL('Doctor_doctor_id_seq')) ) + 1 )) , (SELECT CURRVAL('Patient_patient_id_seq') ), 691 , '2010-09-11 06:32:15' , 40 );
INSERT INTO Appointment(Doctor_id, Patient_id, Room, Date, Price) VALUES ( (SELECT floor(random() * ( (SELECT CURRVAL('Doctor_doctor_id_seq')) ) + 1 )) , (SELECT CURRVAL('Patient_patient_id_seq') ), 781 , '2019-04-09 18:12:47' , 50 );
INSERT INTO Appointment(Doctor_id, Patient_id, Room, Date, Price) VALUES ( (SELECT floor(random() * ( (SELECT CURRVAL('Doctor_doctor_id_seq')) ) + 1 )) , (SELECT CURRVAL('Patient_patient_id_seq') ), 350 , '2016-08-10 18:47:22' , 653 );
INSERT INTO Appointment(Doctor_id, Patient_id, Room, Date, Price) VALUES ( (SELECT floor(random() * ( (SELECT CURRVAL('Doctor_doctor_id_seq')) ) + 1 )) , (SELECT CURRVAL('Patient_patient_id_seq') ), 730 , '2019-03-06 23:28:55' , 953 );
INSERT INTO Appointment(Doctor_id, Patient_id, Room, Date, Price) VALUES ( (SELECT floor(random() * ( (SELECT CURRVAL('Doctor_doctor_id_seq')) ) + 1 )) , (SELECT CURRVAL('Patient_patient_id_seq') ), 150 , '2017-08-29 03:04:26' , 199 );
INSERT INTO Medical_record(Patient_id, Creation_date, Diagnosis, Prescription) VALUES ((SELECT CURRVAL('Patient_patient_id_seq') ), '2016-12-25 11:01:09' , 'Obesity' , 'Aplicare Povidone-iodine Triples' );
INSERT INTO Notification(Patient_id, Date, Event, Sound) VALUES ((SELECT CURRVAL('Patient_patient_id_seq') ), '2010-06-10 01:58:11' , 'Activity may off you PM get.' , 4 );
INSERT INTO Notification(Patient_id, Date, Event, Sound) VALUES ((SELECT CURRVAL('Patient_patient_id_seq') ), '2018-08-30 17:25:00' , 'Free year why movement top phone rather behavior.' , 4 );
INSERT INTO Payment(Patient_id, Date, Description, Amount) VALUES ((SELECT CURRVAL('Patient_patient_id_seq') ), '2010-09-21 08:19:07' , 'Dream main deep commercial tell foreign.' , 3736784 );
INSERT INTO Payment(Patient_id, Date, Description, Amount) VALUES ((SELECT CURRVAL('Patient_patient_id_seq') ), '2019-03-18 02:03:01' , 'Democratic strategy receive field.' , 6593950 );
INSERT INTO Account(Login, Password, Permission_level, Date_of_creation, Last_time_online) VALUES ('steven74','h2buE6at$2' , 5 , '2013-03-30 21:38:22' , '2019-11-18 23:01:01');
INSERT INTO Patient(Account_id, Full_name, Address, Date_of_birth, Passport_number, Insurance_policy_number, Credit_card_number, Age) VALUES ((SELECT CURRVAL('account_account_id_seq') ),'Paul Lewis' , '7617 Brandon Point Suite 468 , Rhodesside, NC 14316' , '1937-09-04' , 91002983 , '56-3935963' , '2399996036659575' , '82' );
INSERT INTO Appointment(Doctor_id, Patient_id, Room, Date, Price) VALUES ( (SELECT floor(random() * ( (SELECT CURRVAL('Doctor_doctor_id_seq')) ) + 1 )) , (SELECT CURRVAL('Patient_patient_id_seq') ), 131 , '2012-03-30 12:33:00' , 283 );
INSERT INTO Appointment(Doctor_id, Patient_id, Room, Date, Price) VALUES ( (SELECT floor(random() * ( (SELECT CURRVAL('Doctor_doctor_id_seq')) ) + 1 )) , (SELECT CURRVAL('Patient_patient_id_seq') ), 519 , '2012-04-08 13:37:30' , 711 );
INSERT INTO Appointment(Doctor_id, Patient_id, Room, Date, Price) VALUES ( (SELECT floor(random() * ( (SELECT CURRVAL('Doctor_doctor_id_seq')) ) + 1 )) , (SELECT CURRVAL('Patient_patient_id_seq') ), 385 , '2019-10-30 08:02:28' , 680 );
INSERT INTO Appointment(Doctor_id, Patient_id, Room, Date, Price) VALUES ( (SELECT floor(random() * ( (SELECT CURRVAL('Doctor_doctor_id_seq')) ) + 1 )) , (SELECT CURRVAL('Patient_patient_id_seq') ), 808 , '2018-06-30 22:07:55' , 269 );
INSERT INTO Appointment(Doctor_id, Patient_id, Room, Date, Price) VALUES ( (SELECT floor(random() * ( (SELECT CURRVAL('Doctor_doctor_id_seq')) ) + 1 )) , (SELECT CURRVAL('Patient_patient_id_seq') ), 268 , '2013-04-26 22:28:29' , 44 );
INSERT INTO Medical_record(Patient_id, Creation_date, Diagnosis, Prescription) VALUES ((SELECT CURRVAL('Patient_patient_id_seq') ), '2011-04-07 01:42:50' , 'Diabetes' , 'Metformin Hydrochloride' );
INSERT INTO Notification(Patient_id, Date, Event, Sound) VALUES ((SELECT CURRVAL('Patient_patient_id_seq') ), '2011-01-23 16:26:47' , 'Choice among painting compare politics.' , 7 );
INSERT INTO Notification(Patient_id, Date, Event, Sound) VALUES ((SELECT CURRVAL('Patient_patient_id_seq') ), '2017-06-16 14:27:20' , 'Hour serious expect anything.' , 1 );
INSERT INTO Payment(Patient_id, Date, Description, Amount) VALUES ((SELECT CURRVAL('Patient_patient_id_seq') ), '2018-10-19 09:59:42' , 'Market ability whether head test.' , 5214205 );
INSERT INTO Payment(Patient_id, Date, Description, Amount) VALUES ((SELECT CURRVAL('Patient_patient_id_seq') ), '2012-06-30 03:40:57' , 'Moment try back people social.' , 1354918 );
INSERT INTO Account(Login, Password, Permission_level, Date_of_creation, Last_time_online) VALUES ('stanleynicholas',')Y0+xCTb^l' , 5 , '2018-10-10 01:06:33' , '2019-11-18 14:56:50');
INSERT INTO Patient(Account_id, Full_name, Address, Date_of_birth, Passport_number, Insurance_policy_number, Credit_card_number, Age) VALUES ((SELECT CURRVAL('account_account_id_seq') ),'Christopher Edwards' , '60700 Melissa Port Suite 011 , Port Williamland, ND 53647' , '1939-12-24' , 51009557 , '58-7285935' , '2512139346647343' , '79' );
INSERT INTO Appointment(Doctor_id, Patient_id, Room, Date, Price) VALUES ( (SELECT floor(random() * ( (SELECT CURRVAL('Doctor_doctor_id_seq')) ) + 1 )) , (SELECT CURRVAL('Patient_patient_id_seq') ), 815 , '2014-06-01 08:51:34' , 801 );
INSERT INTO Appointment(Doctor_id, Patient_id, Room, Date, Price) VALUES ( (SELECT floor(random() * ( (SELECT CURRVAL('Doctor_doctor_id_seq')) ) + 1 )) , (SELECT CURRVAL('Patient_patient_id_seq') ), 669 , '2012-12-15 21:27:38' , 214 );
INSERT INTO Appointment(Doctor_id, Patient_id, Room, Date, Price) VALUES ( (SELECT floor(random() * ( (SELECT CURRVAL('Doctor_doctor_id_seq')) ) + 1 )) , (SELECT CURRVAL('Patient_patient_id_seq') ), 512 , '2011-12-09 21:49:56' , 724 );
INSERT INTO Appointment(Doctor_id, Patient_id, Room, Date, Price) VALUES ( (SELECT floor(random() * ( (SELECT CURRVAL('Doctor_doctor_id_seq')) ) + 1 )) , (SELECT CURRVAL('Patient_patient_id_seq') ), 255 , '2011-12-11 01:56:30' , 954 );
INSERT INTO Appointment(Doctor_id, Patient_id, Room, Date, Price) VALUES ( (SELECT floor(random() * ( (SELECT CURRVAL('Doctor_doctor_id_seq')) ) + 1 )) , (SELECT CURRVAL('Patient_patient_id_seq') ), 199 , '2015-08-06 00:14:52' , 111 );
INSERT INTO Medical_record(Patient_id, Creation_date, Diagnosis, Prescription) VALUES ((SELECT CURRVAL('Patient_patient_id_seq') ), '2018-09-07 00:33:05' , 'Diabetes' , 'Antibacterial Foam' );
INSERT INTO Notification(Patient_id, Date, Event, Sound) VALUES ((SELECT CURRVAL('Patient_patient_id_seq') ), '2019-09-15 22:08:43' , 'Hit available through security.' , 3 );
INSERT INTO Notification(Patient_id, Date, Event, Sound) VALUES ((SELECT CURRVAL('Patient_patient_id_seq') ), '2015-01-31 12:09:36' , 'Continue thousand message others and city field.' , 10 );
INSERT INTO Payment(Patient_id, Date, Description, Amount) VALUES ((SELECT CURRVAL('Patient_patient_id_seq') ), '2019-03-08 14:17:37' , 'Site information audience red nor.' , 6594299 );
INSERT INTO Payment(Patient_id, Date, Description, Amount) VALUES ((SELECT CURRVAL('Patient_patient_id_seq') ), '2013-05-16 15:51:23' , 'Activity figure along.' , 4129697 );
INSERT INTO Account(Login, Password, Permission_level, Date_of_creation, Last_time_online) VALUES ('hharris','#CxF(x7$0l' , 5 , '2015-11-05 22:57:17' , '2019-11-18 07:24:58');
INSERT INTO Patient(Account_id, Full_name, Address, Date_of_birth, Passport_number, Insurance_policy_number, Credit_card_number, Age) VALUES ((SELECT CURRVAL('account_account_id_seq') ),'Allen Beasley' , '7796 Taylor Glens , New Carrie, IN 43997' , '2005-09-22' , 81172733 , '74-4568265' , '5116431225330106' , '14' );
INSERT INTO Appointment(Doctor_id, Patient_id, Room, Date, Price) VALUES ( (SELECT floor(random() * ( (SELECT CURRVAL('Doctor_doctor_id_seq')) ) + 1 )) , (SELECT CURRVAL('Patient_patient_id_seq') ), 435 , '2013-04-08 14:14:06' , 280 );
INSERT INTO Appointment(Doctor_id, Patient_id, Room, Date, Price) VALUES ( (SELECT floor(random() * ( (SELECT CURRVAL('Doctor_doctor_id_seq')) ) + 1 )) , (SELECT CURRVAL('Patient_patient_id_seq') ), 808 , '2014-06-07 10:09:42' , 903 );
INSERT INTO Appointment(Doctor_id, Patient_id, Room, Date, Price) VALUES ( (SELECT floor(random() * ( (SELECT CURRVAL('Doctor_doctor_id_seq')) ) + 1 )) , (SELECT CURRVAL('Patient_patient_id_seq') ), 358 , '2011-02-03 16:18:55' , 864 );
INSERT INTO Appointment(Doctor_id, Patient_id, Room, Date, Price) VALUES ( (SELECT floor(random() * ( (SELECT CURRVAL('Doctor_doctor_id_seq')) ) + 1 )) , (SELECT CURRVAL('Patient_patient_id_seq') ), 874 , '2017-05-14 15:53:40' , 989 );
INSERT INTO Appointment(Doctor_id, Patient_id, Room, Date, Price) VALUES ( (SELECT floor(random() * ( (SELECT CURRVAL('Doctor_doctor_id_seq')) ) + 1 )) , (SELECT CURRVAL('Patient_patient_id_seq') ), 566 , '2017-08-07 16:41:54' , 109 );
INSERT INTO Medical_record(Patient_id, Creation_date, Diagnosis, Prescription) VALUES ((SELECT CURRVAL('Patient_patient_id_seq') ), '2018-08-29 19:02:32' , 'Visual refractive errors' , 'Cardizem CD' );
INSERT INTO Notification(Patient_id, Date, Event, Sound) VALUES ((SELECT CURRVAL('Patient_patient_id_seq') ), '2013-09-28 21:40:52' , 'Those government after play store clearly.' , 3 );
INSERT INTO Notification(Patient_id, Date, Event, Sound) VALUES ((SELECT CURRVAL('Patient_patient_id_seq') ), '2013-07-25 19:00:47' , 'Hot price on threat process production place.' , 9 );
INSERT INTO Payment(Patient_id, Date, Description, Amount) VALUES ((SELECT CURRVAL('Patient_patient_id_seq') ), '2018-01-28 11:11:46' , 'Happy field those result yard team condition probably.' , 1449881 );
INSERT INTO Payment(Patient_id, Date, Description, Amount) VALUES ((SELECT CURRVAL('Patient_patient_id_seq') ), '2019-08-17 00:59:14' , 'Security movie staff claim meet scene size section.' , 8491347 );
INSERT INTO Account(Login, Password, Permission_level, Date_of_creation, Last_time_online) VALUES ('chad70','Itj$LThd^2' , 5 , '2015-09-19 07:39:02' , '2019-11-24 20:42:56');
INSERT INTO Patient(Account_id, Full_name, Address, Date_of_birth, Passport_number, Insurance_policy_number, Credit_card_number, Age) VALUES ((SELECT CURRVAL('account_account_id_seq') ),'Jeffrey Mendoza' , 'Unit 9689 Box 5399 , DPO AA 32259' , '1983-01-26' , 79762694 , '46-9643019' , '2493247474359939' , '36' );
INSERT INTO Appointment(Doctor_id, Patient_id, Room, Date, Price) VALUES ( (SELECT floor(random() * ( (SELECT CURRVAL('Doctor_doctor_id_seq')) ) + 1 )) , (SELECT CURRVAL('Patient_patient_id_seq') ), 464 , '2015-09-17 18:01:16' , 217 );
INSERT INTO Appointment(Doctor_id, Patient_id, Room, Date, Price) VALUES ( (SELECT floor(random() * ( (SELECT CURRVAL('Doctor_doctor_id_seq')) ) + 1 )) , (SELECT CURRVAL('Patient_patient_id_seq') ), 188 , '2013-06-12 22:49:09' , 810 );
INSERT INTO Appointment(Doctor_id, Patient_id, Room, Date, Price) VALUES ( (SELECT floor(random() * ( (SELECT CURRVAL('Doctor_doctor_id_seq')) ) + 1 )) , (SELECT CURRVAL('Patient_patient_id_seq') ), 659 , '2017-12-09 17:23:36' , 898 );
INSERT INTO Appointment(Doctor_id, Patient_id, Room, Date, Price) VALUES ( (SELECT floor(random() * ( (SELECT CURRVAL('Doctor_doctor_id_seq')) ) + 1 )) , (SELECT CURRVAL('Patient_patient_id_seq') ), 190 , '2013-09-06 13:45:53' , 545 );
INSERT INTO Appointment(Doctor_id, Patient_id, Room, Date, Price) VALUES ( (SELECT floor(random() * ( (SELECT CURRVAL('Doctor_doctor_id_seq')) ) + 1 )) , (SELECT CURRVAL('Patient_patient_id_seq') ), 33 , '2017-10-03 01:27:05' , 237 );
INSERT INTO Medical_record(Patient_id, Creation_date, Diagnosis, Prescription) VALUES ((SELECT CURRVAL('Patient_patient_id_seq') ), '2014-10-15 16:17:31' , 'Malaise and fatigue' , 'Multi Sympton Cold Day Night' );
INSERT INTO Notification(Patient_id, Date, Event, Sound) VALUES ((SELECT CURRVAL('Patient_patient_id_seq') ), '2010-06-08 04:42:36' , 'Seat may authority glass claim.' , 4 );
INSERT INTO Notification(Patient_id, Date, Event, Sound) VALUES ((SELECT CURRVAL('Patient_patient_id_seq') ), '2011-07-10 12:01:04' , 'Production expect more culture national.' , 9 );
INSERT INTO Payment(Patient_id, Date, Description, Amount) VALUES ((SELECT CURRVAL('Patient_patient_id_seq') ), '2016-07-14 06:58:14' , 'Detail himself drug process physical something now.' , 1594078 );
INSERT INTO Payment(Patient_id, Date, Description, Amount) VALUES ((SELECT CURRVAL('Patient_patient_id_seq') ), '2012-01-14 18:40:20' , 'Dream or main certain glass medical car.' , 9912700 );
INSERT INTO Account(Login, Password, Permission_level, Date_of_creation, Last_time_online) VALUES ('alexanderprince','_2pAmUZ(gC' , 5 , '2016-08-10 00:02:45' , '2019-11-20 05:24:54');
INSERT INTO Patient(Account_id, Full_name, Address, Date_of_birth, Passport_number, Insurance_policy_number, Credit_card_number, Age) VALUES ((SELECT CURRVAL('account_account_id_seq') ),'Tina Church' , '1816 Stuart Row Apt. 818 , Parsonsbury, MT 98033' , '1987-07-12' , 37109172 , '81-0480979' , '2254643977459359' , '32' );
INSERT INTO Appointment(Doctor_id, Patient_id, Room, Date, Price) VALUES ( (SELECT floor(random() * ( (SELECT CURRVAL('Doctor_doctor_id_seq')) ) + 1 )) , (SELECT CURRVAL('Patient_patient_id_seq') ), 178 , '2015-08-27 00:08:14' , 381 );
INSERT INTO Appointment(Doctor_id, Patient_id, Room, Date, Price) VALUES ( (SELECT floor(random() * ( (SELECT CURRVAL('Doctor_doctor_id_seq')) ) + 1 )) , (SELECT CURRVAL('Patient_patient_id_seq') ), 534 , '2011-03-04 21:10:29' , 5 );
INSERT INTO Appointment(Doctor_id, Patient_id, Room, Date, Price) VALUES ( (SELECT floor(random() * ( (SELECT CURRVAL('Doctor_doctor_id_seq')) ) + 1 )) , (SELECT CURRVAL('Patient_patient_id_seq') ), 459 , '2015-09-07 00:03:19' , 207 );
INSERT INTO Appointment(Doctor_id, Patient_id, Room, Date, Price) VALUES ( (SELECT floor(random() * ( (SELECT CURRVAL('Doctor_doctor_id_seq')) ) + 1 )) , (SELECT CURRVAL('Patient_patient_id_seq') ), 921 , '2010-11-14 14:35:01' , 819 );
INSERT INTO Appointment(Doctor_id, Patient_id, Room, Date, Price) VALUES ( (SELECT floor(random() * ( (SELECT CURRVAL('Doctor_doctor_id_seq')) ) + 1 )) , (SELECT CURRVAL('Patient_patient_id_seq') ), 603 , '2013-03-02 09:34:54' , 24 );
INSERT INTO Medical_record(Patient_id, Creation_date, Diagnosis, Prescription) VALUES ((SELECT CURRVAL('Patient_patient_id_seq') ), '2010-03-05 17:32:04' , 'Hypothyroidism' , 'Multi Sympton Cold Day Night' );
INSERT INTO Notification(Patient_id, Date, Event, Sound) VALUES ((SELECT CURRVAL('Patient_patient_id_seq') ), '2017-01-25 10:03:42' , 'World site hair maybe traditional simply glass.' , 9 );
INSERT INTO Notification(Patient_id, Date, Event, Sound) VALUES ((SELECT CURRVAL('Patient_patient_id_seq') ), '2019-08-01 01:52:44' , 'Safe off month project hit set.' , 8 );
INSERT INTO Payment(Patient_id, Date, Description, Amount) VALUES ((SELECT CURRVAL('Patient_patient_id_seq') ), '2011-12-18 23:45:32' , 'Social let pay benefit.' , 3958978 );
INSERT INTO Payment(Patient_id, Date, Description, Amount) VALUES ((SELECT CURRVAL('Patient_patient_id_seq') ), '2015-04-04 00:38:39' , 'Buy ready indeed hope step.' , 3617431 );
INSERT INTO Account(Login, Password, Permission_level, Date_of_creation, Last_time_online) VALUES ('johnwang','77O(VQbk)(' , 5 , '2015-04-12 03:38:56' , '2019-11-23 08:38:12');
INSERT INTO Patient(Account_id, Full_name, Address, Date_of_birth, Passport_number, Insurance_policy_number, Credit_card_number, Age) VALUES ((SELECT CURRVAL('account_account_id_seq') ),'Sandra Carlson' , 'PSC 9715, Box 3704 , APO AA 52218' , '1989-07-23' , 17715010 , '35-4113123' , '2364502189905368' , '30' );
INSERT INTO Appointment(Doctor_id, Patient_id, Room, Date, Price) VALUES ( (SELECT floor(random() * ( (SELECT CURRVAL('Doctor_doctor_id_seq')) ) + 1 )) , (SELECT CURRVAL('Patient_patient_id_seq') ), 411 , '2012-07-25 19:02:20' , 778 );
INSERT INTO Appointment(Doctor_id, Patient_id, Room, Date, Price) VALUES ( (SELECT floor(random() * ( (SELECT CURRVAL('Doctor_doctor_id_seq')) ) + 1 )) , (SELECT CURRVAL('Patient_patient_id_seq') ), 425 , '2010-12-01 07:25:11' , 34 );
INSERT INTO Appointment(Doctor_id, Patient_id, Room, Date, Price) VALUES ( (SELECT floor(random() * ( (SELECT CURRVAL('Doctor_doctor_id_seq')) ) + 1 )) , (SELECT CURRVAL('Patient_patient_id_seq') ), 259 , '2018-10-31 08:28:15' , 937 );
INSERT INTO Appointment(Doctor_id, Patient_id, Room, Date, Price) VALUES ( (SELECT floor(random() * ( (SELECT CURRVAL('Doctor_doctor_id_seq')) ) + 1 )) , (SELECT CURRVAL('Patient_patient_id_seq') ), 63 , '2017-09-28 21:46:21' , 156 );
INSERT INTO Appointment(Doctor_id, Patient_id, Room, Date, Price) VALUES ( (SELECT floor(random() * ( (SELECT CURRVAL('Doctor_doctor_id_seq')) ) + 1 )) , (SELECT CURRVAL('Patient_patient_id_seq') ), 475 , '2013-02-25 11:43:46' , 386 );
INSERT INTO Medical_record(Patient_id, Creation_date, Diagnosis, Prescription) VALUES ((SELECT CURRVAL('Patient_patient_id_seq') ), '2018-01-28 22:26:18' , 'Respiratory problems' , 'Cardizem CD' );
INSERT INTO Notification(Patient_id, Date, Event, Sound) VALUES ((SELECT CURRVAL('Patient_patient_id_seq') ), '2018-12-12 04:29:19' , 'Our certain leave theory.' , 6 );
INSERT INTO Notification(Patient_id, Date, Event, Sound) VALUES ((SELECT CURRVAL('Patient_patient_id_seq') ), '2010-11-13 18:52:28' , 'Film or I group create resource.' , 1 );
INSERT INTO Payment(Patient_id, Date, Description, Amount) VALUES ((SELECT CURRVAL('Patient_patient_id_seq') ), '2019-07-08 02:20:11' , 'Any everybody serious various.' , 7698338 );
INSERT INTO Payment(Patient_id, Date, Description, Amount) VALUES ((SELECT CURRVAL('Patient_patient_id_seq') ), '2017-05-31 13:27:21' , 'Really him population performance north yard result.' , 1095674 );
INSERT INTO Account(Login, Password, Permission_level, Date_of_creation, Last_time_online) VALUES ('pwarren','Ff(Dv6_)^1' , 5 , '2018-12-16 07:41:10' , '2019-11-21 09:33:09');
INSERT INTO Patient(Account_id, Full_name, Address, Date_of_birth, Passport_number, Insurance_policy_number, Credit_card_number, Age) VALUES ((SELECT CURRVAL('account_account_id_seq') ),'Cameron Tran DDS' , '88811 Lucas Green , Port Howardville, AL 10543' , '1907-04-06' , 81223879 , '42-0057197' , '5584295365885432' , '112' );
INSERT INTO Appointment(Doctor_id, Patient_id, Room, Date, Price) VALUES ( (SELECT floor(random() * ( (SELECT CURRVAL('Doctor_doctor_id_seq')) ) + 1 )) , (SELECT CURRVAL('Patient_patient_id_seq') ), 883 , '2011-09-10 21:53:35' , 825 );
INSERT INTO Appointment(Doctor_id, Patient_id, Room, Date, Price) VALUES ( (SELECT floor(random() * ( (SELECT CURRVAL('Doctor_doctor_id_seq')) ) + 1 )) , (SELECT CURRVAL('Patient_patient_id_seq') ), 277 , '2010-09-24 17:07:56' , 807 );
INSERT INTO Appointment(Doctor_id, Patient_id, Room, Date, Price) VALUES ( (SELECT floor(random() * ( (SELECT CURRVAL('Doctor_doctor_id_seq')) ) + 1 )) , (SELECT CURRVAL('Patient_patient_id_seq') ), 221 , '2019-07-01 06:52:31' , 439 );
INSERT INTO Appointment(Doctor_id, Patient_id, Room, Date, Price) VALUES ( (SELECT floor(random() * ( (SELECT CURRVAL('Doctor_doctor_id_seq')) ) + 1 )) , (SELECT CURRVAL('Patient_patient_id_seq') ), 256 , '2010-07-01 23:50:24' , 426 );
INSERT INTO Appointment(Doctor_id, Patient_id, Room, Date, Price) VALUES ( (SELECT floor(random() * ( (SELECT CURRVAL('Doctor_doctor_id_seq')) ) + 1 )) , (SELECT CURRVAL('Patient_patient_id_seq') ), 602 , '2014-06-04 00:58:29' , 594 );
INSERT INTO Medical_record(Patient_id, Creation_date, Diagnosis, Prescription) VALUES ((SELECT CURRVAL('Patient_patient_id_seq') ), '2010-09-29 00:17:17' , 'Acute bronchitis' , 'Clonidine Hydrochloride' );
INSERT INTO Notification(Patient_id, Date, Event, Sound) VALUES ((SELECT CURRVAL('Patient_patient_id_seq') ), '2011-11-14 00:12:27' , 'Half seek fill.' , 10 );
INSERT INTO Notification(Patient_id, Date, Event, Sound) VALUES ((SELECT CURRVAL('Patient_patient_id_seq') ), '2010-01-21 14:40:18' , 'Take raise not tough.' , 0 );
INSERT INTO Payment(Patient_id, Date, Description, Amount) VALUES ((SELECT CURRVAL('Patient_patient_id_seq') ), '2011-12-14 19:53:10' , 'Value eight with over.' , 1724465 );
INSERT INTO Payment(Patient_id, Date, Description, Amount) VALUES ((SELECT CURRVAL('Patient_patient_id_seq') ), '2011-04-03 00:43:53' , 'Within dinner speak interview condition answer article.' , 5156856 );
INSERT INTO Account(Login, Password, Permission_level, Date_of_creation, Last_time_online) VALUES ('darrenhall','M(8CiPw@_v' , 5 , '2013-04-13 22:20:14' , '2019-11-19 13:54:39');
INSERT INTO Patient(Account_id, Full_name, Address, Date_of_birth, Passport_number, Insurance_policy_number, Credit_card_number, Age) VALUES ((SELECT CURRVAL('account_account_id_seq') ),'Ryan Avila' , '689 Knapp Expressway , Jerryville, DE 07682' , '1949-01-31' , 63330342 , '66-7296679' , '5385212573793564' , '70' );
INSERT INTO Appointment(Doctor_id, Patient_id, Room, Date, Price) VALUES ( (SELECT floor(random() * ( (SELECT CURRVAL('Doctor_doctor_id_seq')) ) + 1 )) , (SELECT CURRVAL('Patient_patient_id_seq') ), 180 , '2019-02-10 04:23:43' , 950 );
INSERT INTO Appointment(Doctor_id, Patient_id, Room, Date, Price) VALUES ( (SELECT floor(random() * ( (SELECT CURRVAL('Doctor_doctor_id_seq')) ) + 1 )) , (SELECT CURRVAL('Patient_patient_id_seq') ), 390 , '2010-11-12 17:07:39' , 116 );
INSERT INTO Appointment(Doctor_id, Patient_id, Room, Date, Price) VALUES ( (SELECT floor(random() * ( (SELECT CURRVAL('Doctor_doctor_id_seq')) ) + 1 )) , (SELECT CURRVAL('Patient_patient_id_seq') ), 161 , '2010-07-03 06:53:19' , 723 );
INSERT INTO Appointment(Doctor_id, Patient_id, Room, Date, Price) VALUES ( (SELECT floor(random() * ( (SELECT CURRVAL('Doctor_doctor_id_seq')) ) + 1 )) , (SELECT CURRVAL('Patient_patient_id_seq') ), 78 , '2016-09-08 08:03:35' , 280 );
INSERT INTO Appointment(Doctor_id, Patient_id, Room, Date, Price) VALUES ( (SELECT floor(random() * ( (SELECT CURRVAL('Doctor_doctor_id_seq')) ) + 1 )) , (SELECT CURRVAL('Patient_patient_id_seq') ), 419 , '2013-12-28 20:37:13' , 419 );
INSERT INTO Medical_record(Patient_id, Creation_date, Diagnosis, Prescription) VALUES ((SELECT CURRVAL('Patient_patient_id_seq') ), '2017-08-27 06:50:22' , 'Fibromyalgia / myositis' , 'Clindamycin' );
INSERT INTO Notification(Patient_id, Date, Event, Sound) VALUES ((SELECT CURRVAL('Patient_patient_id_seq') ), '2011-02-07 11:24:28' , 'Wonder first boy according people.' , 2 );
INSERT INTO Notification(Patient_id, Date, Event, Sound) VALUES ((SELECT CURRVAL('Patient_patient_id_seq') ), '2015-02-05 01:49:04' , 'Front box stock dog there.' , 8 );
INSERT INTO Payment(Patient_id, Date, Description, Amount) VALUES ((SELECT CURRVAL('Patient_patient_id_seq') ), '2017-11-23 19:41:00' , 'Though series fine involve west imagine.' , 6689845 );
INSERT INTO Payment(Patient_id, Date, Description, Amount) VALUES ((SELECT CURRVAL('Patient_patient_id_seq') ), '2019-09-26 14:15:43' , 'If PM indeed serious choice western.' , 9085262 );
INSERT INTO Account(Login, Password, Permission_level, Date_of_creation, Last_time_online) VALUES ('davidjackson','x2umVtuJ!(' , 5 , '2015-01-19 18:33:21' , '2019-11-24 01:40:20');
INSERT INTO Patient(Account_id, Full_name, Address, Date_of_birth, Passport_number, Insurance_policy_number, Credit_card_number, Age) VALUES ((SELECT CURRVAL('account_account_id_seq') ),'Leslie Miles' , '294 Reginald Drive Suite 746 , Lake Courtneyport, IA 50856' , '1905-11-27' , 78194373 , '23-8306244' , '2304251321812743' , '113' );
INSERT INTO Appointment(Doctor_id, Patient_id, Room, Date, Price) VALUES ( (SELECT floor(random() * ( (SELECT CURRVAL('Doctor_doctor_id_seq')) ) + 1 )) , (SELECT CURRVAL('Patient_patient_id_seq') ), 965 , '2013-03-01 12:07:26' , 285 );
INSERT INTO Appointment(Doctor_id, Patient_id, Room, Date, Price) VALUES ( (SELECT floor(random() * ( (SELECT CURRVAL('Doctor_doctor_id_seq')) ) + 1 )) , (SELECT CURRVAL('Patient_patient_id_seq') ), 885 , '2012-07-21 03:23:10' , 99 );
INSERT INTO Appointment(Doctor_id, Patient_id, Room, Date, Price) VALUES ( (SELECT floor(random() * ( (SELECT CURRVAL('Doctor_doctor_id_seq')) ) + 1 )) , (SELECT CURRVAL('Patient_patient_id_seq') ), 414 , '2010-07-06 03:25:04' , 692 );
INSERT INTO Appointment(Doctor_id, Patient_id, Room, Date, Price) VALUES ( (SELECT floor(random() * ( (SELECT CURRVAL('Doctor_doctor_id_seq')) ) + 1 )) , (SELECT CURRVAL('Patient_patient_id_seq') ), 552 , '2011-01-23 09:29:41' , 215 );
INSERT INTO Appointment(Doctor_id, Patient_id, Room, Date, Price) VALUES ( (SELECT floor(random() * ( (SELECT CURRVAL('Doctor_doctor_id_seq')) ) + 1 )) , (SELECT CURRVAL('Patient_patient_id_seq') ), 127 , '2013-03-02 21:56:18' , 214 );
INSERT INTO Medical_record(Patient_id, Creation_date, Diagnosis, Prescription) VALUES ((SELECT CURRVAL('Patient_patient_id_seq') ), '2011-05-09 05:29:21' , 'Visual refractive errors' , 'home sense' );
INSERT INTO Notification(Patient_id, Date, Event, Sound) VALUES ((SELECT CURRVAL('Patient_patient_id_seq') ), '2014-09-02 01:14:11' , 'Direction girl physical moment.' , 0 );
INSERT INTO Notification(Patient_id, Date, Event, Sound) VALUES ((SELECT CURRVAL('Patient_patient_id_seq') ), '2011-03-01 15:36:00' , 'Same kid if positive finish finally project.' , 3 );
INSERT INTO Payment(Patient_id, Date, Description, Amount) VALUES ((SELECT CURRVAL('Patient_patient_id_seq') ), '2010-02-03 03:45:06' , 'Across war way argue.' , 4849421 );
INSERT INTO Payment(Patient_id, Date, Description, Amount) VALUES ((SELECT CURRVAL('Patient_patient_id_seq') ), '2016-10-02 20:11:34' , 'A smile may letter hotel crime know.' , 9735492 );
INSERT INTO Account(Login, Password, Permission_level, Date_of_creation, Last_time_online) VALUES ('walkereric','+T(8PEi19G' , 5 , '2011-09-23 20:12:33' , '2019-11-22 08:42:11');
INSERT INTO Patient(Account_id, Full_name, Address, Date_of_birth, Passport_number, Insurance_policy_number, Credit_card_number, Age) VALUES ((SELECT CURRVAL('account_account_id_seq') ),'Chase Clark' , '39416 Allison Islands Suite 548 , Coryfort, OH 91852' , '1990-07-23' , 82296520 , '77-9965859' , '5324110901570320' , '29' );
INSERT INTO Appointment(Doctor_id, Patient_id, Room, Date, Price) VALUES ( (SELECT floor(random() * ( (SELECT CURRVAL('Doctor_doctor_id_seq')) ) + 1 )) , (SELECT CURRVAL('Patient_patient_id_seq') ), 317 , '2019-10-21 09:25:28' , 109 );
INSERT INTO Appointment(Doctor_id, Patient_id, Room, Date, Price) VALUES ( (SELECT floor(random() * ( (SELECT CURRVAL('Doctor_doctor_id_seq')) ) + 1 )) , (SELECT CURRVAL('Patient_patient_id_seq') ), 250 , '2011-12-05 21:39:51' , 353 );
INSERT INTO Appointment(Doctor_id, Patient_id, Room, Date, Price) VALUES ( (SELECT floor(random() * ( (SELECT CURRVAL('Doctor_doctor_id_seq')) ) + 1 )) , (SELECT CURRVAL('Patient_patient_id_seq') ), 121 , '2011-03-30 22:58:27' , 182 );
INSERT INTO Appointment(Doctor_id, Patient_id, Room, Date, Price) VALUES ( (SELECT floor(random() * ( (SELECT CURRVAL('Doctor_doctor_id_seq')) ) + 1 )) , (SELECT CURRVAL('Patient_patient_id_seq') ), 5 , '2013-06-21 03:55:22' , 360 );
INSERT INTO Appointment(Doctor_id, Patient_id, Room, Date, Price) VALUES ( (SELECT floor(random() * ( (SELECT CURRVAL('Doctor_doctor_id_seq')) ) + 1 )) , (SELECT CURRVAL('Patient_patient_id_seq') ), 543 , '2013-10-05 11:10:44' , 16 );
INSERT INTO Medical_record(Patient_id, Creation_date, Diagnosis, Prescription) VALUES ((SELECT CURRVAL('Patient_patient_id_seq') ), '2016-08-16 09:50:57' , 'General medical exam' , 'Multi Sympton Cold Day Night' );
INSERT INTO Notification(Patient_id, Date, Event, Sound) VALUES ((SELECT CURRVAL('Patient_patient_id_seq') ), '2014-07-01 23:17:08' , 'Into force media down skin hold.' , 10 );
INSERT INTO Notification(Patient_id, Date, Event, Sound) VALUES ((SELECT CURRVAL('Patient_patient_id_seq') ), '2012-02-16 02:29:49' , 'So live late activity season song idea.' , 8 );
INSERT INTO Payment(Patient_id, Date, Description, Amount) VALUES ((SELECT CURRVAL('Patient_patient_id_seq') ), '2014-10-10 01:34:48' , 'House player single prove.' , 6961504 );
INSERT INTO Payment(Patient_id, Date, Description, Amount) VALUES ((SELECT CURRVAL('Patient_patient_id_seq') ), '2014-07-02 17:43:55' , 'Fact couple Mr order too interesting write.' , 8106749 );
INSERT INTO Account(Login, Password, Permission_level, Date_of_creation, Last_time_online) VALUES ('elizabeth83','Fw0Dc&QTf_' , 5 , '2010-03-26 20:15:49' , '2019-11-19 08:26:36');
INSERT INTO Patient(Account_id, Full_name, Address, Date_of_birth, Passport_number, Insurance_policy_number, Credit_card_number, Age) VALUES ((SELECT CURRVAL('account_account_id_seq') ),'Jennifer Sawyer' , 'USS Gates , FPO AA 71291' , '1961-03-11' , 33159423 , '84-0249549' , '5185815093203567' , '58' );
INSERT INTO Appointment(Doctor_id, Patient_id, Room, Date, Price) VALUES ( (SELECT floor(random() * ( (SELECT CURRVAL('Doctor_doctor_id_seq')) ) + 1 )) , (SELECT CURRVAL('Patient_patient_id_seq') ), 769 , '2019-07-21 07:36:14' , 663 );
INSERT INTO Appointment(Doctor_id, Patient_id, Room, Date, Price) VALUES ( (SELECT floor(random() * ( (SELECT CURRVAL('Doctor_doctor_id_seq')) ) + 1 )) , (SELECT CURRVAL('Patient_patient_id_seq') ), 265 , '2017-03-12 09:33:01' , 540 );
INSERT INTO Appointment(Doctor_id, Patient_id, Room, Date, Price) VALUES ( (SELECT floor(random() * ( (SELECT CURRVAL('Doctor_doctor_id_seq')) ) + 1 )) , (SELECT CURRVAL('Patient_patient_id_seq') ), 953 , '2011-12-03 23:31:28' , 576 );
INSERT INTO Appointment(Doctor_id, Patient_id, Room, Date, Price) VALUES ( (SELECT floor(random() * ( (SELECT CURRVAL('Doctor_doctor_id_seq')) ) + 1 )) , (SELECT CURRVAL('Patient_patient_id_seq') ), 260 , '2015-11-06 04:57:43' , 413 );
INSERT INTO Appointment(Doctor_id, Patient_id, Room, Date, Price) VALUES ( (SELECT floor(random() * ( (SELECT CURRVAL('Doctor_doctor_id_seq')) ) + 1 )) , (SELECT CURRVAL('Patient_patient_id_seq') ), 184 , '2016-11-21 13:38:47' , 125 );
INSERT INTO Medical_record(Patient_id, Creation_date, Diagnosis, Prescription) VALUES ((SELECT CURRVAL('Patient_patient_id_seq') ), '2011-09-17 08:46:42' , 'Anxiety' , 'CALCAREA FLUORICA' );
INSERT INTO Notification(Patient_id, Date, Event, Sound) VALUES ((SELECT CURRVAL('Patient_patient_id_seq') ), '2010-02-09 02:51:16' , 'Boy care however example spend set adult.' , 6 );
INSERT INTO Notification(Patient_id, Date, Event, Sound) VALUES ((SELECT CURRVAL('Patient_patient_id_seq') ), '2017-01-11 12:40:23' , 'Policy play nature walk bag I throw.' , 4 );
INSERT INTO Payment(Patient_id, Date, Description, Amount) VALUES ((SELECT CURRVAL('Patient_patient_id_seq') ), '2011-07-29 15:56:23' , 'Concern experience we space suggest what.' , 3885984 );
INSERT INTO Payment(Patient_id, Date, Description, Amount) VALUES ((SELECT CURRVAL('Patient_patient_id_seq') ), '2016-04-22 23:09:01' , 'Fish keep none tax your imagine foot.' , 3050049 );
INSERT INTO Account(Login, Password, Permission_level, Date_of_creation, Last_time_online) VALUES ('alexandra34','K5lUg9n5#b' , 5 , '2017-10-09 06:02:51' , '2019-11-18 05:51:05');
INSERT INTO Patient(Account_id, Full_name, Address, Date_of_birth, Passport_number, Insurance_policy_number, Credit_card_number, Age) VALUES ((SELECT CURRVAL('account_account_id_seq') ),'Andrea Campbell' , '90356 Ball Shoals Suite 599 , Bradleyberg, DC 35606' , '1919-12-14' , 34380796 , '76-7033248' , '2280275799783134' , '99' );
INSERT INTO Appointment(Doctor_id, Patient_id, Room, Date, Price) VALUES ( (SELECT floor(random() * ( (SELECT CURRVAL('Doctor_doctor_id_seq')) ) + 1 )) , (SELECT CURRVAL('Patient_patient_id_seq') ), 359 , '2016-01-03 21:30:49' , 123 );
INSERT INTO Appointment(Doctor_id, Patient_id, Room, Date, Price) VALUES ( (SELECT floor(random() * ( (SELECT CURRVAL('Doctor_doctor_id_seq')) ) + 1 )) , (SELECT CURRVAL('Patient_patient_id_seq') ), 740 , '2018-12-04 18:42:08' , 950 );
INSERT INTO Appointment(Doctor_id, Patient_id, Room, Date, Price) VALUES ( (SELECT floor(random() * ( (SELECT CURRVAL('Doctor_doctor_id_seq')) ) + 1 )) , (SELECT CURRVAL('Patient_patient_id_seq') ), 907 , '2012-10-12 13:24:59' , 354 );
INSERT INTO Appointment(Doctor_id, Patient_id, Room, Date, Price) VALUES ( (SELECT floor(random() * ( (SELECT CURRVAL('Doctor_doctor_id_seq')) ) + 1 )) , (SELECT CURRVAL('Patient_patient_id_seq') ), 454 , '2016-05-28 09:37:55' , 854 );
INSERT INTO Appointment(Doctor_id, Patient_id, Room, Date, Price) VALUES ( (SELECT floor(random() * ( (SELECT CURRVAL('Doctor_doctor_id_seq')) ) + 1 )) , (SELECT CURRVAL('Patient_patient_id_seq') ), 76 , '2011-05-19 15:00:10' , 834 );
INSERT INTO Medical_record(Patient_id, Creation_date, Diagnosis, Prescription) VALUES ((SELECT CURRVAL('Patient_patient_id_seq') ), '2016-04-27 22:26:27' , 'Hypothyroidism' , 'Aplicare Povidone-iodine Triples' );
INSERT INTO Notification(Patient_id, Date, Event, Sound) VALUES ((SELECT CURRVAL('Patient_patient_id_seq') ), '2010-03-14 18:44:28' , 'Others various control.' , 0 );
INSERT INTO Notification(Patient_id, Date, Event, Sound) VALUES ((SELECT CURRVAL('Patient_patient_id_seq') ), '2012-08-21 07:42:04' , 'Kitchen just role wear.' , 10 );
INSERT INTO Payment(Patient_id, Date, Description, Amount) VALUES ((SELECT CURRVAL('Patient_patient_id_seq') ), '2017-09-07 11:52:24' , 'Resource shoulder assume continue develop partner Congress fill.' , 6798103 );
INSERT INTO Payment(Patient_id, Date, Description, Amount) VALUES ((SELECT CURRVAL('Patient_patient_id_seq') ), '2011-05-03 20:09:41' , 'Even improve fly final sit even.' , 4187540 );
INSERT INTO Account(Login, Password, Permission_level, Date_of_creation, Last_time_online) VALUES ('erikross','08TDod#x!#' , 5 , '2010-06-25 20:51:21' , '2019-11-18 02:10:36');
INSERT INTO Patient(Account_id, Full_name, Address, Date_of_birth, Passport_number, Insurance_policy_number, Credit_card_number, Age) VALUES ((SELECT CURRVAL('account_account_id_seq') ),'Gregory Gilbert' , '5118 Jonathan Glens Suite 606 , Rodneytown, MT 09977' , '1970-01-29' , 14173868 , '02-1111195' , '2222785201989724' , '49' );
INSERT INTO Appointment(Doctor_id, Patient_id, Room, Date, Price) VALUES ( (SELECT floor(random() * ( (SELECT CURRVAL('Doctor_doctor_id_seq')) ) + 1 )) , (SELECT CURRVAL('Patient_patient_id_seq') ), 802 , '2019-03-13 22:19:43' , 120 );
INSERT INTO Appointment(Doctor_id, Patient_id, Room, Date, Price) VALUES ( (SELECT floor(random() * ( (SELECT CURRVAL('Doctor_doctor_id_seq')) ) + 1 )) , (SELECT CURRVAL('Patient_patient_id_seq') ), 738 , '2016-02-09 10:37:24' , 656 );
INSERT INTO Appointment(Doctor_id, Patient_id, Room, Date, Price) VALUES ( (SELECT floor(random() * ( (SELECT CURRVAL('Doctor_doctor_id_seq')) ) + 1 )) , (SELECT CURRVAL('Patient_patient_id_seq') ), 710 , '2018-02-05 16:53:36' , 531 );
INSERT INTO Appointment(Doctor_id, Patient_id, Room, Date, Price) VALUES ( (SELECT floor(random() * ( (SELECT CURRVAL('Doctor_doctor_id_seq')) ) + 1 )) , (SELECT CURRVAL('Patient_patient_id_seq') ), 229 , '2012-05-28 13:40:33' , 101 );
INSERT INTO Appointment(Doctor_id, Patient_id, Room, Date, Price) VALUES ( (SELECT floor(random() * ( (SELECT CURRVAL('Doctor_doctor_id_seq')) ) + 1 )) , (SELECT CURRVAL('Patient_patient_id_seq') ), 231 , '2015-06-10 13:27:24' , 747 );
INSERT INTO Medical_record(Patient_id, Creation_date, Diagnosis, Prescription) VALUES ((SELECT CURRVAL('Patient_patient_id_seq') ), '2017-07-13 21:29:01' , 'Nail fungus' , 'Quetiapine Fumarate' );
INSERT INTO Notification(Patient_id, Date, Event, Sound) VALUES ((SELECT CURRVAL('Patient_patient_id_seq') ), '2018-04-01 08:27:24' , 'Hot hold factor animal west.' , 5 );
INSERT INTO Notification(Patient_id, Date, Event, Sound) VALUES ((SELECT CURRVAL('Patient_patient_id_seq') ), '2011-10-23 15:14:39' , 'Treatment of a prepare center soldier case.' , 0 );
INSERT INTO Payment(Patient_id, Date, Description, Amount) VALUES ((SELECT CURRVAL('Patient_patient_id_seq') ), '2017-12-21 19:44:50' , 'Within fund partner item beat everything popular.' , 5936374 );
INSERT INTO Payment(Patient_id, Date, Description, Amount) VALUES ((SELECT CURRVAL('Patient_patient_id_seq') ), '2015-08-09 04:33:08' , 'Radio list family another away skin almost.' , 4701125 );
INSERT INTO Account(Login, Password, Permission_level, Date_of_creation, Last_time_online) VALUES ('sgordon','(yc9QvFB^2' , 5 , '2016-05-25 06:31:25' , '2019-11-22 18:40:22');
INSERT INTO Patient(Account_id, Full_name, Address, Date_of_birth, Passport_number, Insurance_policy_number, Credit_card_number, Age) VALUES ((SELECT CURRVAL('account_account_id_seq') ),'John Porter' , '773 Russo Lakes , Lisafurt, MT 70243' , '1977-06-18' , 18218459 , '65-6988795' , '2720424205373167' , '42' );
INSERT INTO Appointment(Doctor_id, Patient_id, Room, Date, Price) VALUES ( (SELECT floor(random() * ( (SELECT CURRVAL('Doctor_doctor_id_seq')) ) + 1 )) , (SELECT CURRVAL('Patient_patient_id_seq') ), 421 , '2013-10-17 12:32:27' , 144 );
INSERT INTO Appointment(Doctor_id, Patient_id, Room, Date, Price) VALUES ( (SELECT floor(random() * ( (SELECT CURRVAL('Doctor_doctor_id_seq')) ) + 1 )) , (SELECT CURRVAL('Patient_patient_id_seq') ), 505 , '2017-10-27 00:14:38' , 414 );
INSERT INTO Appointment(Doctor_id, Patient_id, Room, Date, Price) VALUES ( (SELECT floor(random() * ( (SELECT CURRVAL('Doctor_doctor_id_seq')) ) + 1 )) , (SELECT CURRVAL('Patient_patient_id_seq') ), 987 , '2015-01-14 15:49:07' , 120 );
INSERT INTO Appointment(Doctor_id, Patient_id, Room, Date, Price) VALUES ( (SELECT floor(random() * ( (SELECT CURRVAL('Doctor_doctor_id_seq')) ) + 1 )) , (SELECT CURRVAL('Patient_patient_id_seq') ), 649 , '2011-08-29 00:43:21' , 553 );
INSERT INTO Appointment(Doctor_id, Patient_id, Room, Date, Price) VALUES ( (SELECT floor(random() * ( (SELECT CURRVAL('Doctor_doctor_id_seq')) ) + 1 )) , (SELECT CURRVAL('Patient_patient_id_seq') ), 176 , '2019-10-25 19:21:32' , 594 );
INSERT INTO Medical_record(Patient_id, Creation_date, Diagnosis, Prescription) VALUES ((SELECT CURRVAL('Patient_patient_id_seq') ), '2019-08-03 06:55:45' , 'Acute laryngopharyngitis' , 'Multi Sympton Cold Day Night' );
INSERT INTO Notification(Patient_id, Date, Event, Sound) VALUES ((SELECT CURRVAL('Patient_patient_id_seq') ), '2014-07-05 04:08:47' , 'Task face PM debate run.' , 7 );
INSERT INTO Notification(Patient_id, Date, Event, Sound) VALUES ((SELECT CURRVAL('Patient_patient_id_seq') ), '2013-07-16 18:21:44' , 'Play chance start material.' , 4 );
INSERT INTO Payment(Patient_id, Date, Description, Amount) VALUES ((SELECT CURRVAL('Patient_patient_id_seq') ), '2010-01-28 03:06:29' , 'State American trade Democrat talk nothing personal.' , 867164 );
INSERT INTO Payment(Patient_id, Date, Description, Amount) VALUES ((SELECT CURRVAL('Patient_patient_id_seq') ), '2013-07-21 09:09:45' , 'Wonder sell oil.' , 758236 );
INSERT INTO Account(Login, Password, Permission_level, Date_of_creation, Last_time_online) VALUES ('thompsonlisa','@JUuAOpp5$' , 5 , '2014-02-05 10:48:19' , '2019-11-20 14:42:25');
INSERT INTO Patient(Account_id, Full_name, Address, Date_of_birth, Passport_number, Insurance_policy_number, Credit_card_number, Age) VALUES ((SELECT CURRVAL('account_account_id_seq') ),'Judith Mitchell' , '713 Rebecca Heights Apt. 130 , Longfort, KY 76607' , '1989-08-25' , 57009223 , '93-4685965' , '5562247610658367' , '30' );
INSERT INTO Appointment(Doctor_id, Patient_id, Room, Date, Price) VALUES ( (SELECT floor(random() * ( (SELECT CURRVAL('Doctor_doctor_id_seq')) ) + 1 )) , (SELECT CURRVAL('Patient_patient_id_seq') ), 756 , '2016-08-08 18:00:35' , 464 );
INSERT INTO Appointment(Doctor_id, Patient_id, Room, Date, Price) VALUES ( (SELECT floor(random() * ( (SELECT CURRVAL('Doctor_doctor_id_seq')) ) + 1 )) , (SELECT CURRVAL('Patient_patient_id_seq') ), 453 , '2017-12-12 11:17:10' , 444 );
INSERT INTO Appointment(Doctor_id, Patient_id, Room, Date, Price) VALUES ( (SELECT floor(random() * ( (SELECT CURRVAL('Doctor_doctor_id_seq')) ) + 1 )) , (SELECT CURRVAL('Patient_patient_id_seq') ), 188 , '2010-05-23 14:00:40' , 183 );
INSERT INTO Appointment(Doctor_id, Patient_id, Room, Date, Price) VALUES ( (SELECT floor(random() * ( (SELECT CURRVAL('Doctor_doctor_id_seq')) ) + 1 )) , (SELECT CURRVAL('Patient_patient_id_seq') ), 131 , '2011-07-14 17:46:06' , 396 );
INSERT INTO Appointment(Doctor_id, Patient_id, Room, Date, Price) VALUES ( (SELECT floor(random() * ( (SELECT CURRVAL('Doctor_doctor_id_seq')) ) + 1 )) , (SELECT CURRVAL('Patient_patient_id_seq') ), 621 , '2017-08-30 10:41:15' , 802 );
INSERT INTO Medical_record(Patient_id, Creation_date, Diagnosis, Prescription) VALUES ((SELECT CURRVAL('Patient_patient_id_seq') ), '2014-09-15 11:03:34' , 'Visual refractive errors' , 'Doxycycline Monohydrate' );
INSERT INTO Notification(Patient_id, Date, Event, Sound) VALUES ((SELECT CURRVAL('Patient_patient_id_seq') ), '2019-01-09 07:37:50' , 'The better up factor seven low grow.' , 3 );
INSERT INTO Notification(Patient_id, Date, Event, Sound) VALUES ((SELECT CURRVAL('Patient_patient_id_seq') ), '2016-06-05 18:53:12' , 'Material pretty argue across five computer anything finally.' , 6 );
INSERT INTO Payment(Patient_id, Date, Description, Amount) VALUES ((SELECT CURRVAL('Patient_patient_id_seq') ), '2011-03-08 03:10:19' , 'Inside read pass American seem doctor affect.' , 4491401 );
INSERT INTO Payment(Patient_id, Date, Description, Amount) VALUES ((SELECT CURRVAL('Patient_patient_id_seq') ), '2013-05-08 18:25:58' , 'Believe behind very become mention.' , 9133462 );
INSERT INTO Account(Login, Password, Permission_level, Date_of_creation, Last_time_online) VALUES ('julie29','(7K3WHip5H' , 5 , '2019-06-01 07:17:15' , '2019-11-23 19:33:25');
INSERT INTO Patient(Account_id, Full_name, Address, Date_of_birth, Passport_number, Insurance_policy_number, Credit_card_number, Age) VALUES ((SELECT CURRVAL('account_account_id_seq') ),'Allison Ponce' , 'Unit 4292 Box 4460 , DPO AP 97284' , '1998-09-21' , 29857074 , '57-6210056' , '2431653612681107' , '21' );
INSERT INTO Appointment(Doctor_id, Patient_id, Room, Date, Price) VALUES ( (SELECT floor(random() * ( (SELECT CURRVAL('Doctor_doctor_id_seq')) ) + 1 )) , (SELECT CURRVAL('Patient_patient_id_seq') ), 599 , '2014-04-17 06:50:39' , 361 );
INSERT INTO Appointment(Doctor_id, Patient_id, Room, Date, Price) VALUES ( (SELECT floor(random() * ( (SELECT CURRVAL('Doctor_doctor_id_seq')) ) + 1 )) , (SELECT CURRVAL('Patient_patient_id_seq') ), 572 , '2014-05-10 03:28:30' , 163 );
INSERT INTO Appointment(Doctor_id, Patient_id, Room, Date, Price) VALUES ( (SELECT floor(random() * ( (SELECT CURRVAL('Doctor_doctor_id_seq')) ) + 1 )) , (SELECT CURRVAL('Patient_patient_id_seq') ), 836 , '2016-07-01 18:13:01' , 272 );
INSERT INTO Appointment(Doctor_id, Patient_id, Room, Date, Price) VALUES ( (SELECT floor(random() * ( (SELECT CURRVAL('Doctor_doctor_id_seq')) ) + 1 )) , (SELECT CURRVAL('Patient_patient_id_seq') ), 830 , '2017-08-29 18:45:30' , 99 );
INSERT INTO Appointment(Doctor_id, Patient_id, Room, Date, Price) VALUES ( (SELECT floor(random() * ( (SELECT CURRVAL('Doctor_doctor_id_seq')) ) + 1 )) , (SELECT CURRVAL('Patient_patient_id_seq') ), 748 , '2015-04-28 01:19:25' , 827 );
INSERT INTO Medical_record(Patient_id, Creation_date, Diagnosis, Prescription) VALUES ((SELECT CURRVAL('Patient_patient_id_seq') ), '2019-07-17 21:50:59' , 'Coronary atherosclerosis' , 'Lithium Carbonate' );
INSERT INTO Notification(Patient_id, Date, Event, Sound) VALUES ((SELECT CURRVAL('Patient_patient_id_seq') ), '2013-01-12 18:00:18' , 'Management woman no foreign image buy.' , 8 );
INSERT INTO Notification(Patient_id, Date, Event, Sound) VALUES ((SELECT CURRVAL('Patient_patient_id_seq') ), '2012-11-11 02:08:37' , 'Form Republican focus.' , 6 );
INSERT INTO Payment(Patient_id, Date, Description, Amount) VALUES ((SELECT CURRVAL('Patient_patient_id_seq') ), '2013-01-03 15:31:06' , 'Gas particular no television.' , 9744371 );
INSERT INTO Payment(Patient_id, Date, Description, Amount) VALUES ((SELECT CURRVAL('Patient_patient_id_seq') ), '2014-05-22 00:52:50' , 'Race plan wind theory question kid strong structure.' , 9596654 );
INSERT INTO Account(Login, Password, Permission_level, Date_of_creation, Last_time_online) VALUES ('virginiawillis','!Q6BnrrMVA' , 5 , '2012-07-20 16:56:45' , '2019-11-22 03:13:04');
INSERT INTO Patient(Account_id, Full_name, Address, Date_of_birth, Passport_number, Insurance_policy_number, Credit_card_number, Age) VALUES ((SELECT CURRVAL('account_account_id_seq') ),'David Gray' , '1297 Dana Drives , South Josephmouth, FL 26022' , '1976-09-20' , 87330366 , '58-2994207' , '2230067749124456' , '43' );
INSERT INTO Appointment(Doctor_id, Patient_id, Room, Date, Price) VALUES ( (SELECT floor(random() * ( (SELECT CURRVAL('Doctor_doctor_id_seq')) ) + 1 )) , (SELECT CURRVAL('Patient_patient_id_seq') ), 426 , '2016-05-17 04:08:51' , 392 );
INSERT INTO Appointment(Doctor_id, Patient_id, Room, Date, Price) VALUES ( (SELECT floor(random() * ( (SELECT CURRVAL('Doctor_doctor_id_seq')) ) + 1 )) , (SELECT CURRVAL('Patient_patient_id_seq') ), 618 , '2016-10-06 04:34:04' , 387 );
INSERT INTO Appointment(Doctor_id, Patient_id, Room, Date, Price) VALUES ( (SELECT floor(random() * ( (SELECT CURRVAL('Doctor_doctor_id_seq')) ) + 1 )) , (SELECT CURRVAL('Patient_patient_id_seq') ), 751 , '2010-06-10 02:00:07' , 542 );
INSERT INTO Appointment(Doctor_id, Patient_id, Room, Date, Price) VALUES ( (SELECT floor(random() * ( (SELECT CURRVAL('Doctor_doctor_id_seq')) ) + 1 )) , (SELECT CURRVAL('Patient_patient_id_seq') ), 223 , '2017-08-26 14:58:06' , 939 );
INSERT INTO Appointment(Doctor_id, Patient_id, Room, Date, Price) VALUES ( (SELECT floor(random() * ( (SELECT CURRVAL('Doctor_doctor_id_seq')) ) + 1 )) , (SELECT CURRVAL('Patient_patient_id_seq') ), 979 , '2010-01-10 13:49:34' , 265 );
INSERT INTO Medical_record(Patient_id, Creation_date, Diagnosis, Prescription) VALUES ((SELECT CURRVAL('Patient_patient_id_seq') ), '2016-01-30 07:28:18' , 'Osteoarthritis' , 'Gambil Oak' );
INSERT INTO Notification(Patient_id, Date, Event, Sound) VALUES ((SELECT CURRVAL('Patient_patient_id_seq') ), '2011-01-22 10:22:29' , 'Might early water affect reach type.' , 6 );
INSERT INTO Notification(Patient_id, Date, Event, Sound) VALUES ((SELECT CURRVAL('Patient_patient_id_seq') ), '2011-04-18 06:49:20' , 'Usually she every treat game.' , 2 );
INSERT INTO Payment(Patient_id, Date, Description, Amount) VALUES ((SELECT CURRVAL('Patient_patient_id_seq') ), '2015-09-15 22:52:23' , 'Character throw end.' , 6860420 );
INSERT INTO Payment(Patient_id, Date, Description, Amount) VALUES ((SELECT CURRVAL('Patient_patient_id_seq') ), '2016-12-24 21:04:00' , 'Which short leg resource.' , 8049710 );
INSERT INTO Account(Login, Password, Permission_level, Date_of_creation, Last_time_online) VALUES ('hernandezrobin','+)h5aOuwkN' , 5 , '2013-08-06 21:05:34' , '2019-11-24 12:12:19');
INSERT INTO Patient(Account_id, Full_name, Address, Date_of_birth, Passport_number, Insurance_policy_number, Credit_card_number, Age) VALUES ((SELECT CURRVAL('account_account_id_seq') ),'Jessica Williams' , '391 Jerome Inlet Apt. 986 , Torresmouth, IL 98345' , '1942-11-23' , 44386559 , '95-3047447' , '2275192394255482' , '77' );
INSERT INTO Appointment(Doctor_id, Patient_id, Room, Date, Price) VALUES ( (SELECT floor(random() * ( (SELECT CURRVAL('Doctor_doctor_id_seq')) ) + 1 )) , (SELECT CURRVAL('Patient_patient_id_seq') ), 958 , '2017-04-28 16:25:58' , 670 );
INSERT INTO Appointment(Doctor_id, Patient_id, Room, Date, Price) VALUES ( (SELECT floor(random() * ( (SELECT CURRVAL('Doctor_doctor_id_seq')) ) + 1 )) , (SELECT CURRVAL('Patient_patient_id_seq') ), 921 , '2012-10-31 05:21:16' , 970 );
INSERT INTO Appointment(Doctor_id, Patient_id, Room, Date, Price) VALUES ( (SELECT floor(random() * ( (SELECT CURRVAL('Doctor_doctor_id_seq')) ) + 1 )) , (SELECT CURRVAL('Patient_patient_id_seq') ), 79 , '2018-02-27 21:08:57' , 663 );
INSERT INTO Appointment(Doctor_id, Patient_id, Room, Date, Price) VALUES ( (SELECT floor(random() * ( (SELECT CURRVAL('Doctor_doctor_id_seq')) ) + 1 )) , (SELECT CURRVAL('Patient_patient_id_seq') ), 514 , '2016-03-03 04:58:29' , 831 );
INSERT INTO Appointment(Doctor_id, Patient_id, Room, Date, Price) VALUES ( (SELECT floor(random() * ( (SELECT CURRVAL('Doctor_doctor_id_seq')) ) + 1 )) , (SELECT CURRVAL('Patient_patient_id_seq') ), 485 , '2012-10-26 04:58:04' , 738 );
INSERT INTO Medical_record(Patient_id, Creation_date, Diagnosis, Prescription) VALUES ((SELECT CURRVAL('Patient_patient_id_seq') ), '2011-07-23 04:00:05' , 'Coronary atherosclerosis' , 'Clonidine Hydrochloride' );
INSERT INTO Notification(Patient_id, Date, Event, Sound) VALUES ((SELECT CURRVAL('Patient_patient_id_seq') ), '2010-02-04 20:13:14' , 'Happen police believe have range attention yourself.' , 8 );
INSERT INTO Notification(Patient_id, Date, Event, Sound) VALUES ((SELECT CURRVAL('Patient_patient_id_seq') ), '2012-04-02 17:43:43' , 'Rise so thought.' , 1 );
INSERT INTO Payment(Patient_id, Date, Description, Amount) VALUES ((SELECT CURRVAL('Patient_patient_id_seq') ), '2013-08-01 20:03:50' , 'Street specific their most southern customer.' , 5355209 );
INSERT INTO Payment(Patient_id, Date, Description, Amount) VALUES ((SELECT CURRVAL('Patient_patient_id_seq') ), '2011-07-18 12:14:06' , 'Draw challenge rise concern boy difference blue.' , 1291239 );
INSERT INTO Account(Login, Password, Permission_level, Date_of_creation, Last_time_online) VALUES ('ayersthomas','4zzRDify#*' , 5 , '2010-02-03 05:04:03' , '2019-11-24 14:31:06');
INSERT INTO Patient(Account_id, Full_name, Address, Date_of_birth, Passport_number, Insurance_policy_number, Credit_card_number, Age) VALUES ((SELECT CURRVAL('account_account_id_seq') ),'Heidi Campbell' , '504 Karen Views Apt. 677 , Jamesstad, NM 43479' , '1928-05-06' , 99085636 , '37-8396397' , '5152942196979031' , '91' );
INSERT INTO Appointment(Doctor_id, Patient_id, Room, Date, Price) VALUES ( (SELECT floor(random() * ( (SELECT CURRVAL('Doctor_doctor_id_seq')) ) + 1 )) , (SELECT CURRVAL('Patient_patient_id_seq') ), 439 , '2015-06-03 19:22:48' , 625 );
INSERT INTO Appointment(Doctor_id, Patient_id, Room, Date, Price) VALUES ( (SELECT floor(random() * ( (SELECT CURRVAL('Doctor_doctor_id_seq')) ) + 1 )) , (SELECT CURRVAL('Patient_patient_id_seq') ), 183 , '2011-06-10 16:47:41' , 118 );
INSERT INTO Appointment(Doctor_id, Patient_id, Room, Date, Price) VALUES ( (SELECT floor(random() * ( (SELECT CURRVAL('Doctor_doctor_id_seq')) ) + 1 )) , (SELECT CURRVAL('Patient_patient_id_seq') ), 633 , '2010-07-07 05:17:40' , 756 );
INSERT INTO Appointment(Doctor_id, Patient_id, Room, Date, Price) VALUES ( (SELECT floor(random() * ( (SELECT CURRVAL('Doctor_doctor_id_seq')) ) + 1 )) , (SELECT CURRVAL('Patient_patient_id_seq') ), 42 , '2012-07-16 13:23:57' , 141 );
INSERT INTO Appointment(Doctor_id, Patient_id, Room, Date, Price) VALUES ( (SELECT floor(random() * ( (SELECT CURRVAL('Doctor_doctor_id_seq')) ) + 1 )) , (SELECT CURRVAL('Patient_patient_id_seq') ), 877 , '2018-09-04 04:25:44' , 272 );
INSERT INTO Medical_record(Patient_id, Creation_date, Diagnosis, Prescription) VALUES ((SELECT CURRVAL('Patient_patient_id_seq') ), '2016-02-11 11:25:46' , 'Acute laryngopharyngitis' , 'Multi Sympton Cold Day Night' );
INSERT INTO Notification(Patient_id, Date, Event, Sound) VALUES ((SELECT CURRVAL('Patient_patient_id_seq') ), '2015-10-14 06:12:16' , 'Wait consider positive technology model deal kind.' , 3 );
INSERT INTO Notification(Patient_id, Date, Event, Sound) VALUES ((SELECT CURRVAL('Patient_patient_id_seq') ), '2018-09-14 03:13:40' , 'System ever commercial human.' , 4 );
INSERT INTO Payment(Patient_id, Date, Description, Amount) VALUES ((SELECT CURRVAL('Patient_patient_id_seq') ), '2019-04-22 22:38:48' , 'Consider born from final win law dark.' , 8363892 );
INSERT INTO Payment(Patient_id, Date, Description, Amount) VALUES ((SELECT CURRVAL('Patient_patient_id_seq') ), '2013-06-08 20:37:11' , 'Natural detail box.' , 4013096 );
INSERT INTO Account(Login, Password, Permission_level, Date_of_creation, Last_time_online) VALUES ('psmith','#1ZTZ!t)OV' , 5 , '2012-07-27 03:58:40' , '2019-11-23 02:41:56');
INSERT INTO Patient(Account_id, Full_name, Address, Date_of_birth, Passport_number, Insurance_policy_number, Credit_card_number, Age) VALUES ((SELECT CURRVAL('account_account_id_seq') ),'Jennifer Larson' , '5979 Samantha Locks , New Amandaville, AL 02514' , '1973-09-05' , 80297215 , '76-1971409' , '2275317846811885' , '46' );
INSERT INTO Appointment(Doctor_id, Patient_id, Room, Date, Price) VALUES ( (SELECT floor(random() * ( (SELECT CURRVAL('Doctor_doctor_id_seq')) ) + 1 )) , (SELECT CURRVAL('Patient_patient_id_seq') ), 803 , '2019-11-12 08:29:50' , 695 );
INSERT INTO Appointment(Doctor_id, Patient_id, Room, Date, Price) VALUES ( (SELECT floor(random() * ( (SELECT CURRVAL('Doctor_doctor_id_seq')) ) + 1 )) , (SELECT CURRVAL('Patient_patient_id_seq') ), 497 , '2017-02-19 23:42:29' , 724 );
INSERT INTO Appointment(Doctor_id, Patient_id, Room, Date, Price) VALUES ( (SELECT floor(random() * ( (SELECT CURRVAL('Doctor_doctor_id_seq')) ) + 1 )) , (SELECT CURRVAL('Patient_patient_id_seq') ), 48 , '2016-07-22 16:43:27' , 210 );
INSERT INTO Appointment(Doctor_id, Patient_id, Room, Date, Price) VALUES ( (SELECT floor(random() * ( (SELECT CURRVAL('Doctor_doctor_id_seq')) ) + 1 )) , (SELECT CURRVAL('Patient_patient_id_seq') ), 445 , '2013-12-22 19:42:42' , 228 );
INSERT INTO Appointment(Doctor_id, Patient_id, Room, Date, Price) VALUES ( (SELECT floor(random() * ( (SELECT CURRVAL('Doctor_doctor_id_seq')) ) + 1 )) , (SELECT CURRVAL('Patient_patient_id_seq') ), 653 , '2011-08-11 21:59:47' , 813 );
INSERT INTO Medical_record(Patient_id, Creation_date, Diagnosis, Prescription) VALUES ((SELECT CURRVAL('Patient_patient_id_seq') ), '2018-01-13 20:07:42' , 'Obesity' , 'Antibacterial Foam' );
INSERT INTO Notification(Patient_id, Date, Event, Sound) VALUES ((SELECT CURRVAL('Patient_patient_id_seq') ), '2017-06-14 13:09:53' , 'Claim toward pressure case.' , 10 );
INSERT INTO Notification(Patient_id, Date, Event, Sound) VALUES ((SELECT CURRVAL('Patient_patient_id_seq') ), '2019-06-30 20:18:55' , 'Movement drive process response.' , 9 );
INSERT INTO Payment(Patient_id, Date, Description, Amount) VALUES ((SELECT CURRVAL('Patient_patient_id_seq') ), '2015-09-11 14:35:58' , 'News special black kind.' , 6872582 );
INSERT INTO Payment(Patient_id, Date, Description, Amount) VALUES ((SELECT CURRVAL('Patient_patient_id_seq') ), '2012-03-20 17:32:01' , 'Budget performance especially teach change.' , 2837082 );
INSERT INTO Account(Login, Password, Permission_level, Date_of_creation, Last_time_online) VALUES ('rachel98','ie@%0Cg2&I' , 5 , '2017-06-01 16:02:35' , '2019-11-24 22:32:08');
INSERT INTO Patient(Account_id, Full_name, Address, Date_of_birth, Passport_number, Insurance_policy_number, Credit_card_number, Age) VALUES ((SELECT CURRVAL('account_account_id_seq') ),'Taylor Griffin' , '089 Corey Rapid , Murrayberg, AR 07662' , '1994-11-07' , 17749695 , '80-5289904' , '2297836336231951' , '25' );
INSERT INTO Appointment(Doctor_id, Patient_id, Room, Date, Price) VALUES ( (SELECT floor(random() * ( (SELECT CURRVAL('Doctor_doctor_id_seq')) ) + 1 )) , (SELECT CURRVAL('Patient_patient_id_seq') ), 943 , '2014-05-25 17:35:24' , 145 );
INSERT INTO Appointment(Doctor_id, Patient_id, Room, Date, Price) VALUES ( (SELECT floor(random() * ( (SELECT CURRVAL('Doctor_doctor_id_seq')) ) + 1 )) , (SELECT CURRVAL('Patient_patient_id_seq') ), 221 , '2019-04-25 18:19:02' , 774 );
INSERT INTO Appointment(Doctor_id, Patient_id, Room, Date, Price) VALUES ( (SELECT floor(random() * ( (SELECT CURRVAL('Doctor_doctor_id_seq')) ) + 1 )) , (SELECT CURRVAL('Patient_patient_id_seq') ), 535 , '2009-12-19 00:29:47' , 911 );
INSERT INTO Appointment(Doctor_id, Patient_id, Room, Date, Price) VALUES ( (SELECT floor(random() * ( (SELECT CURRVAL('Doctor_doctor_id_seq')) ) + 1 )) , (SELECT CURRVAL('Patient_patient_id_seq') ), 192 , '2015-05-02 13:13:00' , 664 );
INSERT INTO Appointment(Doctor_id, Patient_id, Room, Date, Price) VALUES ( (SELECT floor(random() * ( (SELECT CURRVAL('Doctor_doctor_id_seq')) ) + 1 )) , (SELECT CURRVAL('Patient_patient_id_seq') ), 812 , '2014-08-20 01:43:09' , 84 );
INSERT INTO Medical_record(Patient_id, Creation_date, Diagnosis, Prescription) VALUES ((SELECT CURRVAL('Patient_patient_id_seq') ), '2013-12-28 18:22:20' , 'Respiratory problems' , 'CALCAREA FLUORICA' );
INSERT INTO Notification(Patient_id, Date, Event, Sound) VALUES ((SELECT CURRVAL('Patient_patient_id_seq') ), '2019-03-15 19:00:00' , 'Teacher city school brother throw star available street.' , 10 );
INSERT INTO Notification(Patient_id, Date, Event, Sound) VALUES ((SELECT CURRVAL('Patient_patient_id_seq') ), '2010-04-06 22:26:32' , 'Other its economy own.' , 2 );
INSERT INTO Payment(Patient_id, Date, Description, Amount) VALUES ((SELECT CURRVAL('Patient_patient_id_seq') ), '2018-01-22 12:17:01' , 'Among than world serve young state system.' , 5300998 );
INSERT INTO Payment(Patient_id, Date, Description, Amount) VALUES ((SELECT CURRVAL('Patient_patient_id_seq') ), '2019-02-01 10:54:12' , 'Opportunity simple whole report candidate entire.' , 452489 );
INSERT INTO Account(Login, Password, Permission_level, Date_of_creation, Last_time_online) VALUES ('johnsonmelanie','+*2FPwXRi(' , 5 , '2016-08-22 14:25:27' , '2019-11-24 08:29:50');
INSERT INTO Patient(Account_id, Full_name, Address, Date_of_birth, Passport_number, Insurance_policy_number, Credit_card_number, Age) VALUES ((SELECT CURRVAL('account_account_id_seq') ),'Ashley Mack' , '10081 Kimberly Dam , Michaelchester, MI 57422' , '1976-10-02' , 68221126 , '24-4803668' , '2234412440293430' , '43' );
INSERT INTO Appointment(Doctor_id, Patient_id, Room, Date, Price) VALUES ( (SELECT floor(random() * ( (SELECT CURRVAL('Doctor_doctor_id_seq')) ) + 1 )) , (SELECT CURRVAL('Patient_patient_id_seq') ), 601 , '2017-10-31 15:28:59' , 669 );
INSERT INTO Appointment(Doctor_id, Patient_id, Room, Date, Price) VALUES ( (SELECT floor(random() * ( (SELECT CURRVAL('Doctor_doctor_id_seq')) ) + 1 )) , (SELECT CURRVAL('Patient_patient_id_seq') ), 358 , '2018-10-22 12:30:07' , 575 );
INSERT INTO Appointment(Doctor_id, Patient_id, Room, Date, Price) VALUES ( (SELECT floor(random() * ( (SELECT CURRVAL('Doctor_doctor_id_seq')) ) + 1 )) , (SELECT CURRVAL('Patient_patient_id_seq') ), 798 , '2014-11-02 12:45:36' , 219 );
INSERT INTO Appointment(Doctor_id, Patient_id, Room, Date, Price) VALUES ( (SELECT floor(random() * ( (SELECT CURRVAL('Doctor_doctor_id_seq')) ) + 1 )) , (SELECT CURRVAL('Patient_patient_id_seq') ), 456 , '2013-05-25 14:10:12' , 469 );
INSERT INTO Appointment(Doctor_id, Patient_id, Room, Date, Price) VALUES ( (SELECT floor(random() * ( (SELECT CURRVAL('Doctor_doctor_id_seq')) ) + 1 )) , (SELECT CURRVAL('Patient_patient_id_seq') ), 12 , '2019-06-11 10:51:31' , 160 );
INSERT INTO Medical_record(Patient_id, Creation_date, Diagnosis, Prescription) VALUES ((SELECT CURRVAL('Patient_patient_id_seq') ), '2013-03-15 12:57:00' , 'Depressive disorder' , 'Cotton Seed' );
INSERT INTO Notification(Patient_id, Date, Event, Sound) VALUES ((SELECT CURRVAL('Patient_patient_id_seq') ), '2010-04-29 05:45:43' , 'Knowledge seek treatment buy mean thing.' , 5 );
INSERT INTO Notification(Patient_id, Date, Event, Sound) VALUES ((SELECT CURRVAL('Patient_patient_id_seq') ), '2019-09-27 22:02:54' , 'Article project pattern still grow language cup.' , 2 );
INSERT INTO Payment(Patient_id, Date, Description, Amount) VALUES ((SELECT CURRVAL('Patient_patient_id_seq') ), '2019-07-22 07:08:46' , 'Explain concern enjoy admit.' , 1425767 );
INSERT INTO Payment(Patient_id, Date, Description, Amount) VALUES ((SELECT CURRVAL('Patient_patient_id_seq') ), '2016-03-27 17:13:17' , 'Production good you thought.' , 8554476 );
INSERT INTO Account(Login, Password, Permission_level, Date_of_creation, Last_time_online) VALUES ('delgadojohn',')lCXx3o7#3' , 5 , '2014-02-12 14:53:58' , '2019-11-22 02:24:19');
INSERT INTO Patient(Account_id, Full_name, Address, Date_of_birth, Passport_number, Insurance_policy_number, Credit_card_number, Age) VALUES ((SELECT CURRVAL('account_account_id_seq') ),'Stephanie Rice' , 'PSC 1905, Box 2045 , APO AA 49129' , '1933-06-15' , 74619542 , '46-6431459' , '2715279591311420' , '86' );
INSERT INTO Appointment(Doctor_id, Patient_id, Room, Date, Price) VALUES ( (SELECT floor(random() * ( (SELECT CURRVAL('Doctor_doctor_id_seq')) ) + 1 )) , (SELECT CURRVAL('Patient_patient_id_seq') ), 667 , '2013-04-22 18:22:17' , 845 );
INSERT INTO Appointment(Doctor_id, Patient_id, Room, Date, Price) VALUES ( (SELECT floor(random() * ( (SELECT CURRVAL('Doctor_doctor_id_seq')) ) + 1 )) , (SELECT CURRVAL('Patient_patient_id_seq') ), 585 , '2013-09-12 22:35:41' , 353 );
INSERT INTO Appointment(Doctor_id, Patient_id, Room, Date, Price) VALUES ( (SELECT floor(random() * ( (SELECT CURRVAL('Doctor_doctor_id_seq')) ) + 1 )) , (SELECT CURRVAL('Patient_patient_id_seq') ), 963 , '2019-03-23 00:20:52' , 657 );
INSERT INTO Appointment(Doctor_id, Patient_id, Room, Date, Price) VALUES ( (SELECT floor(random() * ( (SELECT CURRVAL('Doctor_doctor_id_seq')) ) + 1 )) , (SELECT CURRVAL('Patient_patient_id_seq') ), 689 , '2012-03-07 12:05:38' , 513 );
INSERT INTO Appointment(Doctor_id, Patient_id, Room, Date, Price) VALUES ( (SELECT floor(random() * ( (SELECT CURRVAL('Doctor_doctor_id_seq')) ) + 1 )) , (SELECT CURRVAL('Patient_patient_id_seq') ), 714 , '2010-12-10 11:48:08' , 392 );
INSERT INTO Medical_record(Patient_id, Creation_date, Diagnosis, Prescription) VALUES ((SELECT CURRVAL('Patient_patient_id_seq') ), '2012-12-14 12:18:44' , 'Acute bronchitis' , 'Cold Sore Complex' );
INSERT INTO Notification(Patient_id, Date, Event, Sound) VALUES ((SELECT CURRVAL('Patient_patient_id_seq') ), '2015-03-06 05:32:20' , 'Address key check any.' , 1 );
INSERT INTO Notification(Patient_id, Date, Event, Sound) VALUES ((SELECT CURRVAL('Patient_patient_id_seq') ), '2013-01-30 04:00:33' , 'Billion television stay she action.' , 1 );
INSERT INTO Payment(Patient_id, Date, Description, Amount) VALUES ((SELECT CURRVAL('Patient_patient_id_seq') ), '2018-02-14 08:54:28' , 'Decide poor Congress executive view three.' , 3322136 );
INSERT INTO Payment(Patient_id, Date, Description, Amount) VALUES ((SELECT CURRVAL('Patient_patient_id_seq') ), '2011-08-05 00:15:31' , 'First few perhaps others commercial start.' , 2519219 );
INSERT INTO Account(Login, Password, Permission_level, Date_of_creation, Last_time_online) VALUES ('ashleyfloyd','z0JoQvyn^C' , 5 , '2014-01-14 01:02:07' , '2019-11-19 23:34:18');
INSERT INTO Patient(Account_id, Full_name, Address, Date_of_birth, Passport_number, Insurance_policy_number, Credit_card_number, Age) VALUES ((SELECT CURRVAL('account_account_id_seq') ),'Natalie Mathis' , '844 Palmer Courts Suite 554 , Henryton, MN 26103' , '1986-06-05' , 71741215 , '34-6346646' , '2720416560102199' , '33' );
INSERT INTO Appointment(Doctor_id, Patient_id, Room, Date, Price) VALUES ( (SELECT floor(random() * ( (SELECT CURRVAL('Doctor_doctor_id_seq')) ) + 1 )) , (SELECT CURRVAL('Patient_patient_id_seq') ), 244 , '2011-09-15 09:56:29' , 64 );
INSERT INTO Appointment(Doctor_id, Patient_id, Room, Date, Price) VALUES ( (SELECT floor(random() * ( (SELECT CURRVAL('Doctor_doctor_id_seq')) ) + 1 )) , (SELECT CURRVAL('Patient_patient_id_seq') ), 118 , '2016-05-05 00:40:44' , 920 );
INSERT INTO Appointment(Doctor_id, Patient_id, Room, Date, Price) VALUES ( (SELECT floor(random() * ( (SELECT CURRVAL('Doctor_doctor_id_seq')) ) + 1 )) , (SELECT CURRVAL('Patient_patient_id_seq') ), 64 , '2017-10-11 11:41:27' , 32 );
INSERT INTO Appointment(Doctor_id, Patient_id, Room, Date, Price) VALUES ( (SELECT floor(random() * ( (SELECT CURRVAL('Doctor_doctor_id_seq')) ) + 1 )) , (SELECT CURRVAL('Patient_patient_id_seq') ), 640 , '2016-02-09 09:58:19' , 483 );
INSERT INTO Appointment(Doctor_id, Patient_id, Room, Date, Price) VALUES ( (SELECT floor(random() * ( (SELECT CURRVAL('Doctor_doctor_id_seq')) ) + 1 )) , (SELECT CURRVAL('Patient_patient_id_seq') ), 386 , '2018-08-20 15:18:15' , 185 );
INSERT INTO Medical_record(Patient_id, Creation_date, Diagnosis, Prescription) VALUES ((SELECT CURRVAL('Patient_patient_id_seq') ), '2016-12-01 12:07:11' , 'Malaise and fatigue' , 'home sense' );
INSERT INTO Notification(Patient_id, Date, Event, Sound) VALUES ((SELECT CURRVAL('Patient_patient_id_seq') ), '2012-04-06 02:19:27' , 'Argue western suggest.' , 0 );
INSERT INTO Notification(Patient_id, Date, Event, Sound) VALUES ((SELECT CURRVAL('Patient_patient_id_seq') ), '2019-11-21 00:33:58' , 'Green there Congress probably.' , 2 );
INSERT INTO Payment(Patient_id, Date, Description, Amount) VALUES ((SELECT CURRVAL('Patient_patient_id_seq') ), '2013-08-11 17:30:37' , 'Admit show thought commercial.' , 1724668 );
INSERT INTO Payment(Patient_id, Date, Description, Amount) VALUES ((SELECT CURRVAL('Patient_patient_id_seq') ), '2015-04-03 15:10:54' , 'Act effort modern ten purpose last certain.' , 5585157 );
INSERT INTO Account(Login, Password, Permission_level, Date_of_creation, Last_time_online) VALUES ('alexshannon','eyWNWsvS!2' , 5 , '2015-09-24 03:57:16' , '2019-11-23 22:43:12');
INSERT INTO Patient(Account_id, Full_name, Address, Date_of_birth, Passport_number, Insurance_policy_number, Credit_card_number, Age) VALUES ((SELECT CURRVAL('account_account_id_seq') ),'Christopher Mann' , '1836 Parrish Fields , Caitlinfort, DC 77358' , '1990-06-08' , 47915565 , '87-7743099' , '2278336087394192' , '29' );
INSERT INTO Appointment(Doctor_id, Patient_id, Room, Date, Price) VALUES ( (SELECT floor(random() * ( (SELECT CURRVAL('Doctor_doctor_id_seq')) ) + 1 )) , (SELECT CURRVAL('Patient_patient_id_seq') ), 884 , '2013-01-19 13:06:15' , 475 );
INSERT INTO Appointment(Doctor_id, Patient_id, Room, Date, Price) VALUES ( (SELECT floor(random() * ( (SELECT CURRVAL('Doctor_doctor_id_seq')) ) + 1 )) , (SELECT CURRVAL('Patient_patient_id_seq') ), 54 , '2015-12-25 02:56:07' , 765 );
INSERT INTO Appointment(Doctor_id, Patient_id, Room, Date, Price) VALUES ( (SELECT floor(random() * ( (SELECT CURRVAL('Doctor_doctor_id_seq')) ) + 1 )) , (SELECT CURRVAL('Patient_patient_id_seq') ), 530 , '2016-09-21 00:19:34' , 729 );
INSERT INTO Appointment(Doctor_id, Patient_id, Room, Date, Price) VALUES ( (SELECT floor(random() * ( (SELECT CURRVAL('Doctor_doctor_id_seq')) ) + 1 )) , (SELECT CURRVAL('Patient_patient_id_seq') ), 614 , '2014-10-26 06:02:28' , 983 );
INSERT INTO Appointment(Doctor_id, Patient_id, Room, Date, Price) VALUES ( (SELECT floor(random() * ( (SELECT CURRVAL('Doctor_doctor_id_seq')) ) + 1 )) , (SELECT CURRVAL('Patient_patient_id_seq') ), 674 , '2016-08-31 22:54:27' , 998 );
INSERT INTO Medical_record(Patient_id, Creation_date, Diagnosis, Prescription) VALUES ((SELECT CURRVAL('Patient_patient_id_seq') ), '2017-07-24 05:37:02' , 'Hypothyroidism' , 'Gambil Oak' );
INSERT INTO Notification(Patient_id, Date, Event, Sound) VALUES ((SELECT CURRVAL('Patient_patient_id_seq') ), '2010-06-22 11:06:04' , 'Kind alone follow face your commercial toward.' , 9 );
INSERT INTO Notification(Patient_id, Date, Event, Sound) VALUES ((SELECT CURRVAL('Patient_patient_id_seq') ), '2019-05-02 10:15:12' , 'Laugh all recent ready he theory.' , 0 );
INSERT INTO Payment(Patient_id, Date, Description, Amount) VALUES ((SELECT CURRVAL('Patient_patient_id_seq') ), '2017-12-11 15:59:56' , 'In issue eight evidence.' , 2210361 );
INSERT INTO Payment(Patient_id, Date, Description, Amount) VALUES ((SELECT CURRVAL('Patient_patient_id_seq') ), '2017-03-03 03:14:24' , 'Rate wait since method.' , 8059650 );
INSERT INTO Account(Login, Password, Permission_level, Date_of_creation, Last_time_online) VALUES ('jasonwood','^Ur_NPpcM1' , 5 , '2016-08-01 22:38:46' , '2019-11-22 22:39:40');
INSERT INTO Patient(Account_id, Full_name, Address, Date_of_birth, Passport_number, Insurance_policy_number, Credit_card_number, Age) VALUES ((SELECT CURRVAL('account_account_id_seq') ),'Charles Chambers' , '81760 Amy Prairie , Lake Thomasborough, FL 38943' , '1968-08-10' , 24978972 , '32-8738809' , '2393572280625624' , '51' );
INSERT INTO Appointment(Doctor_id, Patient_id, Room, Date, Price) VALUES ( (SELECT floor(random() * ( (SELECT CURRVAL('Doctor_doctor_id_seq')) ) + 1 )) , (SELECT CURRVAL('Patient_patient_id_seq') ), 780 , '2013-08-16 17:27:10' , 432 );
INSERT INTO Appointment(Doctor_id, Patient_id, Room, Date, Price) VALUES ( (SELECT floor(random() * ( (SELECT CURRVAL('Doctor_doctor_id_seq')) ) + 1 )) , (SELECT CURRVAL('Patient_patient_id_seq') ), 905 , '2014-04-29 08:36:58' , 243 );
INSERT INTO Appointment(Doctor_id, Patient_id, Room, Date, Price) VALUES ( (SELECT floor(random() * ( (SELECT CURRVAL('Doctor_doctor_id_seq')) ) + 1 )) , (SELECT CURRVAL('Patient_patient_id_seq') ), 403 , '2016-11-24 20:12:51' , 577 );
INSERT INTO Appointment(Doctor_id, Patient_id, Room, Date, Price) VALUES ( (SELECT floor(random() * ( (SELECT CURRVAL('Doctor_doctor_id_seq')) ) + 1 )) , (SELECT CURRVAL('Patient_patient_id_seq') ), 625 , '2018-05-13 22:05:07' , 384 );
INSERT INTO Appointment(Doctor_id, Patient_id, Room, Date, Price) VALUES ( (SELECT floor(random() * ( (SELECT CURRVAL('Doctor_doctor_id_seq')) ) + 1 )) , (SELECT CURRVAL('Patient_patient_id_seq') ), 257 , '2014-03-29 14:38:27' , 932 );
INSERT INTO Medical_record(Patient_id, Creation_date, Diagnosis, Prescription) VALUES ((SELECT CURRVAL('Patient_patient_id_seq') ), '2017-11-11 02:50:11' , 'Osteoarthritis' , 'Cotton Seed' );
INSERT INTO Notification(Patient_id, Date, Event, Sound) VALUES ((SELECT CURRVAL('Patient_patient_id_seq') ), '2010-11-02 04:58:28' , 'Detail southern others reduce strategy drive into even.' , 2 );
INSERT INTO Notification(Patient_id, Date, Event, Sound) VALUES ((SELECT CURRVAL('Patient_patient_id_seq') ), '2014-05-19 21:18:05' , 'Responsibility parent nice station cold generation activity.' , 1 );
INSERT INTO Payment(Patient_id, Date, Description, Amount) VALUES ((SELECT CURRVAL('Patient_patient_id_seq') ), '2019-04-14 19:37:56' , 'Result beyond evidence adult building ask factor.' , 7163814 );
INSERT INTO Payment(Patient_id, Date, Description, Amount) VALUES ((SELECT CURRVAL('Patient_patient_id_seq') ), '2015-06-12 03:39:21' , 'Financial writer she usually magazine plan same.' , 6296149 );
INSERT INTO Account(Login, Password, Permission_level, Date_of_creation, Last_time_online) VALUES ('megansanchez','QbEvWS0s%6' , 5 , '2016-12-13 12:50:54' , '2019-11-23 08:04:58');
INSERT INTO Patient(Account_id, Full_name, Address, Date_of_birth, Passport_number, Insurance_policy_number, Credit_card_number, Age) VALUES ((SELECT CURRVAL('account_account_id_seq') ),'Aaron Riley' , '4469 Tammy Street , Baileymouth, ID 77906' , '1918-08-21' , 28700531 , '05-7394441' , '5398126537835029' , '101' );
INSERT INTO Appointment(Doctor_id, Patient_id, Room, Date, Price) VALUES ( (SELECT floor(random() * ( (SELECT CURRVAL('Doctor_doctor_id_seq')) ) + 1 )) , (SELECT CURRVAL('Patient_patient_id_seq') ), 335 , '2017-10-27 05:42:28' , 793 );
INSERT INTO Appointment(Doctor_id, Patient_id, Room, Date, Price) VALUES ( (SELECT floor(random() * ( (SELECT CURRVAL('Doctor_doctor_id_seq')) ) + 1 )) , (SELECT CURRVAL('Patient_patient_id_seq') ), 855 , '2019-07-20 16:26:21' , 981 );
INSERT INTO Appointment(Doctor_id, Patient_id, Room, Date, Price) VALUES ( (SELECT floor(random() * ( (SELECT CURRVAL('Doctor_doctor_id_seq')) ) + 1 )) , (SELECT CURRVAL('Patient_patient_id_seq') ), 549 , '2016-02-16 04:31:00' , 957 );
INSERT INTO Appointment(Doctor_id, Patient_id, Room, Date, Price) VALUES ( (SELECT floor(random() * ( (SELECT CURRVAL('Doctor_doctor_id_seq')) ) + 1 )) , (SELECT CURRVAL('Patient_patient_id_seq') ), 13 , '2015-08-23 09:27:38' , 46 );
INSERT INTO Appointment(Doctor_id, Patient_id, Room, Date, Price) VALUES ( (SELECT floor(random() * ( (SELECT CURRVAL('Doctor_doctor_id_seq')) ) + 1 )) , (SELECT CURRVAL('Patient_patient_id_seq') ), 381 , '2016-02-23 10:21:22' , 402 );
INSERT INTO Medical_record(Patient_id, Creation_date, Diagnosis, Prescription) VALUES ((SELECT CURRVAL('Patient_patient_id_seq') ), '2011-01-19 14:06:54' , 'Urinary tract infection' , 'Gazyva' );
INSERT INTO Notification(Patient_id, Date, Event, Sound) VALUES ((SELECT CURRVAL('Patient_patient_id_seq') ), '2011-02-17 22:10:41' , 'Recent threat sure become information involve education tend.' , 2 );
INSERT INTO Notification(Patient_id, Date, Event, Sound) VALUES ((SELECT CURRVAL('Patient_patient_id_seq') ), '2016-05-01 08:49:14' , 'Dog wife month religious continue might school form.' , 4 );
INSERT INTO Payment(Patient_id, Date, Description, Amount) VALUES ((SELECT CURRVAL('Patient_patient_id_seq') ), '2015-08-19 19:48:48' , 'Certain hospital fish current.' , 5492294 );
INSERT INTO Payment(Patient_id, Date, Description, Amount) VALUES ((SELECT CURRVAL('Patient_patient_id_seq') ), '2018-05-22 02:27:24' , 'Story serious special evidence.' , 1883171 );
INSERT INTO Account(Login, Password, Permission_level, Date_of_creation, Last_time_online) VALUES ('howardfernando','9$8kHug&zJ' , 5 , '2018-03-17 21:51:20' , '2019-11-20 01:34:45');
INSERT INTO Patient(Account_id, Full_name, Address, Date_of_birth, Passport_number, Insurance_policy_number, Credit_card_number, Age) VALUES ((SELECT CURRVAL('account_account_id_seq') ),'Clayton Jordan' , '7675 Heather Roads Apt. 004 , Turnerchester, KS 23547' , '1953-12-14' , 39290304 , '72-5230671' , '2256950723555184' , '65' );
INSERT INTO Appointment(Doctor_id, Patient_id, Room, Date, Price) VALUES ( (SELECT floor(random() * ( (SELECT CURRVAL('Doctor_doctor_id_seq')) ) + 1 )) , (SELECT CURRVAL('Patient_patient_id_seq') ), 351 , '2011-01-09 01:05:09' , 490 );
INSERT INTO Appointment(Doctor_id, Patient_id, Room, Date, Price) VALUES ( (SELECT floor(random() * ( (SELECT CURRVAL('Doctor_doctor_id_seq')) ) + 1 )) , (SELECT CURRVAL('Patient_patient_id_seq') ), 701 , '2015-04-12 08:57:03' , 501 );
INSERT INTO Appointment(Doctor_id, Patient_id, Room, Date, Price) VALUES ( (SELECT floor(random() * ( (SELECT CURRVAL('Doctor_doctor_id_seq')) ) + 1 )) , (SELECT CURRVAL('Patient_patient_id_seq') ), 297 , '2015-03-07 14:19:24' , 342 );
INSERT INTO Appointment(Doctor_id, Patient_id, Room, Date, Price) VALUES ( (SELECT floor(random() * ( (SELECT CURRVAL('Doctor_doctor_id_seq')) ) + 1 )) , (SELECT CURRVAL('Patient_patient_id_seq') ), 49 , '2011-07-27 21:28:17' , 797 );
INSERT INTO Appointment(Doctor_id, Patient_id, Room, Date, Price) VALUES ( (SELECT floor(random() * ( (SELECT CURRVAL('Doctor_doctor_id_seq')) ) + 1 )) , (SELECT CURRVAL('Patient_patient_id_seq') ), 445 , '2013-05-06 03:26:01' , 746 );
INSERT INTO Medical_record(Patient_id, Creation_date, Diagnosis, Prescription) VALUES ((SELECT CURRVAL('Patient_patient_id_seq') ), '2017-12-02 20:15:35' , 'Pain in joint' , 'Multi Sympton Cold Day Night' );
INSERT INTO Notification(Patient_id, Date, Event, Sound) VALUES ((SELECT CURRVAL('Patient_patient_id_seq') ), '2019-03-23 23:00:51' , 'Agency than consider expert against.' , 5 );
INSERT INTO Notification(Patient_id, Date, Event, Sound) VALUES ((SELECT CURRVAL('Patient_patient_id_seq') ), '2018-03-02 16:13:52' , 'Oil PM she group yes second fact.' , 7 );
INSERT INTO Payment(Patient_id, Date, Description, Amount) VALUES ((SELECT CURRVAL('Patient_patient_id_seq') ), '2010-09-09 13:52:38' , 'Mother determine standard against.' , 9416298 );
INSERT INTO Payment(Patient_id, Date, Description, Amount) VALUES ((SELECT CURRVAL('Patient_patient_id_seq') ), '2016-12-02 10:16:24' , 'Wide Republican catch seek list.' , 9628855 );
INSERT INTO Account(Login, Password, Permission_level, Date_of_creation, Last_time_online) VALUES ('billyharris','^S8G+FRkq_' , 5 , '2013-09-29 19:40:42' , '2019-11-24 03:50:48');
INSERT INTO Patient(Account_id, Full_name, Address, Date_of_birth, Passport_number, Insurance_policy_number, Credit_card_number, Age) VALUES ((SELECT CURRVAL('account_account_id_seq') ),'Allen Mercado' , '95089 Smith Shoal Suite 372 , Kennedyland, ND 73120' , '1954-01-28' , 96703816 , '10-3682100' , '2332976738224159' , '65' );
INSERT INTO Appointment(Doctor_id, Patient_id, Room, Date, Price) VALUES ( (SELECT floor(random() * ( (SELECT CURRVAL('Doctor_doctor_id_seq')) ) + 1 )) , (SELECT CURRVAL('Patient_patient_id_seq') ), 236 , '2014-07-16 00:26:18' , 809 );
INSERT INTO Appointment(Doctor_id, Patient_id, Room, Date, Price) VALUES ( (SELECT floor(random() * ( (SELECT CURRVAL('Doctor_doctor_id_seq')) ) + 1 )) , (SELECT CURRVAL('Patient_patient_id_seq') ), 902 , '2014-12-09 06:33:20' , 824 );
INSERT INTO Appointment(Doctor_id, Patient_id, Room, Date, Price) VALUES ( (SELECT floor(random() * ( (SELECT CURRVAL('Doctor_doctor_id_seq')) ) + 1 )) , (SELECT CURRVAL('Patient_patient_id_seq') ), 334 , '2019-07-17 12:29:12' , 918 );
INSERT INTO Appointment(Doctor_id, Patient_id, Room, Date, Price) VALUES ( (SELECT floor(random() * ( (SELECT CURRVAL('Doctor_doctor_id_seq')) ) + 1 )) , (SELECT CURRVAL('Patient_patient_id_seq') ), 345 , '2014-09-03 10:13:48' , 54 );
INSERT INTO Appointment(Doctor_id, Patient_id, Room, Date, Price) VALUES ( (SELECT floor(random() * ( (SELECT CURRVAL('Doctor_doctor_id_seq')) ) + 1 )) , (SELECT CURRVAL('Patient_patient_id_seq') ), 592 , '2012-03-16 11:29:37' , 29 );
INSERT INTO Medical_record(Patient_id, Creation_date, Diagnosis, Prescription) VALUES ((SELECT CURRVAL('Patient_patient_id_seq') ), '2016-06-20 08:59:35' , 'Anxiety' , 'Gazyva' );
INSERT INTO Notification(Patient_id, Date, Event, Sound) VALUES ((SELECT CURRVAL('Patient_patient_id_seq') ), '2015-03-22 16:30:54' , 'Act or attention especially provide note.' , 8 );
INSERT INTO Notification(Patient_id, Date, Event, Sound) VALUES ((SELECT CURRVAL('Patient_patient_id_seq') ), '2014-10-31 12:02:02' , 'Green stay four effort front authority sense herself.' , 7 );
INSERT INTO Payment(Patient_id, Date, Description, Amount) VALUES ((SELECT CURRVAL('Patient_patient_id_seq') ), '2018-09-20 02:10:03' , 'That lawyer dinner central or team.' , 8561393 );
INSERT INTO Payment(Patient_id, Date, Description, Amount) VALUES ((SELECT CURRVAL('Patient_patient_id_seq') ), '2009-12-15 15:39:47' , 'Loss his dog far still southern.' , 6347196 );
INSERT INTO Account(Login, Password, Permission_level, Date_of_creation, Last_time_online) VALUES ('stacey12','Q$4YnZ(8w)' , 5 , '2012-11-16 09:47:41' , '2019-11-23 16:10:02');
INSERT INTO Patient(Account_id, Full_name, Address, Date_of_birth, Passport_number, Insurance_policy_number, Credit_card_number, Age) VALUES ((SELECT CURRVAL('account_account_id_seq') ),'Holly Garcia' , '666 Reynolds Ford , East Jacobton, DC 46890' , '1917-09-05' , 43191659 , '39-3630001' , '5271958190533299' , '102' );
INSERT INTO Appointment(Doctor_id, Patient_id, Room, Date, Price) VALUES ( (SELECT floor(random() * ( (SELECT CURRVAL('Doctor_doctor_id_seq')) ) + 1 )) , (SELECT CURRVAL('Patient_patient_id_seq') ), 776 , '2012-01-10 14:52:29' , 221 );
INSERT INTO Appointment(Doctor_id, Patient_id, Room, Date, Price) VALUES ( (SELECT floor(random() * ( (SELECT CURRVAL('Doctor_doctor_id_seq')) ) + 1 )) , (SELECT CURRVAL('Patient_patient_id_seq') ), 5 , '2018-04-26 18:33:38' , 771 );
INSERT INTO Appointment(Doctor_id, Patient_id, Room, Date, Price) VALUES ( (SELECT floor(random() * ( (SELECT CURRVAL('Doctor_doctor_id_seq')) ) + 1 )) , (SELECT CURRVAL('Patient_patient_id_seq') ), 594 , '2011-09-10 13:49:24' , 179 );
INSERT INTO Appointment(Doctor_id, Patient_id, Room, Date, Price) VALUES ( (SELECT floor(random() * ( (SELECT CURRVAL('Doctor_doctor_id_seq')) ) + 1 )) , (SELECT CURRVAL('Patient_patient_id_seq') ), 538 , '2018-06-23 14:05:02' , 0 );
INSERT INTO Appointment(Doctor_id, Patient_id, Room, Date, Price) VALUES ( (SELECT floor(random() * ( (SELECT CURRVAL('Doctor_doctor_id_seq')) ) + 1 )) , (SELECT CURRVAL('Patient_patient_id_seq') ), 400 , '2015-02-06 12:20:41' , 911 );
INSERT INTO Medical_record(Patient_id, Creation_date, Diagnosis, Prescription) VALUES ((SELECT CURRVAL('Patient_patient_id_seq') ), '2016-10-14 00:32:33' , 'Depressive disorder' , 'Gambil Oak' );
INSERT INTO Notification(Patient_id, Date, Event, Sound) VALUES ((SELECT CURRVAL('Patient_patient_id_seq') ), '2016-04-22 23:37:00' , 'Style tonight part phone.' , 6 );
INSERT INTO Notification(Patient_id, Date, Event, Sound) VALUES ((SELECT CURRVAL('Patient_patient_id_seq') ), '2014-04-08 20:47:37' , 'Writer reveal girl do.' , 5 );
INSERT INTO Payment(Patient_id, Date, Description, Amount) VALUES ((SELECT CURRVAL('Patient_patient_id_seq') ), '2014-08-07 21:24:29' , 'Why pressure value off on pattern.' , 2489368 );
INSERT INTO Payment(Patient_id, Date, Description, Amount) VALUES ((SELECT CURRVAL('Patient_patient_id_seq') ), '2015-04-15 08:58:26' , 'Guess doctor may low feel open home.' , 4485750 );
INSERT INTO Account(Login, Password, Permission_level, Date_of_creation, Last_time_online) VALUES ('omitchell','aYw25fj**8' , 5 , '2018-12-07 09:00:14' , '2019-11-22 04:09:11');
INSERT INTO Patient(Account_id, Full_name, Address, Date_of_birth, Passport_number, Insurance_policy_number, Credit_card_number, Age) VALUES ((SELECT CURRVAL('account_account_id_seq') ),'Michael Barr' , '67876 Adkins Isle Suite 663 , Rileyfurt, TN 31546' , '1933-07-26' , 29029716 , '66-4461776' , '2223075771728887' , '86' );
INSERT INTO Appointment(Doctor_id, Patient_id, Room, Date, Price) VALUES ( (SELECT floor(random() * ( (SELECT CURRVAL('Doctor_doctor_id_seq')) ) + 1 )) , (SELECT CURRVAL('Patient_patient_id_seq') ), 148 , '2015-09-15 23:18:12' , 797 );
INSERT INTO Appointment(Doctor_id, Patient_id, Room, Date, Price) VALUES ( (SELECT floor(random() * ( (SELECT CURRVAL('Doctor_doctor_id_seq')) ) + 1 )) , (SELECT CURRVAL('Patient_patient_id_seq') ), 263 , '2013-12-21 04:33:55' , 492 );
INSERT INTO Appointment(Doctor_id, Patient_id, Room, Date, Price) VALUES ( (SELECT floor(random() * ( (SELECT CURRVAL('Doctor_doctor_id_seq')) ) + 1 )) , (SELECT CURRVAL('Patient_patient_id_seq') ), 301 , '2016-12-17 08:16:44' , 439 );
INSERT INTO Appointment(Doctor_id, Patient_id, Room, Date, Price) VALUES ( (SELECT floor(random() * ( (SELECT CURRVAL('Doctor_doctor_id_seq')) ) + 1 )) , (SELECT CURRVAL('Patient_patient_id_seq') ), 238 , '2012-09-12 01:54:06' , 789 );
INSERT INTO Appointment(Doctor_id, Patient_id, Room, Date, Price) VALUES ( (SELECT floor(random() * ( (SELECT CURRVAL('Doctor_doctor_id_seq')) ) + 1 )) , (SELECT CURRVAL('Patient_patient_id_seq') ), 833 , '2016-02-26 06:28:27' , 942 );
INSERT INTO Medical_record(Patient_id, Creation_date, Diagnosis, Prescription) VALUES ((SELECT CURRVAL('Patient_patient_id_seq') ), '2017-02-22 04:29:05' , 'Pain in joint' , 'Clindamycin' );
INSERT INTO Notification(Patient_id, Date, Event, Sound) VALUES ((SELECT CURRVAL('Patient_patient_id_seq') ), '2010-12-07 00:14:59' , 'Mouth discover read nor brother either thing.' , 9 );
INSERT INTO Notification(Patient_id, Date, Event, Sound) VALUES ((SELECT CURRVAL('Patient_patient_id_seq') ), '2012-07-06 02:51:45' , 'Weight think report all lose after industry.' , 0 );
INSERT INTO Payment(Patient_id, Date, Description, Amount) VALUES ((SELECT CURRVAL('Patient_patient_id_seq') ), '2015-12-16 22:31:27' , 'Him who mind owner miss bank area.' , 4791117 );
INSERT INTO Payment(Patient_id, Date, Description, Amount) VALUES ((SELECT CURRVAL('Patient_patient_id_seq') ), '2019-04-21 10:40:21' , 'Summer plan wrong.' , 9710962 );
INSERT INTO Account(Login, Password, Permission_level, Date_of_creation, Last_time_online) VALUES ('bonnie45','Rs$8oXNs@J' , 5 , '2012-11-07 14:04:54' , '2019-11-23 00:49:02');
INSERT INTO Patient(Account_id, Full_name, Address, Date_of_birth, Passport_number, Insurance_policy_number, Credit_card_number, Age) VALUES ((SELECT CURRVAL('account_account_id_seq') ),'Mark Baker' , 'PSC 8274, Box 8547 , APO AP 55149' , '1941-02-23' , 43778249 , '62-2556837' , '2281024895856488' , '78' );
INSERT INTO Appointment(Doctor_id, Patient_id, Room, Date, Price) VALUES ( (SELECT floor(random() * ( (SELECT CURRVAL('Doctor_doctor_id_seq')) ) + 1 )) , (SELECT CURRVAL('Patient_patient_id_seq') ), 160 , '2018-02-04 14:47:49' , 889 );
INSERT INTO Appointment(Doctor_id, Patient_id, Room, Date, Price) VALUES ( (SELECT floor(random() * ( (SELECT CURRVAL('Doctor_doctor_id_seq')) ) + 1 )) , (SELECT CURRVAL('Patient_patient_id_seq') ), 913 , '2015-12-12 06:20:45' , 947 );
INSERT INTO Appointment(Doctor_id, Patient_id, Room, Date, Price) VALUES ( (SELECT floor(random() * ( (SELECT CURRVAL('Doctor_doctor_id_seq')) ) + 1 )) , (SELECT CURRVAL('Patient_patient_id_seq') ), 787 , '2010-01-02 22:12:44' , 328 );
INSERT INTO Appointment(Doctor_id, Patient_id, Room, Date, Price) VALUES ( (SELECT floor(random() * ( (SELECT CURRVAL('Doctor_doctor_id_seq')) ) + 1 )) , (SELECT CURRVAL('Patient_patient_id_seq') ), 836 , '2017-04-30 06:43:11' , 439 );
INSERT INTO Appointment(Doctor_id, Patient_id, Room, Date, Price) VALUES ( (SELECT floor(random() * ( (SELECT CURRVAL('Doctor_doctor_id_seq')) ) + 1 )) , (SELECT CURRVAL('Patient_patient_id_seq') ), 468 , '2011-12-25 02:46:07' , 64 );
INSERT INTO Medical_record(Patient_id, Creation_date, Diagnosis, Prescription) VALUES ((SELECT CURRVAL('Patient_patient_id_seq') ), '2017-11-07 22:42:14' , 'Coronary atherosclerosis' , 'Gambil Oak' );
INSERT INTO Notification(Patient_id, Date, Event, Sound) VALUES ((SELECT CURRVAL('Patient_patient_id_seq') ), '2011-06-29 13:21:41' , 'Agreement poor choose person everything church.' , 3 );
INSERT INTO Notification(Patient_id, Date, Event, Sound) VALUES ((SELECT CURRVAL('Patient_patient_id_seq') ), '2018-06-09 21:43:12' , 'Difference feeling test write.' , 5 );
INSERT INTO Payment(Patient_id, Date, Description, Amount) VALUES ((SELECT CURRVAL('Patient_patient_id_seq') ), '2010-11-20 09:36:15' , 'Middle number mention produce involve own.' , 8060415 );
INSERT INTO Payment(Patient_id, Date, Description, Amount) VALUES ((SELECT CURRVAL('Patient_patient_id_seq') ), '2013-02-03 12:05:30' , 'Medical particular building music theory size say fear.' , 4269269 );
INSERT INTO Account(Login, Password, Permission_level, Date_of_creation, Last_time_online) VALUES ('jeffrey22','2Y5NJ0Pp$F' , 5 , '2012-12-07 03:27:17' , '2019-11-20 23:29:38');
INSERT INTO Patient(Account_id, Full_name, Address, Date_of_birth, Passport_number, Insurance_policy_number, Credit_card_number, Age) VALUES ((SELECT CURRVAL('account_account_id_seq') ),'Michael Robinson' , '063 Jefferson Orchard , South Colemouth, AZ 19567' , '1989-09-28' , 62774147 , '93-6696852' , '5365876807229456' , '30' );
INSERT INTO Appointment(Doctor_id, Patient_id, Room, Date, Price) VALUES ( (SELECT floor(random() * ( (SELECT CURRVAL('Doctor_doctor_id_seq')) ) + 1 )) , (SELECT CURRVAL('Patient_patient_id_seq') ), 743 , '2013-10-25 03:27:30' , 758 );
INSERT INTO Appointment(Doctor_id, Patient_id, Room, Date, Price) VALUES ( (SELECT floor(random() * ( (SELECT CURRVAL('Doctor_doctor_id_seq')) ) + 1 )) , (SELECT CURRVAL('Patient_patient_id_seq') ), 707 , '2018-11-14 23:15:20' , 444 );
INSERT INTO Appointment(Doctor_id, Patient_id, Room, Date, Price) VALUES ( (SELECT floor(random() * ( (SELECT CURRVAL('Doctor_doctor_id_seq')) ) + 1 )) , (SELECT CURRVAL('Patient_patient_id_seq') ), 35 , '2010-03-14 15:57:18' , 729 );
INSERT INTO Appointment(Doctor_id, Patient_id, Room, Date, Price) VALUES ( (SELECT floor(random() * ( (SELECT CURRVAL('Doctor_doctor_id_seq')) ) + 1 )) , (SELECT CURRVAL('Patient_patient_id_seq') ), 376 , '2019-02-22 07:47:20' , 643 );
INSERT INTO Appointment(Doctor_id, Patient_id, Room, Date, Price) VALUES ( (SELECT floor(random() * ( (SELECT CURRVAL('Doctor_doctor_id_seq')) ) + 1 )) , (SELECT CURRVAL('Patient_patient_id_seq') ), 322 , '2015-05-15 09:34:31' , 622 );
INSERT INTO Medical_record(Patient_id, Creation_date, Diagnosis, Prescription) VALUES ((SELECT CURRVAL('Patient_patient_id_seq') ), '2012-03-09 10:45:30' , 'Anxiety' , 'Gazyva' );
INSERT INTO Notification(Patient_id, Date, Event, Sound) VALUES ((SELECT CURRVAL('Patient_patient_id_seq') ), '2019-10-18 12:16:40' , 'Order prove election better dream old technology reduce.' , 3 );
INSERT INTO Notification(Patient_id, Date, Event, Sound) VALUES ((SELECT CURRVAL('Patient_patient_id_seq') ), '2017-10-08 15:17:49' , 'Leg program deal sell.' , 6 );
INSERT INTO Payment(Patient_id, Date, Description, Amount) VALUES ((SELECT CURRVAL('Patient_patient_id_seq') ), '2010-02-13 23:53:16' , 'Part subject economic guess sound take.' , 9035317 );
INSERT INTO Payment(Patient_id, Date, Description, Amount) VALUES ((SELECT CURRVAL('Patient_patient_id_seq') ), '2012-07-02 22:18:52' , 'Own tax use town admit.' , 2460829 );
INSERT INTO Account(Login, Password, Permission_level, Date_of_creation, Last_time_online) VALUES ('graykristin','aY)5IJ0nra' , 5 , '2010-03-12 09:38:42' , '2019-11-23 02:46:54');
INSERT INTO Patient(Account_id, Full_name, Address, Date_of_birth, Passport_number, Insurance_policy_number, Credit_card_number, Age) VALUES ((SELECT CURRVAL('account_account_id_seq') ),'Scott Mendez' , '09791 Yesenia Island Apt. 653 , East Aliciamouth, KY 85215' , '1941-05-15' , 47106734 , '90-7291408' , '5561986432326353' , '78' );
INSERT INTO Appointment(Doctor_id, Patient_id, Room, Date, Price) VALUES ( (SELECT floor(random() * ( (SELECT CURRVAL('Doctor_doctor_id_seq')) ) + 1 )) , (SELECT CURRVAL('Patient_patient_id_seq') ), 296 , '2013-06-05 04:31:42' , 382 );
INSERT INTO Appointment(Doctor_id, Patient_id, Room, Date, Price) VALUES ( (SELECT floor(random() * ( (SELECT CURRVAL('Doctor_doctor_id_seq')) ) + 1 )) , (SELECT CURRVAL('Patient_patient_id_seq') ), 211 , '2018-02-25 10:32:50' , 660 );
INSERT INTO Appointment(Doctor_id, Patient_id, Room, Date, Price) VALUES ( (SELECT floor(random() * ( (SELECT CURRVAL('Doctor_doctor_id_seq')) ) + 1 )) , (SELECT CURRVAL('Patient_patient_id_seq') ), 916 , '2017-05-06 16:46:19' , 933 );
INSERT INTO Appointment(Doctor_id, Patient_id, Room, Date, Price) VALUES ( (SELECT floor(random() * ( (SELECT CURRVAL('Doctor_doctor_id_seq')) ) + 1 )) , (SELECT CURRVAL('Patient_patient_id_seq') ), 651 , '2013-02-10 02:36:18' , 801 );
INSERT INTO Appointment(Doctor_id, Patient_id, Room, Date, Price) VALUES ( (SELECT floor(random() * ( (SELECT CURRVAL('Doctor_doctor_id_seq')) ) + 1 )) , (SELECT CURRVAL('Patient_patient_id_seq') ), 250 , '2010-09-03 15:32:15' , 909 );
INSERT INTO Medical_record(Patient_id, Creation_date, Diagnosis, Prescription) VALUES ((SELECT CURRVAL('Patient_patient_id_seq') ), '2014-12-09 23:19:28' , 'General medical exam' , 'LBEL NATURAL FINISH MOISTURIZING FOUNDATION SPF 25' );
INSERT INTO Notification(Patient_id, Date, Event, Sound) VALUES ((SELECT CURRVAL('Patient_patient_id_seq') ), '2014-06-19 13:10:21' , 'Finish century summer discuss need player smile quickly.' , 0 );
INSERT INTO Notification(Patient_id, Date, Event, Sound) VALUES ((SELECT CURRVAL('Patient_patient_id_seq') ), '2010-03-01 04:25:49' , 'Student fear type someone.' , 0 );
INSERT INTO Payment(Patient_id, Date, Description, Amount) VALUES ((SELECT CURRVAL('Patient_patient_id_seq') ), '2016-02-16 09:16:38' , 'Fire number role situation single child.' , 2461162 );
INSERT INTO Payment(Patient_id, Date, Description, Amount) VALUES ((SELECT CURRVAL('Patient_patient_id_seq') ), '2012-08-01 11:32:30' , 'Foreign part service.' , 8666753 );
INSERT INTO Account(Login, Password, Permission_level, Date_of_creation, Last_time_online) VALUES ('hallashley','flIX@M_u(7' , 5 , '2015-06-12 07:15:19' , '2019-11-18 08:46:04');
INSERT INTO Patient(Account_id, Full_name, Address, Date_of_birth, Passport_number, Insurance_policy_number, Credit_card_number, Age) VALUES ((SELECT CURRVAL('account_account_id_seq') ),'Joseph Jones' , '100 Taylor Mission Suite 864 , Port Megan, OK 92523' , '1982-08-26' , 12089277 , '59-3742280' , '2237099896156158' , '37' );
INSERT INTO Appointment(Doctor_id, Patient_id, Room, Date, Price) VALUES ( (SELECT floor(random() * ( (SELECT CURRVAL('Doctor_doctor_id_seq')) ) + 1 )) , (SELECT CURRVAL('Patient_patient_id_seq') ), 707 , '2018-05-02 04:16:00' , 559 );
INSERT INTO Appointment(Doctor_id, Patient_id, Room, Date, Price) VALUES ( (SELECT floor(random() * ( (SELECT CURRVAL('Doctor_doctor_id_seq')) ) + 1 )) , (SELECT CURRVAL('Patient_patient_id_seq') ), 662 , '2017-10-09 03:14:17' , 984 );
INSERT INTO Appointment(Doctor_id, Patient_id, Room, Date, Price) VALUES ( (SELECT floor(random() * ( (SELECT CURRVAL('Doctor_doctor_id_seq')) ) + 1 )) , (SELECT CURRVAL('Patient_patient_id_seq') ), 145 , '2014-04-05 01:30:44' , 724 );
INSERT INTO Appointment(Doctor_id, Patient_id, Room, Date, Price) VALUES ( (SELECT floor(random() * ( (SELECT CURRVAL('Doctor_doctor_id_seq')) ) + 1 )) , (SELECT CURRVAL('Patient_patient_id_seq') ), 927 , '2011-02-21 23:53:08' , 561 );
INSERT INTO Appointment(Doctor_id, Patient_id, Room, Date, Price) VALUES ( (SELECT floor(random() * ( (SELECT CURRVAL('Doctor_doctor_id_seq')) ) + 1 )) , (SELECT CURRVAL('Patient_patient_id_seq') ), 834 , '2013-12-29 03:28:03' , 257 );
INSERT INTO Medical_record(Patient_id, Creation_date, Diagnosis, Prescription) VALUES ((SELECT CURRVAL('Patient_patient_id_seq') ), '2014-08-15 20:44:10' , 'Urinary tract infection' , 'Power Aqua Balancing Toner' );
INSERT INTO Notification(Patient_id, Date, Event, Sound) VALUES ((SELECT CURRVAL('Patient_patient_id_seq') ), '2011-12-27 17:54:55' , 'World reduce very season class quite.' , 7 );
INSERT INTO Notification(Patient_id, Date, Event, Sound) VALUES ((SELECT CURRVAL('Patient_patient_id_seq') ), '2012-07-30 08:14:10' , 'Only outside join edge at race difficult.' , 3 );
INSERT INTO Payment(Patient_id, Date, Description, Amount) VALUES ((SELECT CURRVAL('Patient_patient_id_seq') ), '2011-05-18 02:51:45' , 'Pm I eye question claim theory within respond.' , 2913909 );
INSERT INTO Payment(Patient_id, Date, Description, Amount) VALUES ((SELECT CURRVAL('Patient_patient_id_seq') ), '2014-09-16 16:52:38' , 'Son old chance fight bill.' , 3210218 );
INSERT INTO Account(Login, Password, Permission_level, Date_of_creation, Last_time_online) VALUES ('tomsimpson','P41J9c1o%A' , 5 , '2015-12-27 18:48:35' , '2019-11-19 02:48:57');
INSERT INTO Patient(Account_id, Full_name, Address, Date_of_birth, Passport_number, Insurance_policy_number, Credit_card_number, Age) VALUES ((SELECT CURRVAL('account_account_id_seq') ),'Michael Lucas' , '706 Craig Mountains , East Michael, IA 23830' , '1989-02-10' , 21816604 , '41-4366367' , '2228558542542591' , '30' );
INSERT INTO Appointment(Doctor_id, Patient_id, Room, Date, Price) VALUES ( (SELECT floor(random() * ( (SELECT CURRVAL('Doctor_doctor_id_seq')) ) + 1 )) , (SELECT CURRVAL('Patient_patient_id_seq') ), 740 , '2014-04-29 12:09:48' , 860 );
INSERT INTO Appointment(Doctor_id, Patient_id, Room, Date, Price) VALUES ( (SELECT floor(random() * ( (SELECT CURRVAL('Doctor_doctor_id_seq')) ) + 1 )) , (SELECT CURRVAL('Patient_patient_id_seq') ), 961 , '2012-01-25 04:24:58' , 516 );
INSERT INTO Appointment(Doctor_id, Patient_id, Room, Date, Price) VALUES ( (SELECT floor(random() * ( (SELECT CURRVAL('Doctor_doctor_id_seq')) ) + 1 )) , (SELECT CURRVAL('Patient_patient_id_seq') ), 54 , '2014-09-11 18:42:36' , 995 );
INSERT INTO Appointment(Doctor_id, Patient_id, Room, Date, Price) VALUES ( (SELECT floor(random() * ( (SELECT CURRVAL('Doctor_doctor_id_seq')) ) + 1 )) , (SELECT CURRVAL('Patient_patient_id_seq') ), 211 , '2017-09-19 04:40:33' , 157 );
INSERT INTO Appointment(Doctor_id, Patient_id, Room, Date, Price) VALUES ( (SELECT floor(random() * ( (SELECT CURRVAL('Doctor_doctor_id_seq')) ) + 1 )) , (SELECT CURRVAL('Patient_patient_id_seq') ), 649 , '2010-07-18 01:40:36' , 21 );
INSERT INTO Medical_record(Patient_id, Creation_date, Diagnosis, Prescription) VALUES ((SELECT CURRVAL('Patient_patient_id_seq') ), '2018-03-13 02:24:43' , 'Reflux esophagitis' , 'Gambil Oak' );
INSERT INTO Notification(Patient_id, Date, Event, Sound) VALUES ((SELECT CURRVAL('Patient_patient_id_seq') ), '2012-08-23 17:26:03' , 'Decade style choice read discover professor.' , 0 );
INSERT INTO Notification(Patient_id, Date, Event, Sound) VALUES ((SELECT CURRVAL('Patient_patient_id_seq') ), '2010-05-15 22:05:23' , 'Base as contain account special sit.' , 4 );
INSERT INTO Payment(Patient_id, Date, Description, Amount) VALUES ((SELECT CURRVAL('Patient_patient_id_seq') ), '2014-05-14 09:38:39' , 'Big memory Democrat low difficult high woman company.' , 9921651 );
INSERT INTO Payment(Patient_id, Date, Description, Amount) VALUES ((SELECT CURRVAL('Patient_patient_id_seq') ), '2016-12-21 14:48:29' , 'Peace cell these seat financial write notice another.' , 2748734 );
INSERT INTO Account(Login, Password, Permission_level, Date_of_creation, Last_time_online) VALUES ('rbrady','g1MK^#(B)x' , 5 , '2011-07-24 21:04:40' , '2019-11-22 14:06:08');
INSERT INTO Patient(Account_id, Full_name, Address, Date_of_birth, Passport_number, Insurance_policy_number, Credit_card_number, Age) VALUES ((SELECT CURRVAL('account_account_id_seq') ),'Emily Mason' , '40045 Clarke Springs Suite 716 , Port Jasonfort, AK 97893' , '2015-10-06' , 99276386 , '24-5929973' , '5414829124453284' , '4' );
INSERT INTO Appointment(Doctor_id, Patient_id, Room, Date, Price) VALUES ( (SELECT floor(random() * ( (SELECT CURRVAL('Doctor_doctor_id_seq')) ) + 1 )) , (SELECT CURRVAL('Patient_patient_id_seq') ), 250 , '2016-03-11 19:57:40' , 190 );
INSERT INTO Appointment(Doctor_id, Patient_id, Room, Date, Price) VALUES ( (SELECT floor(random() * ( (SELECT CURRVAL('Doctor_doctor_id_seq')) ) + 1 )) , (SELECT CURRVAL('Patient_patient_id_seq') ), 559 , '2011-04-03 10:58:41' , 231 );
INSERT INTO Appointment(Doctor_id, Patient_id, Room, Date, Price) VALUES ( (SELECT floor(random() * ( (SELECT CURRVAL('Doctor_doctor_id_seq')) ) + 1 )) , (SELECT CURRVAL('Patient_patient_id_seq') ), 84 , '2012-10-18 10:14:41' , 298 );
INSERT INTO Appointment(Doctor_id, Patient_id, Room, Date, Price) VALUES ( (SELECT floor(random() * ( (SELECT CURRVAL('Doctor_doctor_id_seq')) ) + 1 )) , (SELECT CURRVAL('Patient_patient_id_seq') ), 956 , '2011-02-19 10:37:47' , 710 );
INSERT INTO Appointment(Doctor_id, Patient_id, Room, Date, Price) VALUES ( (SELECT floor(random() * ( (SELECT CURRVAL('Doctor_doctor_id_seq')) ) + 1 )) , (SELECT CURRVAL('Patient_patient_id_seq') ), 777 , '2011-07-12 07:57:45' , 703 );
INSERT INTO Medical_record(Patient_id, Creation_date, Diagnosis, Prescription) VALUES ((SELECT CURRVAL('Patient_patient_id_seq') ), '2019-07-11 19:04:30' , 'Fibromyalgia / myositis' , 'Lithium Carbonate' );
INSERT INTO Notification(Patient_id, Date, Event, Sound) VALUES ((SELECT CURRVAL('Patient_patient_id_seq') ), '2012-01-05 16:29:47' , 'Cultural know leg summer hospital.' , 6 );
INSERT INTO Notification(Patient_id, Date, Event, Sound) VALUES ((SELECT CURRVAL('Patient_patient_id_seq') ), '2019-02-04 15:15:13' , 'Much thus yourself success.' , 8 );
INSERT INTO Payment(Patient_id, Date, Description, Amount) VALUES ((SELECT CURRVAL('Patient_patient_id_seq') ), '2019-11-07 17:20:06' , 'Run carry discuss your pick.' , 6688251 );
INSERT INTO Payment(Patient_id, Date, Description, Amount) VALUES ((SELECT CURRVAL('Patient_patient_id_seq') ), '2015-05-06 01:01:20' , 'Six build suddenly strong try.' , 6604268 );
INSERT INTO Account(Login, Password, Permission_level, Date_of_creation, Last_time_online) VALUES ('lmunoz','h5Qjzett#g' , 5 , '2019-05-06 04:38:50' , '2019-11-19 04:41:25');
INSERT INTO Patient(Account_id, Full_name, Address, Date_of_birth, Passport_number, Insurance_policy_number, Credit_card_number, Age) VALUES ((SELECT CURRVAL('account_account_id_seq') ),'Scott Adams MD' , '360 Mike Estate , Barreraland, NJ 30438' , '1953-11-01' , 40324838 , '48-7198029' , '2281430257638804' , '66' );
INSERT INTO Appointment(Doctor_id, Patient_id, Room, Date, Price) VALUES ( (SELECT floor(random() * ( (SELECT CURRVAL('Doctor_doctor_id_seq')) ) + 1 )) , (SELECT CURRVAL('Patient_patient_id_seq') ), 518 , '2011-05-05 09:33:08' , 873 );
INSERT INTO Appointment(Doctor_id, Patient_id, Room, Date, Price) VALUES ( (SELECT floor(random() * ( (SELECT CURRVAL('Doctor_doctor_id_seq')) ) + 1 )) , (SELECT CURRVAL('Patient_patient_id_seq') ), 559 , '2019-05-14 15:15:17' , 23 );
INSERT INTO Appointment(Doctor_id, Patient_id, Room, Date, Price) VALUES ( (SELECT floor(random() * ( (SELECT CURRVAL('Doctor_doctor_id_seq')) ) + 1 )) , (SELECT CURRVAL('Patient_patient_id_seq') ), 893 , '2018-01-25 12:47:06' , 365 );
INSERT INTO Appointment(Doctor_id, Patient_id, Room, Date, Price) VALUES ( (SELECT floor(random() * ( (SELECT CURRVAL('Doctor_doctor_id_seq')) ) + 1 )) , (SELECT CURRVAL('Patient_patient_id_seq') ), 888 , '2010-05-26 12:07:17' , 360 );
INSERT INTO Appointment(Doctor_id, Patient_id, Room, Date, Price) VALUES ( (SELECT floor(random() * ( (SELECT CURRVAL('Doctor_doctor_id_seq')) ) + 1 )) , (SELECT CURRVAL('Patient_patient_id_seq') ), 236 , '2013-07-11 10:25:26' , 479 );
INSERT INTO Medical_record(Patient_id, Creation_date, Diagnosis, Prescription) VALUES ((SELECT CURRVAL('Patient_patient_id_seq') ), '2013-02-08 23:10:36' , 'Malaise and fatigue' , 'Aplicare Povidone-iodine Triples' );
INSERT INTO Notification(Patient_id, Date, Event, Sound) VALUES ((SELECT CURRVAL('Patient_patient_id_seq') ), '2010-04-20 02:15:01' , 'Body likely see remain hand should lead.' , 3 );
INSERT INTO Notification(Patient_id, Date, Event, Sound) VALUES ((SELECT CURRVAL('Patient_patient_id_seq') ), '2015-06-22 06:30:55' , 'Education senior spend.' , 10 );
INSERT INTO Payment(Patient_id, Date, Description, Amount) VALUES ((SELECT CURRVAL('Patient_patient_id_seq') ), '2010-12-17 21:05:10' , 'These sort nothing year authority defense.' , 5242636 );
INSERT INTO Payment(Patient_id, Date, Description, Amount) VALUES ((SELECT CURRVAL('Patient_patient_id_seq') ), '2010-08-24 07:00:17' , 'Within door lot describe themselves.' , 8751439 );
INSERT INTO Account(Login, Password, Permission_level, Date_of_creation, Last_time_online) VALUES ('nguyenjason','UE0KEydu$7' , 5 , '2019-11-11 00:41:09' , '2019-11-24 08:33:10');
INSERT INTO Patient(Account_id, Full_name, Address, Date_of_birth, Passport_number, Insurance_policy_number, Credit_card_number, Age) VALUES ((SELECT CURRVAL('account_account_id_seq') ),'Jose Thomas' , '274 Donald Keys Apt. 967 , Ericfort, KS 69451' , '1912-09-28' , 67014316 , '06-5917912' , '2709685986106860' , '107' );
INSERT INTO Appointment(Doctor_id, Patient_id, Room, Date, Price) VALUES ( (SELECT floor(random() * ( (SELECT CURRVAL('Doctor_doctor_id_seq')) ) + 1 )) , (SELECT CURRVAL('Patient_patient_id_seq') ), 100 , '2015-02-10 03:14:40' , 753 );
INSERT INTO Appointment(Doctor_id, Patient_id, Room, Date, Price) VALUES ( (SELECT floor(random() * ( (SELECT CURRVAL('Doctor_doctor_id_seq')) ) + 1 )) , (SELECT CURRVAL('Patient_patient_id_seq') ), 125 , '2011-12-30 22:55:45' , 599 );
INSERT INTO Appointment(Doctor_id, Patient_id, Room, Date, Price) VALUES ( (SELECT floor(random() * ( (SELECT CURRVAL('Doctor_doctor_id_seq')) ) + 1 )) , (SELECT CURRVAL('Patient_patient_id_seq') ), 124 , '2014-12-14 01:48:20' , 293 );
INSERT INTO Appointment(Doctor_id, Patient_id, Room, Date, Price) VALUES ( (SELECT floor(random() * ( (SELECT CURRVAL('Doctor_doctor_id_seq')) ) + 1 )) , (SELECT CURRVAL('Patient_patient_id_seq') ), 625 , '2012-09-05 20:46:23' , 866 );
INSERT INTO Appointment(Doctor_id, Patient_id, Room, Date, Price) VALUES ( (SELECT floor(random() * ( (SELECT CURRVAL('Doctor_doctor_id_seq')) ) + 1 )) , (SELECT CURRVAL('Patient_patient_id_seq') ), 444 , '2011-05-21 20:36:38' , 966 );
INSERT INTO Medical_record(Patient_id, Creation_date, Diagnosis, Prescription) VALUES ((SELECT CURRVAL('Patient_patient_id_seq') ), '2012-08-24 21:58:36' , 'Hyperlipidemia' , 'Gambil Oak' );
INSERT INTO Notification(Patient_id, Date, Event, Sound) VALUES ((SELECT CURRVAL('Patient_patient_id_seq') ), '2010-03-22 08:17:27' , 'Growth even military out author discussion arm.' , 1 );
INSERT INTO Notification(Patient_id, Date, Event, Sound) VALUES ((SELECT CURRVAL('Patient_patient_id_seq') ), '2017-08-04 04:49:57' , 'Draw easy husband cut soon trade.' , 8 );
INSERT INTO Payment(Patient_id, Date, Description, Amount) VALUES ((SELECT CURRVAL('Patient_patient_id_seq') ), '2017-11-07 18:45:13' , 'Huge create test full real put design.' , 9400283 );
INSERT INTO Payment(Patient_id, Date, Description, Amount) VALUES ((SELECT CURRVAL('Patient_patient_id_seq') ), '2012-12-30 15:47:21' , 'Decide produce degree perhaps few relationship join.' , 7747583 );
INSERT INTO Account(Login, Password, Permission_level, Date_of_creation, Last_time_online) VALUES ('vstrickland','14UqlNka_N' , 5 , '2016-02-12 21:35:00' , '2019-11-19 00:22:49');
INSERT INTO Patient(Account_id, Full_name, Address, Date_of_birth, Passport_number, Insurance_policy_number, Credit_card_number, Age) VALUES ((SELECT CURRVAL('account_account_id_seq') ),'Jamie Vega' , '482 Alejandro Drive Apt. 167 , North Jenniferborough, WA 23526' , '1928-03-29' , 29739677 , '13-9988624' , '2603816026353124' , '91' );
INSERT INTO Appointment(Doctor_id, Patient_id, Room, Date, Price) VALUES ( (SELECT floor(random() * ( (SELECT CURRVAL('Doctor_doctor_id_seq')) ) + 1 )) , (SELECT CURRVAL('Patient_patient_id_seq') ), 45 , '2013-12-09 02:38:14' , 674 );
INSERT INTO Appointment(Doctor_id, Patient_id, Room, Date, Price) VALUES ( (SELECT floor(random() * ( (SELECT CURRVAL('Doctor_doctor_id_seq')) ) + 1 )) , (SELECT CURRVAL('Patient_patient_id_seq') ), 582 , '2010-12-09 21:02:51' , 224 );
INSERT INTO Appointment(Doctor_id, Patient_id, Room, Date, Price) VALUES ( (SELECT floor(random() * ( (SELECT CURRVAL('Doctor_doctor_id_seq')) ) + 1 )) , (SELECT CURRVAL('Patient_patient_id_seq') ), 153 , '2019-06-01 01:10:39' , 701 );
INSERT INTO Appointment(Doctor_id, Patient_id, Room, Date, Price) VALUES ( (SELECT floor(random() * ( (SELECT CURRVAL('Doctor_doctor_id_seq')) ) + 1 )) , (SELECT CURRVAL('Patient_patient_id_seq') ), 17 , '2012-12-29 01:55:49' , 975 );
INSERT INTO Appointment(Doctor_id, Patient_id, Room, Date, Price) VALUES ( (SELECT floor(random() * ( (SELECT CURRVAL('Doctor_doctor_id_seq')) ) + 1 )) , (SELECT CURRVAL('Patient_patient_id_seq') ), 250 , '2011-10-14 12:15:54' , 680 );
INSERT INTO Medical_record(Patient_id, Creation_date, Diagnosis, Prescription) VALUES ((SELECT CURRVAL('Patient_patient_id_seq') ), '2015-08-30 09:30:57' , 'Anxiety' , 'Clonidine Hydrochloride' );
INSERT INTO Notification(Patient_id, Date, Event, Sound) VALUES ((SELECT CURRVAL('Patient_patient_id_seq') ), '2010-01-07 09:21:18' , 'Question his near third.' , 9 );
INSERT INTO Notification(Patient_id, Date, Event, Sound) VALUES ((SELECT CURRVAL('Patient_patient_id_seq') ), '2012-03-24 15:54:39' , 'Send according claim daughter yes.' , 2 );
INSERT INTO Payment(Patient_id, Date, Description, Amount) VALUES ((SELECT CURRVAL('Patient_patient_id_seq') ), '2012-01-06 11:58:15' , 'Television drop front baby quickly could.' , 8910917 );
INSERT INTO Payment(Patient_id, Date, Description, Amount) VALUES ((SELECT CURRVAL('Patient_patient_id_seq') ), '2012-01-23 16:25:28' , 'Ground low serve five politics big look.' , 1533361 );
INSERT INTO Account(Login, Password, Permission_level, Date_of_creation, Last_time_online) VALUES ('billysantiago','RV(3Ci7B1M' , 5 , '2014-05-15 03:15:04' , '2019-11-23 22:09:04');
INSERT INTO Patient(Account_id, Full_name, Address, Date_of_birth, Passport_number, Insurance_policy_number, Credit_card_number, Age) VALUES ((SELECT CURRVAL('account_account_id_seq') ),'Dominique Bridges' , 'Unit 6838 Box 3245 , DPO AP 99354' , '2002-03-03' , 33460253 , '92-4128780' , '2226764762882665' , '17' );
INSERT INTO Appointment(Doctor_id, Patient_id, Room, Date, Price) VALUES ( (SELECT floor(random() * ( (SELECT CURRVAL('Doctor_doctor_id_seq')) ) + 1 )) , (SELECT CURRVAL('Patient_patient_id_seq') ), 654 , '2014-01-13 16:00:57' , 798 );
INSERT INTO Appointment(Doctor_id, Patient_id, Room, Date, Price) VALUES ( (SELECT floor(random() * ( (SELECT CURRVAL('Doctor_doctor_id_seq')) ) + 1 )) , (SELECT CURRVAL('Patient_patient_id_seq') ), 576 , '2017-09-07 09:55:54' , 597 );
INSERT INTO Appointment(Doctor_id, Patient_id, Room, Date, Price) VALUES ( (SELECT floor(random() * ( (SELECT CURRVAL('Doctor_doctor_id_seq')) ) + 1 )) , (SELECT CURRVAL('Patient_patient_id_seq') ), 147 , '2015-02-08 18:22:59' , 318 );
INSERT INTO Appointment(Doctor_id, Patient_id, Room, Date, Price) VALUES ( (SELECT floor(random() * ( (SELECT CURRVAL('Doctor_doctor_id_seq')) ) + 1 )) , (SELECT CURRVAL('Patient_patient_id_seq') ), 94 , '2015-07-02 09:29:22' , 58 );
INSERT INTO Appointment(Doctor_id, Patient_id, Room, Date, Price) VALUES ( (SELECT floor(random() * ( (SELECT CURRVAL('Doctor_doctor_id_seq')) ) + 1 )) , (SELECT CURRVAL('Patient_patient_id_seq') ), 861 , '2010-02-03 15:14:18' , 64 );
INSERT INTO Medical_record(Patient_id, Creation_date, Diagnosis, Prescription) VALUES ((SELECT CURRVAL('Patient_patient_id_seq') ), '2010-05-19 15:21:21' , 'Urinary tract infection' , 'Multi Sympton Cold Day Night' );
INSERT INTO Notification(Patient_id, Date, Event, Sound) VALUES ((SELECT CURRVAL('Patient_patient_id_seq') ), '2015-12-30 13:10:37' , 'Quite probably enter she response air me.' , 9 );
INSERT INTO Notification(Patient_id, Date, Event, Sound) VALUES ((SELECT CURRVAL('Patient_patient_id_seq') ), '2015-04-22 20:25:35' , 'Future worry fly decision explain behind contain.' , 9 );
INSERT INTO Payment(Patient_id, Date, Description, Amount) VALUES ((SELECT CURRVAL('Patient_patient_id_seq') ), '2018-04-29 17:12:26' , 'Wait inside speak edge.' , 8077827 );
INSERT INTO Payment(Patient_id, Date, Description, Amount) VALUES ((SELECT CURRVAL('Patient_patient_id_seq') ), '2011-05-20 02:08:38' , 'Hundred security argue opportunity agency try.' , 3063896 );
INSERT INTO Account(Login, Password, Permission_level, Date_of_creation, Last_time_online) VALUES ('sarahkelly','+1oyULmO6K' , 5 , '2017-05-28 16:21:34' , '2019-11-20 13:47:30');
INSERT INTO Patient(Account_id, Full_name, Address, Date_of_birth, Passport_number, Insurance_policy_number, Credit_card_number, Age) VALUES ((SELECT CURRVAL('account_account_id_seq') ),'Kelsey Garcia' , '95415 Larry Garden Apt. 850 , Brandibury, CT 22256' , '1955-07-21' , 11748663 , '39-6427000' , '2256904700091234' , '64' );
INSERT INTO Appointment(Doctor_id, Patient_id, Room, Date, Price) VALUES ( (SELECT floor(random() * ( (SELECT CURRVAL('Doctor_doctor_id_seq')) ) + 1 )) , (SELECT CURRVAL('Patient_patient_id_seq') ), 91 , '2018-04-09 05:41:36' , 880 );
INSERT INTO Appointment(Doctor_id, Patient_id, Room, Date, Price) VALUES ( (SELECT floor(random() * ( (SELECT CURRVAL('Doctor_doctor_id_seq')) ) + 1 )) , (SELECT CURRVAL('Patient_patient_id_seq') ), 578 , '2013-01-02 22:39:13' , 650 );
INSERT INTO Appointment(Doctor_id, Patient_id, Room, Date, Price) VALUES ( (SELECT floor(random() * ( (SELECT CURRVAL('Doctor_doctor_id_seq')) ) + 1 )) , (SELECT CURRVAL('Patient_patient_id_seq') ), 774 , '2011-08-06 12:26:57' , 641 );
INSERT INTO Appointment(Doctor_id, Patient_id, Room, Date, Price) VALUES ( (SELECT floor(random() * ( (SELECT CURRVAL('Doctor_doctor_id_seq')) ) + 1 )) , (SELECT CURRVAL('Patient_patient_id_seq') ), 475 , '2017-05-10 04:17:51' , 621 );
INSERT INTO Appointment(Doctor_id, Patient_id, Room, Date, Price) VALUES ( (SELECT floor(random() * ( (SELECT CURRVAL('Doctor_doctor_id_seq')) ) + 1 )) , (SELECT CURRVAL('Patient_patient_id_seq') ), 167 , '2015-01-05 15:30:17' , 283 );
INSERT INTO Medical_record(Patient_id, Creation_date, Diagnosis, Prescription) VALUES ((SELECT CURRVAL('Patient_patient_id_seq') ), '2013-05-17 10:48:25' , 'Back pain' , 'OVACE' );
INSERT INTO Notification(Patient_id, Date, Event, Sound) VALUES ((SELECT CURRVAL('Patient_patient_id_seq') ), '2010-11-24 10:38:43' , 'Security political number.' , 2 );
INSERT INTO Notification(Patient_id, Date, Event, Sound) VALUES ((SELECT CURRVAL('Patient_patient_id_seq') ), '2015-07-29 07:14:02' , 'Short perhaps book woman past even often.' , 4 );
INSERT INTO Payment(Patient_id, Date, Description, Amount) VALUES ((SELECT CURRVAL('Patient_patient_id_seq') ), '2019-11-01 07:58:08' , 'Explain throughout require professional trade.' , 6656743 );
INSERT INTO Payment(Patient_id, Date, Description, Amount) VALUES ((SELECT CURRVAL('Patient_patient_id_seq') ), '2013-12-27 19:30:26' , 'Assume response war beautiful city up administration.' , 3529553 );
INSERT INTO Account(Login, Password, Permission_level, Date_of_creation, Last_time_online) VALUES ('richardchandler','1tLSKFNn_o' , 5 , '2016-03-21 07:48:46' , '2019-11-24 04:47:29');
INSERT INTO Patient(Account_id, Full_name, Address, Date_of_birth, Passport_number, Insurance_policy_number, Credit_card_number, Age) VALUES ((SELECT CURRVAL('account_account_id_seq') ),'Bruce Blevins' , '0660 Thomas Throughway , Kellymouth, NH 44125' , '2003-09-19' , 18911657 , '46-0544886' , '5338504155803375' , '16' );
INSERT INTO Appointment(Doctor_id, Patient_id, Room, Date, Price) VALUES ( (SELECT floor(random() * ( (SELECT CURRVAL('Doctor_doctor_id_seq')) ) + 1 )) , (SELECT CURRVAL('Patient_patient_id_seq') ), 238 , '2018-08-18 04:03:35' , 354 );
INSERT INTO Appointment(Doctor_id, Patient_id, Room, Date, Price) VALUES ( (SELECT floor(random() * ( (SELECT CURRVAL('Doctor_doctor_id_seq')) ) + 1 )) , (SELECT CURRVAL('Patient_patient_id_seq') ), 514 , '2018-01-07 07:22:42' , 67 );
INSERT INTO Appointment(Doctor_id, Patient_id, Room, Date, Price) VALUES ( (SELECT floor(random() * ( (SELECT CURRVAL('Doctor_doctor_id_seq')) ) + 1 )) , (SELECT CURRVAL('Patient_patient_id_seq') ), 798 , '2017-02-10 07:57:01' , 891 );
INSERT INTO Appointment(Doctor_id, Patient_id, Room, Date, Price) VALUES ( (SELECT floor(random() * ( (SELECT CURRVAL('Doctor_doctor_id_seq')) ) + 1 )) , (SELECT CURRVAL('Patient_patient_id_seq') ), 567 , '2015-08-20 02:01:28' , 267 );
INSERT INTO Appointment(Doctor_id, Patient_id, Room, Date, Price) VALUES ( (SELECT floor(random() * ( (SELECT CURRVAL('Doctor_doctor_id_seq')) ) + 1 )) , (SELECT CURRVAL('Patient_patient_id_seq') ), 698 , '2017-04-27 17:24:58' , 820 );
INSERT INTO Medical_record(Patient_id, Creation_date, Diagnosis, Prescription) VALUES ((SELECT CURRVAL('Patient_patient_id_seq') ), '2018-12-05 12:22:21' , 'Anxiety' , 'Lithium Carbonate' );
INSERT INTO Notification(Patient_id, Date, Event, Sound) VALUES ((SELECT CURRVAL('Patient_patient_id_seq') ), '2016-09-14 12:34:17' , 'True window industry to main onto.' , 5 );
INSERT INTO Notification(Patient_id, Date, Event, Sound) VALUES ((SELECT CURRVAL('Patient_patient_id_seq') ), '2019-04-25 13:54:27' , 'Thank thing responsibility issue third.' , 9 );
INSERT INTO Payment(Patient_id, Date, Description, Amount) VALUES ((SELECT CURRVAL('Patient_patient_id_seq') ), '2017-01-27 05:17:30' , 'Bit sense city though dream mouth.' , 5484245 );
INSERT INTO Payment(Patient_id, Date, Description, Amount) VALUES ((SELECT CURRVAL('Patient_patient_id_seq') ), '2013-05-27 00:29:59' , 'Blue hundred yourself.' , 898445 );
INSERT INTO Account(Login, Password, Permission_level, Date_of_creation, Last_time_online) VALUES ('rogersdarrell','^GWI3Gst&4' , 5 , '2013-06-09 02:25:32' , '2019-11-20 13:10:10');
INSERT INTO Patient(Account_id, Full_name, Address, Date_of_birth, Passport_number, Insurance_policy_number, Credit_card_number, Age) VALUES ((SELECT CURRVAL('account_account_id_seq') ),'Thomas Reynolds' , '4148 Rice Falls Suite 141 , Cartertown, WY 66611' , '1984-05-14' , 47939677 , '14-1476730' , '2720608051877269' , '35' );
INSERT INTO Appointment(Doctor_id, Patient_id, Room, Date, Price) VALUES ( (SELECT floor(random() * ( (SELECT CURRVAL('Doctor_doctor_id_seq')) ) + 1 )) , (SELECT CURRVAL('Patient_patient_id_seq') ), 226 , '2016-02-24 18:01:05' , 247 );
INSERT INTO Appointment(Doctor_id, Patient_id, Room, Date, Price) VALUES ( (SELECT floor(random() * ( (SELECT CURRVAL('Doctor_doctor_id_seq')) ) + 1 )) , (SELECT CURRVAL('Patient_patient_id_seq') ), 319 , '2017-10-09 00:48:01' , 562 );
INSERT INTO Appointment(Doctor_id, Patient_id, Room, Date, Price) VALUES ( (SELECT floor(random() * ( (SELECT CURRVAL('Doctor_doctor_id_seq')) ) + 1 )) , (SELECT CURRVAL('Patient_patient_id_seq') ), 921 , '2017-10-21 20:38:13' , 569 );
INSERT INTO Appointment(Doctor_id, Patient_id, Room, Date, Price) VALUES ( (SELECT floor(random() * ( (SELECT CURRVAL('Doctor_doctor_id_seq')) ) + 1 )) , (SELECT CURRVAL('Patient_patient_id_seq') ), 336 , '2014-04-12 21:15:23' , 849 );
INSERT INTO Appointment(Doctor_id, Patient_id, Room, Date, Price) VALUES ( (SELECT floor(random() * ( (SELECT CURRVAL('Doctor_doctor_id_seq')) ) + 1 )) , (SELECT CURRVAL('Patient_patient_id_seq') ), 912 , '2015-06-01 19:28:41' , 832 );
INSERT INTO Medical_record(Patient_id, Creation_date, Diagnosis, Prescription) VALUES ((SELECT CURRVAL('Patient_patient_id_seq') ), '2013-04-21 22:02:00' , 'Visual refractive errors' , 'Cardizem CD' );
INSERT INTO Notification(Patient_id, Date, Event, Sound) VALUES ((SELECT CURRVAL('Patient_patient_id_seq') ), '2014-08-01 04:35:33' , 'Artist woman they toward statement.' , 4 );
INSERT INTO Notification(Patient_id, Date, Event, Sound) VALUES ((SELECT CURRVAL('Patient_patient_id_seq') ), '2014-04-17 02:14:39' , 'More drive property property conference very impact.' , 2 );
INSERT INTO Payment(Patient_id, Date, Description, Amount) VALUES ((SELECT CURRVAL('Patient_patient_id_seq') ), '2011-12-04 20:43:11' , 'Company tough stand join.' , 7408877 );
INSERT INTO Payment(Patient_id, Date, Description, Amount) VALUES ((SELECT CURRVAL('Patient_patient_id_seq') ), '2016-09-09 06:44:43' , 'Easy dark they laugh choose.' , 6781766 );
INSERT INTO Account(Login, Password, Permission_level, Date_of_creation, Last_time_online) VALUES ('therrera','D038#Kv9^P' , 5 , '2017-07-06 08:03:28' , '2019-11-20 05:22:34');
INSERT INTO Patient(Account_id, Full_name, Address, Date_of_birth, Passport_number, Insurance_policy_number, Credit_card_number, Age) VALUES ((SELECT CURRVAL('account_account_id_seq') ),'Mary Richard' , '923 Kelsey Parkway , New Brianview, SD 93978' , '1964-03-01' , 74959778 , '24-4798662' , '2630100238098703' , '55' );
INSERT INTO Appointment(Doctor_id, Patient_id, Room, Date, Price) VALUES ( (SELECT floor(random() * ( (SELECT CURRVAL('Doctor_doctor_id_seq')) ) + 1 )) , (SELECT CURRVAL('Patient_patient_id_seq') ), 131 , '2019-07-27 11:47:18' , 213 );
INSERT INTO Appointment(Doctor_id, Patient_id, Room, Date, Price) VALUES ( (SELECT floor(random() * ( (SELECT CURRVAL('Doctor_doctor_id_seq')) ) + 1 )) , (SELECT CURRVAL('Patient_patient_id_seq') ), 878 , '2010-11-20 02:27:03' , 660 );
INSERT INTO Appointment(Doctor_id, Patient_id, Room, Date, Price) VALUES ( (SELECT floor(random() * ( (SELECT CURRVAL('Doctor_doctor_id_seq')) ) + 1 )) , (SELECT CURRVAL('Patient_patient_id_seq') ), 521 , '2018-02-26 08:18:41' , 200 );
INSERT INTO Appointment(Doctor_id, Patient_id, Room, Date, Price) VALUES ( (SELECT floor(random() * ( (SELECT CURRVAL('Doctor_doctor_id_seq')) ) + 1 )) , (SELECT CURRVAL('Patient_patient_id_seq') ), 306 , '2015-02-26 18:56:55' , 4 );
INSERT INTO Appointment(Doctor_id, Patient_id, Room, Date, Price) VALUES ( (SELECT floor(random() * ( (SELECT CURRVAL('Doctor_doctor_id_seq')) ) + 1 )) , (SELECT CURRVAL('Patient_patient_id_seq') ), 361 , '2011-01-02 15:17:17' , 642 );
INSERT INTO Medical_record(Patient_id, Creation_date, Diagnosis, Prescription) VALUES ((SELECT CURRVAL('Patient_patient_id_seq') ), '2017-04-16 09:47:22' , 'Acute maxillary sinusitis' , 'Cardizem CD' );
INSERT INTO Notification(Patient_id, Date, Event, Sound) VALUES ((SELECT CURRVAL('Patient_patient_id_seq') ), '2012-05-04 08:39:30' , 'Represent score phone always short bring happy home.' , 1 );
INSERT INTO Notification(Patient_id, Date, Event, Sound) VALUES ((SELECT CURRVAL('Patient_patient_id_seq') ), '2017-05-30 15:09:10' , 'Entire dinner food explain green.' , 4 );
INSERT INTO Payment(Patient_id, Date, Description, Amount) VALUES ((SELECT CURRVAL('Patient_patient_id_seq') ), '2018-07-17 22:27:45' , 'Its hear sense teacher later spring right.' , 3544799 );
INSERT INTO Payment(Patient_id, Date, Description, Amount) VALUES ((SELECT CURRVAL('Patient_patient_id_seq') ), '2018-07-02 03:02:59' , 'Bad amount hear.' , 2388962 );
INSERT INTO Account(Login, Password, Permission_level, Date_of_creation, Last_time_online) VALUES ('matthewjohnson','^%9RDJBqlD' , 5 , '2015-06-11 12:07:12' , '2019-11-23 07:52:06');
INSERT INTO Patient(Account_id, Full_name, Address, Date_of_birth, Passport_number, Insurance_policy_number, Credit_card_number, Age) VALUES ((SELECT CURRVAL('account_account_id_seq') ),'Levi Jones' , '5301 Wilson Center , South Nicholefort, VT 55661' , '1972-06-14' , 95767680 , '37-7791932' , '5431811767950593' , '47' );
INSERT INTO Appointment(Doctor_id, Patient_id, Room, Date, Price) VALUES ( (SELECT floor(random() * ( (SELECT CURRVAL('Doctor_doctor_id_seq')) ) + 1 )) , (SELECT CURRVAL('Patient_patient_id_seq') ), 399 , '2012-07-06 20:50:02' , 866 );
INSERT INTO Appointment(Doctor_id, Patient_id, Room, Date, Price) VALUES ( (SELECT floor(random() * ( (SELECT CURRVAL('Doctor_doctor_id_seq')) ) + 1 )) , (SELECT CURRVAL('Patient_patient_id_seq') ), 209 , '2016-04-27 22:44:48' , 62 );
INSERT INTO Appointment(Doctor_id, Patient_id, Room, Date, Price) VALUES ( (SELECT floor(random() * ( (SELECT CURRVAL('Doctor_doctor_id_seq')) ) + 1 )) , (SELECT CURRVAL('Patient_patient_id_seq') ), 435 , '2016-03-12 18:16:11' , 422 );
INSERT INTO Appointment(Doctor_id, Patient_id, Room, Date, Price) VALUES ( (SELECT floor(random() * ( (SELECT CURRVAL('Doctor_doctor_id_seq')) ) + 1 )) , (SELECT CURRVAL('Patient_patient_id_seq') ), 386 , '2019-09-21 11:24:52' , 691 );
INSERT INTO Appointment(Doctor_id, Patient_id, Room, Date, Price) VALUES ( (SELECT floor(random() * ( (SELECT CURRVAL('Doctor_doctor_id_seq')) ) + 1 )) , (SELECT CURRVAL('Patient_patient_id_seq') ), 33 , '2017-10-11 19:41:02' , 876 );
INSERT INTO Medical_record(Patient_id, Creation_date, Diagnosis, Prescription) VALUES ((SELECT CURRVAL('Patient_patient_id_seq') ), '2014-05-02 22:00:26' , 'Hypothyroidism' , 'Cotton Seed' );
INSERT INTO Notification(Patient_id, Date, Event, Sound) VALUES ((SELECT CURRVAL('Patient_patient_id_seq') ), '2013-03-29 06:49:28' , 'Pay outside building adult story lay sing.' , 7 );
INSERT INTO Notification(Patient_id, Date, Event, Sound) VALUES ((SELECT CURRVAL('Patient_patient_id_seq') ), '2018-09-09 22:03:56' , 'Race they drug policy themselves.' , 4 );
INSERT INTO Payment(Patient_id, Date, Description, Amount) VALUES ((SELECT CURRVAL('Patient_patient_id_seq') ), '2016-08-16 05:31:49' , 'Many thought condition.' , 7704267 );
INSERT INTO Payment(Patient_id, Date, Description, Amount) VALUES ((SELECT CURRVAL('Patient_patient_id_seq') ), '2014-04-07 01:50:50' , 'Her you and.' , 5090536 );
INSERT INTO Account(Login, Password, Permission_level, Date_of_creation, Last_time_online) VALUES ('zfrazier','Q9!UV)rr_S' , 5 , '2010-11-17 16:46:41' , '2019-11-23 16:55:51');
INSERT INTO Patient(Account_id, Full_name, Address, Date_of_birth, Passport_number, Insurance_policy_number, Credit_card_number, Age) VALUES ((SELECT CURRVAL('account_account_id_seq') ),'Melanie Stephenson MD' , '306 Joseph Course , Elizabethtown, AZ 02893' , '1937-12-04' , 92097056 , '77-9921948' , '2542257044061593' , '81' );
INSERT INTO Appointment(Doctor_id, Patient_id, Room, Date, Price) VALUES ( (SELECT floor(random() * ( (SELECT CURRVAL('Doctor_doctor_id_seq')) ) + 1 )) , (SELECT CURRVAL('Patient_patient_id_seq') ), 377 , '2018-11-08 04:35:11' , 450 );
INSERT INTO Appointment(Doctor_id, Patient_id, Room, Date, Price) VALUES ( (SELECT floor(random() * ( (SELECT CURRVAL('Doctor_doctor_id_seq')) ) + 1 )) , (SELECT CURRVAL('Patient_patient_id_seq') ), 695 , '2017-08-25 23:10:22' , 291 );
INSERT INTO Appointment(Doctor_id, Patient_id, Room, Date, Price) VALUES ( (SELECT floor(random() * ( (SELECT CURRVAL('Doctor_doctor_id_seq')) ) + 1 )) , (SELECT CURRVAL('Patient_patient_id_seq') ), 806 , '2017-11-05 14:43:05' , 714 );
INSERT INTO Appointment(Doctor_id, Patient_id, Room, Date, Price) VALUES ( (SELECT floor(random() * ( (SELECT CURRVAL('Doctor_doctor_id_seq')) ) + 1 )) , (SELECT CURRVAL('Patient_patient_id_seq') ), 38 , '2015-03-26 07:13:26' , 408 );
INSERT INTO Appointment(Doctor_id, Patient_id, Room, Date, Price) VALUES ( (SELECT floor(random() * ( (SELECT CURRVAL('Doctor_doctor_id_seq')) ) + 1 )) , (SELECT CURRVAL('Patient_patient_id_seq') ), 675 , '2012-09-07 09:50:09' , 127 );
INSERT INTO Medical_record(Patient_id, Creation_date, Diagnosis, Prescription) VALUES ((SELECT CURRVAL('Patient_patient_id_seq') ), '2014-02-26 01:06:03' , 'General medical exam' , 'Clindamycin' );
INSERT INTO Notification(Patient_id, Date, Event, Sound) VALUES ((SELECT CURRVAL('Patient_patient_id_seq') ), '2011-07-14 00:16:20' , 'Wide interest mention put myself.' , 10 );
INSERT INTO Notification(Patient_id, Date, Event, Sound) VALUES ((SELECT CURRVAL('Patient_patient_id_seq') ), '2016-04-03 09:47:34' , 'Ahead crime her benefit.' , 10 );
INSERT INTO Payment(Patient_id, Date, Description, Amount) VALUES ((SELECT CURRVAL('Patient_patient_id_seq') ), '2015-12-23 15:21:29' , 'My light character prepare enough.' , 266795 );
INSERT INTO Payment(Patient_id, Date, Description, Amount) VALUES ((SELECT CURRVAL('Patient_patient_id_seq') ), '2017-04-27 10:19:15' , 'Truth herself job coach resource.' , 3611758 );
INSERT INTO Account(Login, Password, Permission_level, Date_of_creation, Last_time_online) VALUES ('derek49','1yeUEpgs(f' , 5 , '2009-12-04 09:04:07' , '2019-11-21 14:07:54');
INSERT INTO Patient(Account_id, Full_name, Address, Date_of_birth, Passport_number, Insurance_policy_number, Credit_card_number, Age) VALUES ((SELECT CURRVAL('account_account_id_seq') ),'Michaela Nguyen' , '628 Morales Keys , Mcdanielberg, KY 31738' , '1908-12-07' , 62881470 , '64-6270517' , '2222522655567064' , '110' );
INSERT INTO Appointment(Doctor_id, Patient_id, Room, Date, Price) VALUES ( (SELECT floor(random() * ( (SELECT CURRVAL('Doctor_doctor_id_seq')) ) + 1 )) , (SELECT CURRVAL('Patient_patient_id_seq') ), 775 , '2016-01-05 14:30:27' , 776 );
INSERT INTO Appointment(Doctor_id, Patient_id, Room, Date, Price) VALUES ( (SELECT floor(random() * ( (SELECT CURRVAL('Doctor_doctor_id_seq')) ) + 1 )) , (SELECT CURRVAL('Patient_patient_id_seq') ), 155 , '2018-01-31 23:53:33' , 890 );
INSERT INTO Appointment(Doctor_id, Patient_id, Room, Date, Price) VALUES ( (SELECT floor(random() * ( (SELECT CURRVAL('Doctor_doctor_id_seq')) ) + 1 )) , (SELECT CURRVAL('Patient_patient_id_seq') ), 23 , '2011-03-27 23:38:54' , 665 );
INSERT INTO Appointment(Doctor_id, Patient_id, Room, Date, Price) VALUES ( (SELECT floor(random() * ( (SELECT CURRVAL('Doctor_doctor_id_seq')) ) + 1 )) , (SELECT CURRVAL('Patient_patient_id_seq') ), 829 , '2014-10-09 15:21:36' , 479 );
INSERT INTO Appointment(Doctor_id, Patient_id, Room, Date, Price) VALUES ( (SELECT floor(random() * ( (SELECT CURRVAL('Doctor_doctor_id_seq')) ) + 1 )) , (SELECT CURRVAL('Patient_patient_id_seq') ), 84 , '2010-01-20 15:36:44' , 880 );
INSERT INTO Medical_record(Patient_id, Creation_date, Diagnosis, Prescription) VALUES ((SELECT CURRVAL('Patient_patient_id_seq') ), '2018-02-28 14:21:59' , 'Coronary atherosclerosis' , 'home sense' );
INSERT INTO Notification(Patient_id, Date, Event, Sound) VALUES ((SELECT CURRVAL('Patient_patient_id_seq') ), '2019-05-13 16:36:04' , 'Congress would voice necessary control other.' , 5 );
INSERT INTO Notification(Patient_id, Date, Event, Sound) VALUES ((SELECT CURRVAL('Patient_patient_id_seq') ), '2015-07-28 10:34:11' , 'During must bit know degree environmental.' , 6 );
INSERT INTO Payment(Patient_id, Date, Description, Amount) VALUES ((SELECT CURRVAL('Patient_patient_id_seq') ), '2018-10-14 11:38:48' , 'Here hundred event music.' , 282300 );
INSERT INTO Payment(Patient_id, Date, Description, Amount) VALUES ((SELECT CURRVAL('Patient_patient_id_seq') ), '2013-04-12 05:40:15' , 'Sport share particular what there often according.' , 1918730 );
INSERT INTO Account(Login, Password, Permission_level, Date_of_creation, Last_time_online) VALUES ('laura13','n@4ZL0y7bh' , 5 , '2012-06-03 20:37:14' , '2019-11-24 06:27:00');
INSERT INTO Patient(Account_id, Full_name, Address, Date_of_birth, Passport_number, Insurance_policy_number, Credit_card_number, Age) VALUES ((SELECT CURRVAL('account_account_id_seq') ),'Tammy Cole' , '59710 Bryan Park , Lake Lisamouth, HI 29960' , '1971-10-06' , 46282897 , '74-4969146' , '5517923748426325' , '48' );
INSERT INTO Appointment(Doctor_id, Patient_id, Room, Date, Price) VALUES ( (SELECT floor(random() * ( (SELECT CURRVAL('Doctor_doctor_id_seq')) ) + 1 )) , (SELECT CURRVAL('Patient_patient_id_seq') ), 313 , '2019-07-28 06:04:34' , 152 );
INSERT INTO Appointment(Doctor_id, Patient_id, Room, Date, Price) VALUES ( (SELECT floor(random() * ( (SELECT CURRVAL('Doctor_doctor_id_seq')) ) + 1 )) , (SELECT CURRVAL('Patient_patient_id_seq') ), 442 , '2018-02-18 15:32:01' , 926 );
INSERT INTO Appointment(Doctor_id, Patient_id, Room, Date, Price) VALUES ( (SELECT floor(random() * ( (SELECT CURRVAL('Doctor_doctor_id_seq')) ) + 1 )) , (SELECT CURRVAL('Patient_patient_id_seq') ), 192 , '2012-08-01 11:43:09' , 289 );
INSERT INTO Appointment(Doctor_id, Patient_id, Room, Date, Price) VALUES ( (SELECT floor(random() * ( (SELECT CURRVAL('Doctor_doctor_id_seq')) ) + 1 )) , (SELECT CURRVAL('Patient_patient_id_seq') ), 975 , '2012-08-01 07:23:51' , 174 );
INSERT INTO Appointment(Doctor_id, Patient_id, Room, Date, Price) VALUES ( (SELECT floor(random() * ( (SELECT CURRVAL('Doctor_doctor_id_seq')) ) + 1 )) , (SELECT CURRVAL('Patient_patient_id_seq') ), 202 , '2010-04-26 05:35:56' , 217 );
INSERT INTO Medical_record(Patient_id, Creation_date, Diagnosis, Prescription) VALUES ((SELECT CURRVAL('Patient_patient_id_seq') ), '2013-07-26 00:17:13' , 'Depressive disorder' , 'Quetiapine Fumarate' );
INSERT INTO Notification(Patient_id, Date, Event, Sound) VALUES ((SELECT CURRVAL('Patient_patient_id_seq') ), '2010-05-24 22:20:22' , 'Well later kind staff hour particular.' , 1 );
INSERT INTO Notification(Patient_id, Date, Event, Sound) VALUES ((SELECT CURRVAL('Patient_patient_id_seq') ), '2018-02-05 10:03:32' , 'Discussion health he similar trade.' , 2 );
INSERT INTO Payment(Patient_id, Date, Description, Amount) VALUES ((SELECT CURRVAL('Patient_patient_id_seq') ), '2018-06-06 11:32:45' , 'Always president leader contain win seem already.' , 5686395 );
INSERT INTO Payment(Patient_id, Date, Description, Amount) VALUES ((SELECT CURRVAL('Patient_patient_id_seq') ), '2015-05-17 05:49:14' , 'Truth knowledge reduce instead him key.' , 1540998 );
INSERT INTO Account(Login, Password, Permission_level, Date_of_creation, Last_time_online) VALUES ('brockadam','3WjYfr!k^2' , 5 , '2019-04-06 08:09:19' , '2019-11-24 07:20:24');
INSERT INTO Patient(Account_id, Full_name, Address, Date_of_birth, Passport_number, Insurance_policy_number, Credit_card_number, Age) VALUES ((SELECT CURRVAL('account_account_id_seq') ),'Corey Bowen' , '140 Maddox Walks Suite 282 , North Tony, MD 06441' , '1913-07-23' , 26319438 , '77-8134192' , '5244982886634579' , '106' );
INSERT INTO Appointment(Doctor_id, Patient_id, Room, Date, Price) VALUES ( (SELECT floor(random() * ( (SELECT CURRVAL('Doctor_doctor_id_seq')) ) + 1 )) , (SELECT CURRVAL('Patient_patient_id_seq') ), 380 , '2012-06-18 05:14:18' , 606 );
INSERT INTO Appointment(Doctor_id, Patient_id, Room, Date, Price) VALUES ( (SELECT floor(random() * ( (SELECT CURRVAL('Doctor_doctor_id_seq')) ) + 1 )) , (SELECT CURRVAL('Patient_patient_id_seq') ), 276 , '2010-01-17 21:47:58' , 877 );
INSERT INTO Appointment(Doctor_id, Patient_id, Room, Date, Price) VALUES ( (SELECT floor(random() * ( (SELECT CURRVAL('Doctor_doctor_id_seq')) ) + 1 )) , (SELECT CURRVAL('Patient_patient_id_seq') ), 397 , '2015-12-09 00:54:00' , 417 );
INSERT INTO Appointment(Doctor_id, Patient_id, Room, Date, Price) VALUES ( (SELECT floor(random() * ( (SELECT CURRVAL('Doctor_doctor_id_seq')) ) + 1 )) , (SELECT CURRVAL('Patient_patient_id_seq') ), 986 , '2017-12-17 13:01:04' , 504 );
INSERT INTO Appointment(Doctor_id, Patient_id, Room, Date, Price) VALUES ( (SELECT floor(random() * ( (SELECT CURRVAL('Doctor_doctor_id_seq')) ) + 1 )) , (SELECT CURRVAL('Patient_patient_id_seq') ), 290 , '2017-09-18 05:39:21' , 332 );
INSERT INTO Medical_record(Patient_id, Creation_date, Diagnosis, Prescription) VALUES ((SELECT CURRVAL('Patient_patient_id_seq') ), '2014-01-20 07:25:27' , 'Acute bronchitis' , 'Cotton Seed' );
INSERT INTO Notification(Patient_id, Date, Event, Sound) VALUES ((SELECT CURRVAL('Patient_patient_id_seq') ), '2016-01-26 14:11:16' , 'Performance together change talk dark material view.' , 6 );
INSERT INTO Notification(Patient_id, Date, Event, Sound) VALUES ((SELECT CURRVAL('Patient_patient_id_seq') ), '2015-08-20 01:08:53' , 'Win bring perform.' , 4 );
INSERT INTO Payment(Patient_id, Date, Description, Amount) VALUES ((SELECT CURRVAL('Patient_patient_id_seq') ), '2014-12-08 20:42:10' , 'Kind to bar right force first.' , 5701987 );
INSERT INTO Payment(Patient_id, Date, Description, Amount) VALUES ((SELECT CURRVAL('Patient_patient_id_seq') ), '2019-11-03 07:21:25' , 'Already around ten order view foot into.' , 8943990 );
INSERT INTO Account(Login, Password, Permission_level, Date_of_creation, Last_time_online) VALUES ('nixontyrone',')+7EDnV(^(' , 5 , '2010-02-09 06:59:56' , '2019-11-20 18:01:02');
INSERT INTO Patient(Account_id, Full_name, Address, Date_of_birth, Passport_number, Insurance_policy_number, Credit_card_number, Age) VALUES ((SELECT CURRVAL('account_account_id_seq') ),'Catherine Green' , '08153 Christopher Ports Apt. 667 , Port Deborahville, NH 30941' , '1932-09-08' , 48427500 , '67-5951413' , '2720157757194546' , '87' );
INSERT INTO Appointment(Doctor_id, Patient_id, Room, Date, Price) VALUES ( (SELECT floor(random() * ( (SELECT CURRVAL('Doctor_doctor_id_seq')) ) + 1 )) , (SELECT CURRVAL('Patient_patient_id_seq') ), 589 , '2016-08-09 18:05:52' , 682 );
INSERT INTO Appointment(Doctor_id, Patient_id, Room, Date, Price) VALUES ( (SELECT floor(random() * ( (SELECT CURRVAL('Doctor_doctor_id_seq')) ) + 1 )) , (SELECT CURRVAL('Patient_patient_id_seq') ), 314 , '2016-04-20 07:38:44' , 893 );
INSERT INTO Appointment(Doctor_id, Patient_id, Room, Date, Price) VALUES ( (SELECT floor(random() * ( (SELECT CURRVAL('Doctor_doctor_id_seq')) ) + 1 )) , (SELECT CURRVAL('Patient_patient_id_seq') ), 677 , '2014-05-24 11:19:01' , 812 );
INSERT INTO Appointment(Doctor_id, Patient_id, Room, Date, Price) VALUES ( (SELECT floor(random() * ( (SELECT CURRVAL('Doctor_doctor_id_seq')) ) + 1 )) , (SELECT CURRVAL('Patient_patient_id_seq') ), 50 , '2018-02-22 12:32:00' , 982 );
INSERT INTO Appointment(Doctor_id, Patient_id, Room, Date, Price) VALUES ( (SELECT floor(random() * ( (SELECT CURRVAL('Doctor_doctor_id_seq')) ) + 1 )) , (SELECT CURRVAL('Patient_patient_id_seq') ), 615 , '2016-06-06 12:29:30' , 857 );
INSERT INTO Medical_record(Patient_id, Creation_date, Diagnosis, Prescription) VALUES ((SELECT CURRVAL('Patient_patient_id_seq') ), '2012-09-18 02:09:59' , 'Acute maxillary sinusitis' , 'Cotton Seed' );
INSERT INTO Notification(Patient_id, Date, Event, Sound) VALUES ((SELECT CURRVAL('Patient_patient_id_seq') ), '2010-06-10 20:47:23' , 'Yet interview feel radio than news those.' , 0 );
INSERT INTO Notification(Patient_id, Date, Event, Sound) VALUES ((SELECT CURRVAL('Patient_patient_id_seq') ), '2017-03-24 17:55:31' , 'Stuff put standard fund left.' , 0 );
INSERT INTO Payment(Patient_id, Date, Description, Amount) VALUES ((SELECT CURRVAL('Patient_patient_id_seq') ), '2013-09-27 06:21:20' , 'Certainly science toward sing.' , 4855143 );
INSERT INTO Payment(Patient_id, Date, Description, Amount) VALUES ((SELECT CURRVAL('Patient_patient_id_seq') ), '2011-03-13 09:32:33' , 'List article woman people without mission recent respond.' , 2712518 );
INSERT INTO Account(Login, Password, Permission_level, Date_of_creation, Last_time_online) VALUES ('lauraadkins','S^+6BJgX)a' , 5 , '2011-05-27 15:38:23' , '2019-11-20 20:56:52');
INSERT INTO Patient(Account_id, Full_name, Address, Date_of_birth, Passport_number, Insurance_policy_number, Credit_card_number, Age) VALUES ((SELECT CURRVAL('account_account_id_seq') ),'John Crawford' , '67378 West Islands , Michaelton, MN 89495' , '1915-03-20' , 55079808 , '01-9957138' , '5369674300286347' , '104' );
INSERT INTO Appointment(Doctor_id, Patient_id, Room, Date, Price) VALUES ( (SELECT floor(random() * ( (SELECT CURRVAL('Doctor_doctor_id_seq')) ) + 1 )) , (SELECT CURRVAL('Patient_patient_id_seq') ), 827 , '2011-01-24 22:53:07' , 244 );
INSERT INTO Appointment(Doctor_id, Patient_id, Room, Date, Price) VALUES ( (SELECT floor(random() * ( (SELECT CURRVAL('Doctor_doctor_id_seq')) ) + 1 )) , (SELECT CURRVAL('Patient_patient_id_seq') ), 330 , '2017-09-16 16:48:41' , 909 );
INSERT INTO Appointment(Doctor_id, Patient_id, Room, Date, Price) VALUES ( (SELECT floor(random() * ( (SELECT CURRVAL('Doctor_doctor_id_seq')) ) + 1 )) , (SELECT CURRVAL('Patient_patient_id_seq') ), 739 , '2016-05-20 20:39:34' , 542 );
INSERT INTO Appointment(Doctor_id, Patient_id, Room, Date, Price) VALUES ( (SELECT floor(random() * ( (SELECT CURRVAL('Doctor_doctor_id_seq')) ) + 1 )) , (SELECT CURRVAL('Patient_patient_id_seq') ), 249 , '2016-10-13 10:50:08' , 124 );
INSERT INTO Appointment(Doctor_id, Patient_id, Room, Date, Price) VALUES ( (SELECT floor(random() * ( (SELECT CURRVAL('Doctor_doctor_id_seq')) ) + 1 )) , (SELECT CURRVAL('Patient_patient_id_seq') ), 21 , '2018-07-05 03:55:12' , 874 );
INSERT INTO Medical_record(Patient_id, Creation_date, Diagnosis, Prescription) VALUES ((SELECT CURRVAL('Patient_patient_id_seq') ), '2019-08-07 21:11:11' , 'Visual refractive errors' , 'Antibacterial Foam' );
INSERT INTO Notification(Patient_id, Date, Event, Sound) VALUES ((SELECT CURRVAL('Patient_patient_id_seq') ), '2014-06-24 08:10:12' , 'Generation population establish music address.' , 3 );
INSERT INTO Notification(Patient_id, Date, Event, Sound) VALUES ((SELECT CURRVAL('Patient_patient_id_seq') ), '2017-06-09 06:46:50' , 'As beautiful talk travel country agreement those.' , 4 );
INSERT INTO Payment(Patient_id, Date, Description, Amount) VALUES ((SELECT CURRVAL('Patient_patient_id_seq') ), '2011-10-25 01:30:24' , 'Lay call those fall table scene.' , 9273668 );
INSERT INTO Payment(Patient_id, Date, Description, Amount) VALUES ((SELECT CURRVAL('Patient_patient_id_seq') ), '2017-02-21 00:05:53' , 'Performance force with cup see court event.' , 5012981 );
INSERT INTO Account(Login, Password, Permission_level, Date_of_creation, Last_time_online) VALUES ('wsnyder','t%2GJD1s$P' , 5 , '2019-11-21 14:04:33' , '2019-11-20 17:09:25');
INSERT INTO Patient(Account_id, Full_name, Address, Date_of_birth, Passport_number, Insurance_policy_number, Credit_card_number, Age) VALUES ((SELECT CURRVAL('account_account_id_seq') ),'Tamara Carpenter' , '5032 Jennifer Path , North Brooke, FL 06547' , '1952-03-07' , 36404162 , '41-2234029' , '2708017372190764' , '67' );
INSERT INTO Appointment(Doctor_id, Patient_id, Room, Date, Price) VALUES ( (SELECT floor(random() * ( (SELECT CURRVAL('Doctor_doctor_id_seq')) ) + 1 )) , (SELECT CURRVAL('Patient_patient_id_seq') ), 737 , '2010-03-18 01:47:35' , 210 );
INSERT INTO Appointment(Doctor_id, Patient_id, Room, Date, Price) VALUES ( (SELECT floor(random() * ( (SELECT CURRVAL('Doctor_doctor_id_seq')) ) + 1 )) , (SELECT CURRVAL('Patient_patient_id_seq') ), 199 , '2016-11-24 23:13:25' , 653 );
INSERT INTO Appointment(Doctor_id, Patient_id, Room, Date, Price) VALUES ( (SELECT floor(random() * ( (SELECT CURRVAL('Doctor_doctor_id_seq')) ) + 1 )) , (SELECT CURRVAL('Patient_patient_id_seq') ), 768 , '2018-03-24 05:56:18' , 770 );
INSERT INTO Appointment(Doctor_id, Patient_id, Room, Date, Price) VALUES ( (SELECT floor(random() * ( (SELECT CURRVAL('Doctor_doctor_id_seq')) ) + 1 )) , (SELECT CURRVAL('Patient_patient_id_seq') ), 159 , '2013-02-13 12:48:34' , 822 );
INSERT INTO Appointment(Doctor_id, Patient_id, Room, Date, Price) VALUES ( (SELECT floor(random() * ( (SELECT CURRVAL('Doctor_doctor_id_seq')) ) + 1 )) , (SELECT CURRVAL('Patient_patient_id_seq') ), 777 , '2017-02-25 01:50:59' , 956 );
INSERT INTO Medical_record(Patient_id, Creation_date, Diagnosis, Prescription) VALUES ((SELECT CURRVAL('Patient_patient_id_seq') ), '2017-08-24 14:25:09' , 'Fibromyalgia / myositis' , 'Cold Sore Complex' );
INSERT INTO Notification(Patient_id, Date, Event, Sound) VALUES ((SELECT CURRVAL('Patient_patient_id_seq') ), '2018-12-24 05:27:43' , 'After get contain true society.' , 4 );
INSERT INTO Notification(Patient_id, Date, Event, Sound) VALUES ((SELECT CURRVAL('Patient_patient_id_seq') ), '2010-05-22 17:19:04' , 'Pattern always at so.' , 8 );
INSERT INTO Payment(Patient_id, Date, Description, Amount) VALUES ((SELECT CURRVAL('Patient_patient_id_seq') ), '2016-03-20 07:42:01' , 'Maybe clear board.' , 148137 );
INSERT INTO Payment(Patient_id, Date, Description, Amount) VALUES ((SELECT CURRVAL('Patient_patient_id_seq') ), '2011-08-11 13:18:11' , 'Recently use somebody much already least.' , 6538269 );
INSERT INTO Account(Login, Password, Permission_level, Date_of_creation, Last_time_online) VALUES ('noah69','x*2HNbsdc*' , 5 , '2016-12-21 05:13:59' , '2019-11-20 08:43:53');
INSERT INTO Patient(Account_id, Full_name, Address, Date_of_birth, Passport_number, Insurance_policy_number, Credit_card_number, Age) VALUES ((SELECT CURRVAL('account_account_id_seq') ),'Olivia Smith' , '6642 Miller Vista Suite 056 , Kirkburgh, AZ 50661' , '1963-03-16' , 43308613 , '59-8774512' , '2280908727562671' , '56' );
INSERT INTO Appointment(Doctor_id, Patient_id, Room, Date, Price) VALUES ( (SELECT floor(random() * ( (SELECT CURRVAL('Doctor_doctor_id_seq')) ) + 1 )) , (SELECT CURRVAL('Patient_patient_id_seq') ), 926 , '2017-10-23 17:25:58' , 96 );
INSERT INTO Appointment(Doctor_id, Patient_id, Room, Date, Price) VALUES ( (SELECT floor(random() * ( (SELECT CURRVAL('Doctor_doctor_id_seq')) ) + 1 )) , (SELECT CURRVAL('Patient_patient_id_seq') ), 965 , '2019-02-19 15:58:02' , 135 );
INSERT INTO Appointment(Doctor_id, Patient_id, Room, Date, Price) VALUES ( (SELECT floor(random() * ( (SELECT CURRVAL('Doctor_doctor_id_seq')) ) + 1 )) , (SELECT CURRVAL('Patient_patient_id_seq') ), 545 , '2010-12-16 04:04:27' , 890 );
INSERT INTO Appointment(Doctor_id, Patient_id, Room, Date, Price) VALUES ( (SELECT floor(random() * ( (SELECT CURRVAL('Doctor_doctor_id_seq')) ) + 1 )) , (SELECT CURRVAL('Patient_patient_id_seq') ), 676 , '2018-11-03 06:56:14' , 13 );
INSERT INTO Appointment(Doctor_id, Patient_id, Room, Date, Price) VALUES ( (SELECT floor(random() * ( (SELECT CURRVAL('Doctor_doctor_id_seq')) ) + 1 )) , (SELECT CURRVAL('Patient_patient_id_seq') ), 406 , '2014-06-21 13:18:55' , 175 );
INSERT INTO Medical_record(Patient_id, Creation_date, Diagnosis, Prescription) VALUES ((SELECT CURRVAL('Patient_patient_id_seq') ), '2015-11-25 05:05:51' , 'Acute bronchitis' , 'CALCAREA FLUORICA' );
INSERT INTO Notification(Patient_id, Date, Event, Sound) VALUES ((SELECT CURRVAL('Patient_patient_id_seq') ), '2010-12-30 19:33:10' , 'Soon back similar quality building practice can town.' , 6 );
INSERT INTO Notification(Patient_id, Date, Event, Sound) VALUES ((SELECT CURRVAL('Patient_patient_id_seq') ), '2016-02-14 00:16:45' , 'Group personal executive.' , 10 );
INSERT INTO Payment(Patient_id, Date, Description, Amount) VALUES ((SELECT CURRVAL('Patient_patient_id_seq') ), '2010-12-25 17:53:57' , 'Bed relationship serve.' , 4012724 );
INSERT INTO Payment(Patient_id, Date, Description, Amount) VALUES ((SELECT CURRVAL('Patient_patient_id_seq') ), '2018-08-10 01:28:10' , 'Senior card face fund.' , 9717708 );
INSERT INTO Account(Login, Password, Permission_level, Date_of_creation, Last_time_online) VALUES ('racheljames','a94^Pvtmn+' , 5 , '2011-02-12 19:43:47' , '2019-11-21 11:26:05');
INSERT INTO Patient(Account_id, Full_name, Address, Date_of_birth, Passport_number, Insurance_policy_number, Credit_card_number, Age) VALUES ((SELECT CURRVAL('account_account_id_seq') ),'Lisa Medina' , '6951 Ross Gateway , South Matthew, VT 05421' , '1955-09-01' , 79774017 , '66-7798707' , '2296309909073383' , '64' );
INSERT INTO Appointment(Doctor_id, Patient_id, Room, Date, Price) VALUES ( (SELECT floor(random() * ( (SELECT CURRVAL('Doctor_doctor_id_seq')) ) + 1 )) , (SELECT CURRVAL('Patient_patient_id_seq') ), 89 , '2015-02-26 09:00:15' , 397 );
INSERT INTO Appointment(Doctor_id, Patient_id, Room, Date, Price) VALUES ( (SELECT floor(random() * ( (SELECT CURRVAL('Doctor_doctor_id_seq')) ) + 1 )) , (SELECT CURRVAL('Patient_patient_id_seq') ), 894 , '2018-04-05 07:43:16' , 408 );
INSERT INTO Appointment(Doctor_id, Patient_id, Room, Date, Price) VALUES ( (SELECT floor(random() * ( (SELECT CURRVAL('Doctor_doctor_id_seq')) ) + 1 )) , (SELECT CURRVAL('Patient_patient_id_seq') ), 479 , '2015-07-08 06:07:09' , 768 );
INSERT INTO Appointment(Doctor_id, Patient_id, Room, Date, Price) VALUES ( (SELECT floor(random() * ( (SELECT CURRVAL('Doctor_doctor_id_seq')) ) + 1 )) , (SELECT CURRVAL('Patient_patient_id_seq') ), 204 , '2016-03-06 18:38:20' , 475 );
INSERT INTO Appointment(Doctor_id, Patient_id, Room, Date, Price) VALUES ( (SELECT floor(random() * ( (SELECT CURRVAL('Doctor_doctor_id_seq')) ) + 1 )) , (SELECT CURRVAL('Patient_patient_id_seq') ), 436 , '2018-05-18 20:05:51' , 324 );
INSERT INTO Medical_record(Patient_id, Creation_date, Diagnosis, Prescription) VALUES ((SELECT CURRVAL('Patient_patient_id_seq') ), '2012-03-27 04:25:11' , 'Depressive disorder' , 'CALCAREA FLUORICA' );
INSERT INTO Notification(Patient_id, Date, Event, Sound) VALUES ((SELECT CURRVAL('Patient_patient_id_seq') ), '2015-12-30 22:29:30' , 'Knowledge prepare per usually offer produce maybe.' , 6 );
INSERT INTO Notification(Patient_id, Date, Event, Sound) VALUES ((SELECT CURRVAL('Patient_patient_id_seq') ), '2012-07-20 19:37:39' , 'Down serve body anyone.' , 6 );
INSERT INTO Payment(Patient_id, Date, Description, Amount) VALUES ((SELECT CURRVAL('Patient_patient_id_seq') ), '2010-01-14 23:14:10' , 'Instead report prevent.' , 8944418 );
INSERT INTO Payment(Patient_id, Date, Description, Amount) VALUES ((SELECT CURRVAL('Patient_patient_id_seq') ), '2015-03-27 23:12:23' , 'Prevent interesting professor much.' , 2784425 );
INSERT INTO Account(Login, Password, Permission_level, Date_of_creation, Last_time_online) VALUES ('gherrera','K07NK_NxS@' , 5 , '2010-01-28 17:27:41' , '2019-11-23 18:31:15');
INSERT INTO Patient(Account_id, Full_name, Address, Date_of_birth, Passport_number, Insurance_policy_number, Credit_card_number, Age) VALUES ((SELECT CURRVAL('account_account_id_seq') ),'Stephanie Mclaughlin' , '1995 Anderson Forest Apt. 808 , Port Joseph, TX 80162' , '1939-10-26' , 80835738 , '76-3376520' , '5391185318597163' , '80' );
INSERT INTO Appointment(Doctor_id, Patient_id, Room, Date, Price) VALUES ( (SELECT floor(random() * ( (SELECT CURRVAL('Doctor_doctor_id_seq')) ) + 1 )) , (SELECT CURRVAL('Patient_patient_id_seq') ), 196 , '2015-03-20 23:15:04' , 628 );
INSERT INTO Appointment(Doctor_id, Patient_id, Room, Date, Price) VALUES ( (SELECT floor(random() * ( (SELECT CURRVAL('Doctor_doctor_id_seq')) ) + 1 )) , (SELECT CURRVAL('Patient_patient_id_seq') ), 294 , '2014-09-01 22:13:41' , 107 );
INSERT INTO Appointment(Doctor_id, Patient_id, Room, Date, Price) VALUES ( (SELECT floor(random() * ( (SELECT CURRVAL('Doctor_doctor_id_seq')) ) + 1 )) , (SELECT CURRVAL('Patient_patient_id_seq') ), 7 , '2014-10-07 21:33:54' , 440 );
INSERT INTO Appointment(Doctor_id, Patient_id, Room, Date, Price) VALUES ( (SELECT floor(random() * ( (SELECT CURRVAL('Doctor_doctor_id_seq')) ) + 1 )) , (SELECT CURRVAL('Patient_patient_id_seq') ), 855 , '2017-08-05 13:48:41' , 742 );
INSERT INTO Appointment(Doctor_id, Patient_id, Room, Date, Price) VALUES ( (SELECT floor(random() * ( (SELECT CURRVAL('Doctor_doctor_id_seq')) ) + 1 )) , (SELECT CURRVAL('Patient_patient_id_seq') ), 773 , '2010-07-02 07:24:43' , 947 );
INSERT INTO Medical_record(Patient_id, Creation_date, Diagnosis, Prescription) VALUES ((SELECT CURRVAL('Patient_patient_id_seq') ), '2011-02-15 15:02:30' , 'Hypothyroidism' , 'Lithium Carbonate' );
INSERT INTO Notification(Patient_id, Date, Event, Sound) VALUES ((SELECT CURRVAL('Patient_patient_id_seq') ), '2011-06-14 21:31:34' , 'Approach amount surface always career rock successful.' , 10 );
INSERT INTO Notification(Patient_id, Date, Event, Sound) VALUES ((SELECT CURRVAL('Patient_patient_id_seq') ), '2012-07-30 03:31:43' , 'Newspaper Democrat son friend Congress none book half.' , 10 );
INSERT INTO Payment(Patient_id, Date, Description, Amount) VALUES ((SELECT CURRVAL('Patient_patient_id_seq') ), '2012-06-22 11:45:01' , 'Across least reality item like decade southern mother.' , 1065634 );
INSERT INTO Payment(Patient_id, Date, Description, Amount) VALUES ((SELECT CURRVAL('Patient_patient_id_seq') ), '2015-03-31 20:37:11' , 'See collection include.' , 5366099 );
INSERT INTO Account(Login, Password, Permission_level, Date_of_creation, Last_time_online) VALUES ('sheila44','f@@6VchZRd' , 5 , '2015-01-20 00:35:22' , '2019-11-24 19:57:47');
INSERT INTO Patient(Account_id, Full_name, Address, Date_of_birth, Passport_number, Insurance_policy_number, Credit_card_number, Age) VALUES ((SELECT CURRVAL('account_account_id_seq') ),'Shane Murphy' , '624 William Brooks , Lake Melissaton, WY 11128' , '1930-06-23' , 90736346 , '68-8145357' , '2231729242206101' , '89' );
INSERT INTO Appointment(Doctor_id, Patient_id, Room, Date, Price) VALUES ( (SELECT floor(random() * ( (SELECT CURRVAL('Doctor_doctor_id_seq')) ) + 1 )) , (SELECT CURRVAL('Patient_patient_id_seq') ), 214 , '2013-06-24 08:56:16' , 805 );
INSERT INTO Appointment(Doctor_id, Patient_id, Room, Date, Price) VALUES ( (SELECT floor(random() * ( (SELECT CURRVAL('Doctor_doctor_id_seq')) ) + 1 )) , (SELECT CURRVAL('Patient_patient_id_seq') ), 123 , '2017-02-27 01:12:23' , 382 );
INSERT INTO Appointment(Doctor_id, Patient_id, Room, Date, Price) VALUES ( (SELECT floor(random() * ( (SELECT CURRVAL('Doctor_doctor_id_seq')) ) + 1 )) , (SELECT CURRVAL('Patient_patient_id_seq') ), 473 , '2011-10-02 14:10:40' , 799 );
INSERT INTO Appointment(Doctor_id, Patient_id, Room, Date, Price) VALUES ( (SELECT floor(random() * ( (SELECT CURRVAL('Doctor_doctor_id_seq')) ) + 1 )) , (SELECT CURRVAL('Patient_patient_id_seq') ), 49 , '2012-08-11 13:05:15' , 341 );
INSERT INTO Appointment(Doctor_id, Patient_id, Room, Date, Price) VALUES ( (SELECT floor(random() * ( (SELECT CURRVAL('Doctor_doctor_id_seq')) ) + 1 )) , (SELECT CURRVAL('Patient_patient_id_seq') ), 679 , '2015-07-04 23:10:46' , 24 );
INSERT INTO Medical_record(Patient_id, Creation_date, Diagnosis, Prescription) VALUES ((SELECT CURRVAL('Patient_patient_id_seq') ), '2017-11-06 04:02:50' , 'Acute maxillary sinusitis' , 'Cotton Seed' );
INSERT INTO Notification(Patient_id, Date, Event, Sound) VALUES ((SELECT CURRVAL('Patient_patient_id_seq') ), '2010-05-26 03:10:32' , 'Law evidence million even follow.' , 3 );
INSERT INTO Notification(Patient_id, Date, Event, Sound) VALUES ((SELECT CURRVAL('Patient_patient_id_seq') ), '2010-06-15 08:25:58' , 'Decade treat same those easy own.' , 5 );
INSERT INTO Payment(Patient_id, Date, Description, Amount) VALUES ((SELECT CURRVAL('Patient_patient_id_seq') ), '2012-10-20 00:44:10' , 'Especially become catch someone room.' , 3627314 );
INSERT INTO Payment(Patient_id, Date, Description, Amount) VALUES ((SELECT CURRVAL('Patient_patient_id_seq') ), '2016-06-05 14:24:01' , 'Big certainly drive manage skin citizen.' , 4844070 );
INSERT INTO Account(Login, Password, Permission_level, Date_of_creation, Last_time_online) VALUES ('juan59',')@36r!Fy6C' , 5 , '2016-08-07 17:02:49' , '2019-11-23 05:39:33');
INSERT INTO Patient(Account_id, Full_name, Address, Date_of_birth, Passport_number, Insurance_policy_number, Credit_card_number, Age) VALUES ((SELECT CURRVAL('account_account_id_seq') ),'Brent Ruiz' , '30161 Perez Circles Apt. 974 , Johnstad, SC 14592' , '1924-02-25' , 30486980 , '80-9420673' , '2263461561122054' , '95' );
INSERT INTO Appointment(Doctor_id, Patient_id, Room, Date, Price) VALUES ( (SELECT floor(random() * ( (SELECT CURRVAL('Doctor_doctor_id_seq')) ) + 1 )) , (SELECT CURRVAL('Patient_patient_id_seq') ), 196 , '2017-03-27 01:15:44' , 877 );
INSERT INTO Appointment(Doctor_id, Patient_id, Room, Date, Price) VALUES ( (SELECT floor(random() * ( (SELECT CURRVAL('Doctor_doctor_id_seq')) ) + 1 )) , (SELECT CURRVAL('Patient_patient_id_seq') ), 67 , '2014-01-21 15:32:00' , 788 );
INSERT INTO Appointment(Doctor_id, Patient_id, Room, Date, Price) VALUES ( (SELECT floor(random() * ( (SELECT CURRVAL('Doctor_doctor_id_seq')) ) + 1 )) , (SELECT CURRVAL('Patient_patient_id_seq') ), 228 , '2013-01-22 02:10:54' , 288 );
INSERT INTO Appointment(Doctor_id, Patient_id, Room, Date, Price) VALUES ( (SELECT floor(random() * ( (SELECT CURRVAL('Doctor_doctor_id_seq')) ) + 1 )) , (SELECT CURRVAL('Patient_patient_id_seq') ), 10 , '2011-07-03 05:25:25' , 21 );
INSERT INTO Appointment(Doctor_id, Patient_id, Room, Date, Price) VALUES ( (SELECT floor(random() * ( (SELECT CURRVAL('Doctor_doctor_id_seq')) ) + 1 )) , (SELECT CURRVAL('Patient_patient_id_seq') ), 474 , '2015-10-15 20:24:53' , 530 );
INSERT INTO Medical_record(Patient_id, Creation_date, Diagnosis, Prescription) VALUES ((SELECT CURRVAL('Patient_patient_id_seq') ), '2019-11-04 21:57:34' , 'Fibromyalgia / myositis' , 'CALCAREA FLUORICA' );
INSERT INTO Notification(Patient_id, Date, Event, Sound) VALUES ((SELECT CURRVAL('Patient_patient_id_seq') ), '2019-04-05 06:07:10' , 'Political dinner together design.' , 2 );
INSERT INTO Notification(Patient_id, Date, Event, Sound) VALUES ((SELECT CURRVAL('Patient_patient_id_seq') ), '2010-09-23 04:01:14' , 'Ahead should much.' , 8 );
INSERT INTO Payment(Patient_id, Date, Description, Amount) VALUES ((SELECT CURRVAL('Patient_patient_id_seq') ), '2010-01-05 14:15:25' , 'Allow hope defense cell.' , 30560 );
INSERT INTO Payment(Patient_id, Date, Description, Amount) VALUES ((SELECT CURRVAL('Patient_patient_id_seq') ), '2013-09-23 17:06:50' , 'Goal difference other.' , 565503 );
INSERT INTO Account(Login, Password, Permission_level, Date_of_creation, Last_time_online) VALUES ('vrasmussen','21KeHV*w(v' , 5 , '2010-03-21 11:18:39' , '2019-11-23 18:43:02');
INSERT INTO Patient(Account_id, Full_name, Address, Date_of_birth, Passport_number, Insurance_policy_number, Credit_card_number, Age) VALUES ((SELECT CURRVAL('account_account_id_seq') ),'Rachel Thompson' , '82824 Angela Extension , New Dawntown, TN 62711' , '1985-07-01' , 79217644 , '12-5185987' , '2630223131243752' , '34' );
INSERT INTO Appointment(Doctor_id, Patient_id, Room, Date, Price) VALUES ( (SELECT floor(random() * ( (SELECT CURRVAL('Doctor_doctor_id_seq')) ) + 1 )) , (SELECT CURRVAL('Patient_patient_id_seq') ), 900 , '2014-12-11 12:32:08' , 222 );
INSERT INTO Appointment(Doctor_id, Patient_id, Room, Date, Price) VALUES ( (SELECT floor(random() * ( (SELECT CURRVAL('Doctor_doctor_id_seq')) ) + 1 )) , (SELECT CURRVAL('Patient_patient_id_seq') ), 500 , '2019-06-21 22:13:44' , 318 );
INSERT INTO Appointment(Doctor_id, Patient_id, Room, Date, Price) VALUES ( (SELECT floor(random() * ( (SELECT CURRVAL('Doctor_doctor_id_seq')) ) + 1 )) , (SELECT CURRVAL('Patient_patient_id_seq') ), 599 , '2012-08-09 19:32:56' , 334 );
INSERT INTO Appointment(Doctor_id, Patient_id, Room, Date, Price) VALUES ( (SELECT floor(random() * ( (SELECT CURRVAL('Doctor_doctor_id_seq')) ) + 1 )) , (SELECT CURRVAL('Patient_patient_id_seq') ), 167 , '2010-11-04 02:50:48' , 600 );
INSERT INTO Appointment(Doctor_id, Patient_id, Room, Date, Price) VALUES ( (SELECT floor(random() * ( (SELECT CURRVAL('Doctor_doctor_id_seq')) ) + 1 )) , (SELECT CURRVAL('Patient_patient_id_seq') ), 902 , '2013-03-07 06:26:47' , 17 );
INSERT INTO Medical_record(Patient_id, Creation_date, Diagnosis, Prescription) VALUES ((SELECT CURRVAL('Patient_patient_id_seq') ), '2011-07-13 06:41:52' , 'Coronary atherosclerosis' , 'CALCAREA FLUORICA' );
INSERT INTO Notification(Patient_id, Date, Event, Sound) VALUES ((SELECT CURRVAL('Patient_patient_id_seq') ), '2017-06-04 04:56:32' , 'Describe family study middle a strategy land hot.' , 5 );
INSERT INTO Notification(Patient_id, Date, Event, Sound) VALUES ((SELECT CURRVAL('Patient_patient_id_seq') ), '2016-06-21 21:16:16' , 'Seem card might board among.' , 1 );
INSERT INTO Payment(Patient_id, Date, Description, Amount) VALUES ((SELECT CURRVAL('Patient_patient_id_seq') ), '2014-10-06 19:57:13' , 'Major something probably discover many home individual tell.' , 1543131 );
INSERT INTO Payment(Patient_id, Date, Description, Amount) VALUES ((SELECT CURRVAL('Patient_patient_id_seq') ), '2010-11-21 09:38:26' , 'Involve shake turn region.' , 7102647 );
INSERT INTO Account(Login, Password, Permission_level, Date_of_creation, Last_time_online) VALUES ('dylan54','E+3Q1t!Vj!' , 5 , '2017-04-23 22:44:45' , '2019-11-22 16:34:24');
INSERT INTO Patient(Account_id, Full_name, Address, Date_of_birth, Passport_number, Insurance_policy_number, Credit_card_number, Age) VALUES ((SELECT CURRVAL('account_account_id_seq') ),'Melissa Carter' , '496 Russell Tunnel Suite 564 , South Carlaview, NH 26709' , '1970-07-19' , 58470923 , '48-7797832' , '5343646072529022' , '49' );
INSERT INTO Appointment(Doctor_id, Patient_id, Room, Date, Price) VALUES ( (SELECT floor(random() * ( (SELECT CURRVAL('Doctor_doctor_id_seq')) ) + 1 )) , (SELECT CURRVAL('Patient_patient_id_seq') ), 700 , '2014-10-21 12:44:52' , 424 );
INSERT INTO Appointment(Doctor_id, Patient_id, Room, Date, Price) VALUES ( (SELECT floor(random() * ( (SELECT CURRVAL('Doctor_doctor_id_seq')) ) + 1 )) , (SELECT CURRVAL('Patient_patient_id_seq') ), 524 , '2017-07-21 19:34:28' , 291 );
INSERT INTO Appointment(Doctor_id, Patient_id, Room, Date, Price) VALUES ( (SELECT floor(random() * ( (SELECT CURRVAL('Doctor_doctor_id_seq')) ) + 1 )) , (SELECT CURRVAL('Patient_patient_id_seq') ), 400 , '2011-06-25 07:16:08' , 376 );
INSERT INTO Appointment(Doctor_id, Patient_id, Room, Date, Price) VALUES ( (SELECT floor(random() * ( (SELECT CURRVAL('Doctor_doctor_id_seq')) ) + 1 )) , (SELECT CURRVAL('Patient_patient_id_seq') ), 761 , '2010-08-11 22:12:06' , 689 );
INSERT INTO Appointment(Doctor_id, Patient_id, Room, Date, Price) VALUES ( (SELECT floor(random() * ( (SELECT CURRVAL('Doctor_doctor_id_seq')) ) + 1 )) , (SELECT CURRVAL('Patient_patient_id_seq') ), 930 , '2015-12-12 22:53:03' , 445 );
INSERT INTO Medical_record(Patient_id, Creation_date, Diagnosis, Prescription) VALUES ((SELECT CURRVAL('Patient_patient_id_seq') ), '2010-11-26 02:49:16' , 'Osteoarthritis' , 'Doxycycline Monohydrate' );
INSERT INTO Notification(Patient_id, Date, Event, Sound) VALUES ((SELECT CURRVAL('Patient_patient_id_seq') ), '2011-07-02 16:30:12' , 'Feel audience statement yeah provide majority.' , 2 );
INSERT INTO Notification(Patient_id, Date, Event, Sound) VALUES ((SELECT CURRVAL('Patient_patient_id_seq') ), '2010-03-04 09:37:46' , 'None exactly long glass everyone should people perhaps.' , 7 );
INSERT INTO Payment(Patient_id, Date, Description, Amount) VALUES ((SELECT CURRVAL('Patient_patient_id_seq') ), '2014-10-04 20:33:17' , 'Office popular push ten.' , 5053741 );
INSERT INTO Payment(Patient_id, Date, Description, Amount) VALUES ((SELECT CURRVAL('Patient_patient_id_seq') ), '2012-05-16 10:14:31' , 'Data most hospital number.' , 2327177 );
INSERT INTO Account(Login, Password, Permission_level, Date_of_creation, Last_time_online) VALUES ('ashleysilva',')@g4GHxFbv' , 5 , '2019-03-22 04:55:17' , '2019-11-22 19:19:11');
INSERT INTO Patient(Account_id, Full_name, Address, Date_of_birth, Passport_number, Insurance_policy_number, Credit_card_number, Age) VALUES ((SELECT CURRVAL('account_account_id_seq') ),'Jason Fisher' , '1705 Jacob Village Suite 941 , Lake Matthewhaven, HI 77210' , '1966-04-20' , 16934306 , '27-0071218' , '5152205614688745' , '53' );
INSERT INTO Appointment(Doctor_id, Patient_id, Room, Date, Price) VALUES ( (SELECT floor(random() * ( (SELECT CURRVAL('Doctor_doctor_id_seq')) ) + 1 )) , (SELECT CURRVAL('Patient_patient_id_seq') ), 386 , '2018-01-11 04:05:17' , 854 );
INSERT INTO Appointment(Doctor_id, Patient_id, Room, Date, Price) VALUES ( (SELECT floor(random() * ( (SELECT CURRVAL('Doctor_doctor_id_seq')) ) + 1 )) , (SELECT CURRVAL('Patient_patient_id_seq') ), 627 , '2015-07-13 05:24:01' , 777 );
INSERT INTO Appointment(Doctor_id, Patient_id, Room, Date, Price) VALUES ( (SELECT floor(random() * ( (SELECT CURRVAL('Doctor_doctor_id_seq')) ) + 1 )) , (SELECT CURRVAL('Patient_patient_id_seq') ), 944 , '2019-01-04 20:03:25' , 98 );
INSERT INTO Appointment(Doctor_id, Patient_id, Room, Date, Price) VALUES ( (SELECT floor(random() * ( (SELECT CURRVAL('Doctor_doctor_id_seq')) ) + 1 )) , (SELECT CURRVAL('Patient_patient_id_seq') ), 379 , '2018-08-22 21:57:57' , 833 );
INSERT INTO Appointment(Doctor_id, Patient_id, Room, Date, Price) VALUES ( (SELECT floor(random() * ( (SELECT CURRVAL('Doctor_doctor_id_seq')) ) + 1 )) , (SELECT CURRVAL('Patient_patient_id_seq') ), 568 , '2012-11-30 22:22:10' , 523 );
INSERT INTO Medical_record(Patient_id, Creation_date, Diagnosis, Prescription) VALUES ((SELECT CURRVAL('Patient_patient_id_seq') ), '2010-09-28 07:19:04' , 'Allergic rhinitis' , 'Doxycycline Monohydrate' );
INSERT INTO Notification(Patient_id, Date, Event, Sound) VALUES ((SELECT CURRVAL('Patient_patient_id_seq') ), '2015-05-27 06:00:29' , 'Despite natural reveal should value write.' , 10 );
INSERT INTO Notification(Patient_id, Date, Event, Sound) VALUES ((SELECT CURRVAL('Patient_patient_id_seq') ), '2015-08-09 17:17:00' , 'Example with skill financial door something.' , 10 );
INSERT INTO Payment(Patient_id, Date, Description, Amount) VALUES ((SELECT CURRVAL('Patient_patient_id_seq') ), '2019-09-09 08:55:07' , 'Arrive policy cold necessary.' , 2227412 );
INSERT INTO Payment(Patient_id, Date, Description, Amount) VALUES ((SELECT CURRVAL('Patient_patient_id_seq') ), '2013-07-15 14:08:47' , 'Religious remember star represent arm foot upon allow.' , 9904211 );
INSERT INTO Account(Login, Password, Permission_level, Date_of_creation, Last_time_online) VALUES ('yanderson','h6Pg1Lsg$3' , 5 , '2018-09-06 04:29:13' , '2019-11-21 11:21:05');
INSERT INTO Patient(Account_id, Full_name, Address, Date_of_birth, Passport_number, Insurance_policy_number, Credit_card_number, Age) VALUES ((SELECT CURRVAL('account_account_id_seq') ),'Anna Holden' , '365 Gonzalez Fields Apt. 313 , South Abigailmouth, NY 47120' , '1927-10-13' , 88840314 , '65-3215932' , '2280786614040922' , '92' );
INSERT INTO Appointment(Doctor_id, Patient_id, Room, Date, Price) VALUES ( (SELECT floor(random() * ( (SELECT CURRVAL('Doctor_doctor_id_seq')) ) + 1 )) , (SELECT CURRVAL('Patient_patient_id_seq') ), 799 , '2019-07-21 17:41:25' , 418 );
INSERT INTO Appointment(Doctor_id, Patient_id, Room, Date, Price) VALUES ( (SELECT floor(random() * ( (SELECT CURRVAL('Doctor_doctor_id_seq')) ) + 1 )) , (SELECT CURRVAL('Patient_patient_id_seq') ), 621 , '2011-09-26 17:32:12' , 801 );
INSERT INTO Appointment(Doctor_id, Patient_id, Room, Date, Price) VALUES ( (SELECT floor(random() * ( (SELECT CURRVAL('Doctor_doctor_id_seq')) ) + 1 )) , (SELECT CURRVAL('Patient_patient_id_seq') ), 254 , '2014-10-24 12:40:19' , 432 );
INSERT INTO Appointment(Doctor_id, Patient_id, Room, Date, Price) VALUES ( (SELECT floor(random() * ( (SELECT CURRVAL('Doctor_doctor_id_seq')) ) + 1 )) , (SELECT CURRVAL('Patient_patient_id_seq') ), 159 , '2019-02-08 05:41:27' , 37 );
INSERT INTO Appointment(Doctor_id, Patient_id, Room, Date, Price) VALUES ( (SELECT floor(random() * ( (SELECT CURRVAL('Doctor_doctor_id_seq')) ) + 1 )) , (SELECT CURRVAL('Patient_patient_id_seq') ), 881 , '2012-11-22 14:37:16' , 331 );
INSERT INTO Medical_record(Patient_id, Creation_date, Diagnosis, Prescription) VALUES ((SELECT CURRVAL('Patient_patient_id_seq') ), '2018-08-08 13:18:23' , 'Asthma' , 'Clindamycin' );
INSERT INTO Notification(Patient_id, Date, Event, Sound) VALUES ((SELECT CURRVAL('Patient_patient_id_seq') ), '2019-03-08 22:16:03' , 'Our response five politics let.' , 7 );
INSERT INTO Notification(Patient_id, Date, Event, Sound) VALUES ((SELECT CURRVAL('Patient_patient_id_seq') ), '2016-10-29 05:37:45' , 'Mr method response history raise local dream.' , 8 );
INSERT INTO Payment(Patient_id, Date, Description, Amount) VALUES ((SELECT CURRVAL('Patient_patient_id_seq') ), '2014-04-16 17:41:58' , 'Special general party stop throughout organization analysis church.' , 9247302 );
INSERT INTO Payment(Patient_id, Date, Description, Amount) VALUES ((SELECT CURRVAL('Patient_patient_id_seq') ), '2019-09-23 12:05:23' , 'Million yet goal movement group.' , 5969336 );
INSERT INTO Account(Login, Password, Permission_level, Date_of_creation, Last_time_online) VALUES ('joanmarks','!%D7LPHpS2' , 5 , '2017-08-28 15:29:57' , '2019-11-18 09:52:33');
INSERT INTO Patient(Account_id, Full_name, Address, Date_of_birth, Passport_number, Insurance_policy_number, Credit_card_number, Age) VALUES ((SELECT CURRVAL('account_account_id_seq') ),'Leslie Burns' , '312 Bowman Causeway Apt. 330 , South Elizabethfort, UT 77226' , '2001-05-13' , 45116902 , '46-6880080' , '2390300056366428' , '18' );
INSERT INTO Appointment(Doctor_id, Patient_id, Room, Date, Price) VALUES ( (SELECT floor(random() * ( (SELECT CURRVAL('Doctor_doctor_id_seq')) ) + 1 )) , (SELECT CURRVAL('Patient_patient_id_seq') ), 251 , '2014-12-01 21:22:27' , 52 );
INSERT INTO Appointment(Doctor_id, Patient_id, Room, Date, Price) VALUES ( (SELECT floor(random() * ( (SELECT CURRVAL('Doctor_doctor_id_seq')) ) + 1 )) , (SELECT CURRVAL('Patient_patient_id_seq') ), 612 , '2011-11-01 20:16:12' , 449 );
INSERT INTO Appointment(Doctor_id, Patient_id, Room, Date, Price) VALUES ( (SELECT floor(random() * ( (SELECT CURRVAL('Doctor_doctor_id_seq')) ) + 1 )) , (SELECT CURRVAL('Patient_patient_id_seq') ), 790 , '2010-10-07 15:48:14' , 857 );
INSERT INTO Appointment(Doctor_id, Patient_id, Room, Date, Price) VALUES ( (SELECT floor(random() * ( (SELECT CURRVAL('Doctor_doctor_id_seq')) ) + 1 )) , (SELECT CURRVAL('Patient_patient_id_seq') ), 193 , '2019-10-29 04:15:44' , 657 );
INSERT INTO Appointment(Doctor_id, Patient_id, Room, Date, Price) VALUES ( (SELECT floor(random() * ( (SELECT CURRVAL('Doctor_doctor_id_seq')) ) + 1 )) , (SELECT CURRVAL('Patient_patient_id_seq') ), 980 , '2012-06-10 11:19:17' , 189 );
INSERT INTO Medical_record(Patient_id, Creation_date, Diagnosis, Prescription) VALUES ((SELECT CURRVAL('Patient_patient_id_seq') ), '2013-09-09 06:55:57' , 'Acute laryngopharyngitis' , 'Gambil Oak' );
INSERT INTO Notification(Patient_id, Date, Event, Sound) VALUES ((SELECT CURRVAL('Patient_patient_id_seq') ), '2013-12-08 15:53:29' , 'Moment music scientist seat move it.' , 2 );
INSERT INTO Notification(Patient_id, Date, Event, Sound) VALUES ((SELECT CURRVAL('Patient_patient_id_seq') ), '2015-04-03 10:13:44' , 'So enough likely all character.' , 3 );
INSERT INTO Payment(Patient_id, Date, Description, Amount) VALUES ((SELECT CURRVAL('Patient_patient_id_seq') ), '2017-11-06 02:47:34' , 'Happen organization interest.' , 2485159 );
INSERT INTO Payment(Patient_id, Date, Description, Amount) VALUES ((SELECT CURRVAL('Patient_patient_id_seq') ), '2019-05-21 23:38:36' , 'System call fire across or ask.' , 9258362 );
INSERT INTO Account(Login, Password, Permission_level, Date_of_creation, Last_time_online) VALUES ('abaker','+C3Qlvivh9' , 5 , '2015-10-04 11:11:28' , '2019-11-22 01:00:32');
INSERT INTO Patient(Account_id, Full_name, Address, Date_of_birth, Passport_number, Insurance_policy_number, Credit_card_number, Age) VALUES ((SELECT CURRVAL('account_account_id_seq') ),'Justin Allen' , '726 Gray Dale , Port Ericaberg, MN 17035' , '1999-05-13' , 90159176 , '93-7909258' , '2552277739217737' , '20' );
INSERT INTO Appointment(Doctor_id, Patient_id, Room, Date, Price) VALUES ( (SELECT floor(random() * ( (SELECT CURRVAL('Doctor_doctor_id_seq')) ) + 1 )) , (SELECT CURRVAL('Patient_patient_id_seq') ), 218 , '2017-11-01 23:53:51' , 972 );
INSERT INTO Appointment(Doctor_id, Patient_id, Room, Date, Price) VALUES ( (SELECT floor(random() * ( (SELECT CURRVAL('Doctor_doctor_id_seq')) ) + 1 )) , (SELECT CURRVAL('Patient_patient_id_seq') ), 185 , '2017-07-07 20:41:24' , 791 );
INSERT INTO Appointment(Doctor_id, Patient_id, Room, Date, Price) VALUES ( (SELECT floor(random() * ( (SELECT CURRVAL('Doctor_doctor_id_seq')) ) + 1 )) , (SELECT CURRVAL('Patient_patient_id_seq') ), 223 , '2010-03-04 14:35:38' , 887 );
INSERT INTO Appointment(Doctor_id, Patient_id, Room, Date, Price) VALUES ( (SELECT floor(random() * ( (SELECT CURRVAL('Doctor_doctor_id_seq')) ) + 1 )) , (SELECT CURRVAL('Patient_patient_id_seq') ), 379 , '2012-03-24 20:49:16' , 988 );
INSERT INTO Appointment(Doctor_id, Patient_id, Room, Date, Price) VALUES ( (SELECT floor(random() * ( (SELECT CURRVAL('Doctor_doctor_id_seq')) ) + 1 )) , (SELECT CURRVAL('Patient_patient_id_seq') ), 248 , '2016-09-06 08:16:30' , 764 );
INSERT INTO Medical_record(Patient_id, Creation_date, Diagnosis, Prescription) VALUES ((SELECT CURRVAL('Patient_patient_id_seq') ), '2018-07-02 09:42:58' , 'Coronary atherosclerosis' , 'Metformin Hydrochloride' );
INSERT INTO Notification(Patient_id, Date, Event, Sound) VALUES ((SELECT CURRVAL('Patient_patient_id_seq') ), '2013-12-08 19:15:42' , 'Green debate push how him.' , 1 );
INSERT INTO Notification(Patient_id, Date, Event, Sound) VALUES ((SELECT CURRVAL('Patient_patient_id_seq') ), '2019-08-19 10:08:43' , 'Player writer too price responsibility.' , 7 );
INSERT INTO Payment(Patient_id, Date, Description, Amount) VALUES ((SELECT CURRVAL('Patient_patient_id_seq') ), '2010-02-20 21:03:20' , 'Century right administration whom foreign tough sign.' , 4387123 );
INSERT INTO Payment(Patient_id, Date, Description, Amount) VALUES ((SELECT CURRVAL('Patient_patient_id_seq') ), '2015-01-04 01:00:31' , 'Couple low bed forward today.' , 9325400 );
INSERT INTO Account(Login, Password, Permission_level, Date_of_creation, Last_time_online) VALUES ('ppayne','(3KlOrG79a' , 5 , '2019-01-01 19:25:19' , '2019-11-18 19:42:43');
INSERT INTO Patient(Account_id, Full_name, Address, Date_of_birth, Passport_number, Insurance_policy_number, Credit_card_number, Age) VALUES ((SELECT CURRVAL('account_account_id_seq') ),'Allison Rodriguez' , '28283 Austin Inlet Apt. 095 , Lake Derek, WV 38724' , '1958-10-09' , 22278371 , '62-6593920' , '2385007987162555' , '61' );
INSERT INTO Appointment(Doctor_id, Patient_id, Room, Date, Price) VALUES ( (SELECT floor(random() * ( (SELECT CURRVAL('Doctor_doctor_id_seq')) ) + 1 )) , (SELECT CURRVAL('Patient_patient_id_seq') ), 459 , '2016-04-30 02:23:15' , 847 );
INSERT INTO Appointment(Doctor_id, Patient_id, Room, Date, Price) VALUES ( (SELECT floor(random() * ( (SELECT CURRVAL('Doctor_doctor_id_seq')) ) + 1 )) , (SELECT CURRVAL('Patient_patient_id_seq') ), 840 , '2018-05-15 00:38:44' , 492 );
INSERT INTO Appointment(Doctor_id, Patient_id, Room, Date, Price) VALUES ( (SELECT floor(random() * ( (SELECT CURRVAL('Doctor_doctor_id_seq')) ) + 1 )) , (SELECT CURRVAL('Patient_patient_id_seq') ), 528 , '2012-10-12 07:19:16' , 59 );
INSERT INTO Appointment(Doctor_id, Patient_id, Room, Date, Price) VALUES ( (SELECT floor(random() * ( (SELECT CURRVAL('Doctor_doctor_id_seq')) ) + 1 )) , (SELECT CURRVAL('Patient_patient_id_seq') ), 221 , '2019-09-11 02:03:55' , 338 );
INSERT INTO Appointment(Doctor_id, Patient_id, Room, Date, Price) VALUES ( (SELECT floor(random() * ( (SELECT CURRVAL('Doctor_doctor_id_seq')) ) + 1 )) , (SELECT CURRVAL('Patient_patient_id_seq') ), 258 , '2018-09-20 23:59:00' , 201 );
INSERT INTO Medical_record(Patient_id, Creation_date, Diagnosis, Prescription) VALUES ((SELECT CURRVAL('Patient_patient_id_seq') ), '2012-08-11 07:48:03' , 'Acute laryngopharyngitis' , 'Clindamycin' );
INSERT INTO Notification(Patient_id, Date, Event, Sound) VALUES ((SELECT CURRVAL('Patient_patient_id_seq') ), '2016-08-29 00:50:23' , 'Scientist get owner field.' , 1 );
INSERT INTO Notification(Patient_id, Date, Event, Sound) VALUES ((SELECT CURRVAL('Patient_patient_id_seq') ), '2017-09-12 22:45:20' , 'Discussion activity among too forget.' , 3 );
INSERT INTO Payment(Patient_id, Date, Description, Amount) VALUES ((SELECT CURRVAL('Patient_patient_id_seq') ), '2015-01-24 14:52:34' , 'By big professor industry compare shoulder inside.' , 4313730 );
INSERT INTO Payment(Patient_id, Date, Description, Amount) VALUES ((SELECT CURRVAL('Patient_patient_id_seq') ), '2012-03-27 08:39:12' , 'Consumer road order report hospital.' , 187876 );
INSERT INTO Account(Login, Password, Permission_level, Date_of_creation, Last_time_online) VALUES ('rodriguezkevin','VD4&Te%s&2' , 5 , '2010-10-22 21:54:50' , '2019-11-23 04:43:52');
INSERT INTO Patient(Account_id, Full_name, Address, Date_of_birth, Passport_number, Insurance_policy_number, Credit_card_number, Age) VALUES ((SELECT CURRVAL('account_account_id_seq') ),'Sue Lewis' , '7400 Rodriguez Valleys Suite 768 , North Shannon, ME 23867' , '1961-04-10' , 79308328 , '15-7692307' , '2221598841137773' , '58' );
INSERT INTO Appointment(Doctor_id, Patient_id, Room, Date, Price) VALUES ( (SELECT floor(random() * ( (SELECT CURRVAL('Doctor_doctor_id_seq')) ) + 1 )) , (SELECT CURRVAL('Patient_patient_id_seq') ), 380 , '2013-11-13 03:39:43' , 52 );
INSERT INTO Appointment(Doctor_id, Patient_id, Room, Date, Price) VALUES ( (SELECT floor(random() * ( (SELECT CURRVAL('Doctor_doctor_id_seq')) ) + 1 )) , (SELECT CURRVAL('Patient_patient_id_seq') ), 316 , '2018-02-23 00:14:45' , 197 );
INSERT INTO Appointment(Doctor_id, Patient_id, Room, Date, Price) VALUES ( (SELECT floor(random() * ( (SELECT CURRVAL('Doctor_doctor_id_seq')) ) + 1 )) , (SELECT CURRVAL('Patient_patient_id_seq') ), 529 , '2015-07-22 01:17:56' , 623 );
INSERT INTO Appointment(Doctor_id, Patient_id, Room, Date, Price) VALUES ( (SELECT floor(random() * ( (SELECT CURRVAL('Doctor_doctor_id_seq')) ) + 1 )) , (SELECT CURRVAL('Patient_patient_id_seq') ), 940 , '2017-03-15 15:35:55' , 88 );
INSERT INTO Appointment(Doctor_id, Patient_id, Room, Date, Price) VALUES ( (SELECT floor(random() * ( (SELECT CURRVAL('Doctor_doctor_id_seq')) ) + 1 )) , (SELECT CURRVAL('Patient_patient_id_seq') ), 220 , '2016-12-15 08:35:14' , 627 );
INSERT INTO Medical_record(Patient_id, Creation_date, Diagnosis, Prescription) VALUES ((SELECT CURRVAL('Patient_patient_id_seq') ), '2017-12-23 20:50:55' , 'Urinary tract infection' , 'Aplicare Povidone-iodine Triples' );
INSERT INTO Notification(Patient_id, Date, Event, Sound) VALUES ((SELECT CURRVAL('Patient_patient_id_seq') ), '2018-04-19 13:31:30' , 'Remember attention point off.' , 10 );
INSERT INTO Notification(Patient_id, Date, Event, Sound) VALUES ((SELECT CURRVAL('Patient_patient_id_seq') ), '2013-07-07 21:12:06' , 'Require ball training traditional television.' , 7 );
INSERT INTO Payment(Patient_id, Date, Description, Amount) VALUES ((SELECT CURRVAL('Patient_patient_id_seq') ), '2011-03-17 22:24:52' , 'Officer whatever benefit air prevent first hand.' , 5352545 );
INSERT INTO Payment(Patient_id, Date, Description, Amount) VALUES ((SELECT CURRVAL('Patient_patient_id_seq') ), '2011-05-04 12:35:56' , 'Color feel product radio war record.' , 2781482 );
INSERT INTO Account(Login, Password, Permission_level, Date_of_creation, Last_time_online) VALUES ('briannarogers','^(37Zovlrd' , 5 , '2018-12-31 11:47:11' , '2019-11-19 20:32:52');
INSERT INTO Patient(Account_id, Full_name, Address, Date_of_birth, Passport_number, Insurance_policy_number, Credit_card_number, Age) VALUES ((SELECT CURRVAL('account_account_id_seq') ),'Ruth Stanton' , '291 Caleb Canyon Suite 442 , North David, RI 91146' , '1985-09-01' , 54276253 , '73-4283553' , '5474480497917989' , '34' );
INSERT INTO Appointment(Doctor_id, Patient_id, Room, Date, Price) VALUES ( (SELECT floor(random() * ( (SELECT CURRVAL('Doctor_doctor_id_seq')) ) + 1 )) , (SELECT CURRVAL('Patient_patient_id_seq') ), 926 , '2010-03-07 21:56:49' , 594 );
INSERT INTO Appointment(Doctor_id, Patient_id, Room, Date, Price) VALUES ( (SELECT floor(random() * ( (SELECT CURRVAL('Doctor_doctor_id_seq')) ) + 1 )) , (SELECT CURRVAL('Patient_patient_id_seq') ), 759 , '2012-09-30 08:15:10' , 174 );
INSERT INTO Appointment(Doctor_id, Patient_id, Room, Date, Price) VALUES ( (SELECT floor(random() * ( (SELECT CURRVAL('Doctor_doctor_id_seq')) ) + 1 )) , (SELECT CURRVAL('Patient_patient_id_seq') ), 542 , '2011-06-02 08:05:38' , 536 );
INSERT INTO Appointment(Doctor_id, Patient_id, Room, Date, Price) VALUES ( (SELECT floor(random() * ( (SELECT CURRVAL('Doctor_doctor_id_seq')) ) + 1 )) , (SELECT CURRVAL('Patient_patient_id_seq') ), 902 , '2011-11-08 18:49:40' , 575 );
INSERT INTO Appointment(Doctor_id, Patient_id, Room, Date, Price) VALUES ( (SELECT floor(random() * ( (SELECT CURRVAL('Doctor_doctor_id_seq')) ) + 1 )) , (SELECT CURRVAL('Patient_patient_id_seq') ), 348 , '2010-06-13 14:44:26' , 922 );
INSERT INTO Medical_record(Patient_id, Creation_date, Diagnosis, Prescription) VALUES ((SELECT CURRVAL('Patient_patient_id_seq') ), '2018-02-04 20:47:17' , 'Hyperlipidemia' , 'Lithium Carbonate' );
INSERT INTO Notification(Patient_id, Date, Event, Sound) VALUES ((SELECT CURRVAL('Patient_patient_id_seq') ), '2011-08-02 15:39:44' , 'Discover news generation professor may drug.' , 10 );
INSERT INTO Notification(Patient_id, Date, Event, Sound) VALUES ((SELECT CURRVAL('Patient_patient_id_seq') ), '2010-09-02 08:12:37' , 'Save hand large position best.' , 2 );
INSERT INTO Payment(Patient_id, Date, Description, Amount) VALUES ((SELECT CURRVAL('Patient_patient_id_seq') ), '2015-08-27 12:49:24' , 'Lawyer pass upon change wrong.' , 9627727 );
INSERT INTO Payment(Patient_id, Date, Description, Amount) VALUES ((SELECT CURRVAL('Patient_patient_id_seq') ), '2010-08-13 00:28:10' , 'Attention discuss home war box throw.' , 5726625 );
INSERT INTO Account(Login, Password, Permission_level, Date_of_creation, Last_time_online) VALUES ('hrodriguez','f+o7WoFc*&' , 5 , '2013-04-01 12:21:58' , '2019-11-19 11:14:56');
INSERT INTO Patient(Account_id, Full_name, Address, Date_of_birth, Passport_number, Insurance_policy_number, Credit_card_number, Age) VALUES ((SELECT CURRVAL('account_account_id_seq') ),'Laura Ortiz' , '93850 Rojas Isle , Port William, RI 43134' , '1955-07-19' , 94272864 , '87-5656086' , '2282180304645703' , '64' );
INSERT INTO Appointment(Doctor_id, Patient_id, Room, Date, Price) VALUES ( (SELECT floor(random() * ( (SELECT CURRVAL('Doctor_doctor_id_seq')) ) + 1 )) , (SELECT CURRVAL('Patient_patient_id_seq') ), 612 , '2016-09-30 23:34:59' , 905 );
INSERT INTO Appointment(Doctor_id, Patient_id, Room, Date, Price) VALUES ( (SELECT floor(random() * ( (SELECT CURRVAL('Doctor_doctor_id_seq')) ) + 1 )) , (SELECT CURRVAL('Patient_patient_id_seq') ), 191 , '2012-10-17 20:32:50' , 404 );
INSERT INTO Appointment(Doctor_id, Patient_id, Room, Date, Price) VALUES ( (SELECT floor(random() * ( (SELECT CURRVAL('Doctor_doctor_id_seq')) ) + 1 )) , (SELECT CURRVAL('Patient_patient_id_seq') ), 117 , '2011-07-25 00:07:28' , 299 );
INSERT INTO Appointment(Doctor_id, Patient_id, Room, Date, Price) VALUES ( (SELECT floor(random() * ( (SELECT CURRVAL('Doctor_doctor_id_seq')) ) + 1 )) , (SELECT CURRVAL('Patient_patient_id_seq') ), 249 , '2018-08-29 07:54:57' , 189 );
INSERT INTO Appointment(Doctor_id, Patient_id, Room, Date, Price) VALUES ( (SELECT floor(random() * ( (SELECT CURRVAL('Doctor_doctor_id_seq')) ) + 1 )) , (SELECT CURRVAL('Patient_patient_id_seq') ), 379 , '2016-10-12 06:19:05' , 368 );
INSERT INTO Medical_record(Patient_id, Creation_date, Diagnosis, Prescription) VALUES ((SELECT CURRVAL('Patient_patient_id_seq') ), '2016-06-24 19:45:51' , 'Coronary atherosclerosis' , 'Clonidine Hydrochloride' );
INSERT INTO Notification(Patient_id, Date, Event, Sound) VALUES ((SELECT CURRVAL('Patient_patient_id_seq') ), '2014-12-01 21:27:23' , 'Attention maintain together increase.' , 3 );
INSERT INTO Notification(Patient_id, Date, Event, Sound) VALUES ((SELECT CURRVAL('Patient_patient_id_seq') ), '2015-12-16 11:18:32' , 'Education just matter reach be main hot grow.' , 3 );
INSERT INTO Payment(Patient_id, Date, Description, Amount) VALUES ((SELECT CURRVAL('Patient_patient_id_seq') ), '2019-09-05 04:59:41' , 'Economy where family.' , 6997846 );
INSERT INTO Payment(Patient_id, Date, Description, Amount) VALUES ((SELECT CURRVAL('Patient_patient_id_seq') ), '2012-09-30 12:07:48' , 'Scientist quality service.' , 5943056 );
INSERT INTO Account(Login, Password, Permission_level, Date_of_creation, Last_time_online) VALUES ('ybarnes',')_#7GyD9Nh' , 5 , '2010-10-20 21:34:03' , '2019-11-20 23:42:27');
INSERT INTO Patient(Account_id, Full_name, Address, Date_of_birth, Passport_number, Insurance_policy_number, Credit_card_number, Age) VALUES ((SELECT CURRVAL('account_account_id_seq') ),'Marc Reed' , '4111 Miranda Points , Williamshire, OH 74585' , '1945-07-28' , 80358817 , '15-7805706' , '2720543954440149' , '74' );
INSERT INTO Appointment(Doctor_id, Patient_id, Room, Date, Price) VALUES ( (SELECT floor(random() * ( (SELECT CURRVAL('Doctor_doctor_id_seq')) ) + 1 )) , (SELECT CURRVAL('Patient_patient_id_seq') ), 488 , '2012-08-30 06:13:09' , 133 );
INSERT INTO Appointment(Doctor_id, Patient_id, Room, Date, Price) VALUES ( (SELECT floor(random() * ( (SELECT CURRVAL('Doctor_doctor_id_seq')) ) + 1 )) , (SELECT CURRVAL('Patient_patient_id_seq') ), 777 , '2013-04-16 12:49:39' , 699 );
INSERT INTO Appointment(Doctor_id, Patient_id, Room, Date, Price) VALUES ( (SELECT floor(random() * ( (SELECT CURRVAL('Doctor_doctor_id_seq')) ) + 1 )) , (SELECT CURRVAL('Patient_patient_id_seq') ), 289 , '2019-05-18 16:59:11' , 75 );
INSERT INTO Appointment(Doctor_id, Patient_id, Room, Date, Price) VALUES ( (SELECT floor(random() * ( (SELECT CURRVAL('Doctor_doctor_id_seq')) ) + 1 )) , (SELECT CURRVAL('Patient_patient_id_seq') ), 663 , '2012-04-08 07:04:54' , 242 );
INSERT INTO Appointment(Doctor_id, Patient_id, Room, Date, Price) VALUES ( (SELECT floor(random() * ( (SELECT CURRVAL('Doctor_doctor_id_seq')) ) + 1 )) , (SELECT CURRVAL('Patient_patient_id_seq') ), 585 , '2019-02-14 11:28:26' , 224 );
INSERT INTO Medical_record(Patient_id, Creation_date, Diagnosis, Prescription) VALUES ((SELECT CURRVAL('Patient_patient_id_seq') ), '2015-04-12 01:09:37' , 'Allergic rhinitis' , 'LBEL NATURAL FINISH MOISTURIZING FOUNDATION SPF 25' );
INSERT INTO Notification(Patient_id, Date, Event, Sound) VALUES ((SELECT CURRVAL('Patient_patient_id_seq') ), '2012-07-31 03:13:06' , 'Believe down find throw later.' , 6 );
INSERT INTO Notification(Patient_id, Date, Event, Sound) VALUES ((SELECT CURRVAL('Patient_patient_id_seq') ), '2010-10-14 18:19:26' , 'Imagine around next worker speech chance.' , 9 );
INSERT INTO Payment(Patient_id, Date, Description, Amount) VALUES ((SELECT CURRVAL('Patient_patient_id_seq') ), '2015-03-22 03:35:21' , 'Moment network order base.' , 294665 );
INSERT INTO Payment(Patient_id, Date, Description, Amount) VALUES ((SELECT CURRVAL('Patient_patient_id_seq') ), '2015-12-11 12:57:55' , 'Police start idea.' , 3346070 );
INSERT INTO Account(Login, Password, Permission_level, Date_of_creation, Last_time_online) VALUES ('vrice','u5X3B2Nu(G' , 5 , '2010-09-01 04:21:47' , '2019-11-22 06:42:09');
INSERT INTO Patient(Account_id, Full_name, Address, Date_of_birth, Passport_number, Insurance_policy_number, Credit_card_number, Age) VALUES ((SELECT CURRVAL('account_account_id_seq') ),'Linda Randall' , '40651 Huerta Fields Suite 862 , North Donnaview, OK 67794' , '1921-09-18' , 21538872 , '30-6245469' , '2225281991737348' , '98' );
INSERT INTO Appointment(Doctor_id, Patient_id, Room, Date, Price) VALUES ( (SELECT floor(random() * ( (SELECT CURRVAL('Doctor_doctor_id_seq')) ) + 1 )) , (SELECT CURRVAL('Patient_patient_id_seq') ), 384 , '2016-04-09 21:16:35' , 73 );
INSERT INTO Appointment(Doctor_id, Patient_id, Room, Date, Price) VALUES ( (SELECT floor(random() * ( (SELECT CURRVAL('Doctor_doctor_id_seq')) ) + 1 )) , (SELECT CURRVAL('Patient_patient_id_seq') ), 864 , '2016-08-21 23:16:37' , 649 );
INSERT INTO Appointment(Doctor_id, Patient_id, Room, Date, Price) VALUES ( (SELECT floor(random() * ( (SELECT CURRVAL('Doctor_doctor_id_seq')) ) + 1 )) , (SELECT CURRVAL('Patient_patient_id_seq') ), 476 , '2015-10-03 19:24:52' , 107 );
INSERT INTO Appointment(Doctor_id, Patient_id, Room, Date, Price) VALUES ( (SELECT floor(random() * ( (SELECT CURRVAL('Doctor_doctor_id_seq')) ) + 1 )) , (SELECT CURRVAL('Patient_patient_id_seq') ), 600 , '2010-06-25 21:26:09' , 115 );
INSERT INTO Appointment(Doctor_id, Patient_id, Room, Date, Price) VALUES ( (SELECT floor(random() * ( (SELECT CURRVAL('Doctor_doctor_id_seq')) ) + 1 )) , (SELECT CURRVAL('Patient_patient_id_seq') ), 928 , '2014-12-14 08:02:59' , 439 );
INSERT INTO Medical_record(Patient_id, Creation_date, Diagnosis, Prescription) VALUES ((SELECT CURRVAL('Patient_patient_id_seq') ), '2015-10-08 15:26:21' , 'Respiratory problems' , 'Lithium Carbonate' );
INSERT INTO Notification(Patient_id, Date, Event, Sound) VALUES ((SELECT CURRVAL('Patient_patient_id_seq') ), '2019-02-08 05:11:48' , 'Same several his drive likely role perhaps.' , 10 );
INSERT INTO Notification(Patient_id, Date, Event, Sound) VALUES ((SELECT CURRVAL('Patient_patient_id_seq') ), '2016-09-10 14:09:24' , 'Always third can paper.' , 2 );
INSERT INTO Payment(Patient_id, Date, Description, Amount) VALUES ((SELECT CURRVAL('Patient_patient_id_seq') ), '2016-07-12 19:51:14' , 'Product human environmental Congress check difference great family.' , 6565511 );
INSERT INTO Payment(Patient_id, Date, Description, Amount) VALUES ((SELECT CURRVAL('Patient_patient_id_seq') ), '2014-02-13 15:27:30' , 'Significant respond movement leave.' , 4268882 );
INSERT INTO Account(Login, Password, Permission_level, Date_of_creation, Last_time_online) VALUES ('annetteharrison','b&Z6FZKdN5' , 5 , '2016-09-14 00:20:42' , '2019-11-24 22:20:13');
INSERT INTO Patient(Account_id, Full_name, Address, Date_of_birth, Passport_number, Insurance_policy_number, Credit_card_number, Age) VALUES ((SELECT CURRVAL('account_account_id_seq') ),'Tyler Martinez' , '5413 Morgan Groves Suite 221 , Garciaside, LA 47853' , '1959-12-20' , 90067358 , '22-5579841' , '2286469277543268' , '59' );
INSERT INTO Appointment(Doctor_id, Patient_id, Room, Date, Price) VALUES ( (SELECT floor(random() * ( (SELECT CURRVAL('Doctor_doctor_id_seq')) ) + 1 )) , (SELECT CURRVAL('Patient_patient_id_seq') ), 100 , '2015-12-26 05:36:15' , 108 );
INSERT INTO Appointment(Doctor_id, Patient_id, Room, Date, Price) VALUES ( (SELECT floor(random() * ( (SELECT CURRVAL('Doctor_doctor_id_seq')) ) + 1 )) , (SELECT CURRVAL('Patient_patient_id_seq') ), 29 , '2009-12-24 10:36:03' , 430 );
INSERT INTO Appointment(Doctor_id, Patient_id, Room, Date, Price) VALUES ( (SELECT floor(random() * ( (SELECT CURRVAL('Doctor_doctor_id_seq')) ) + 1 )) , (SELECT CURRVAL('Patient_patient_id_seq') ), 823 , '2010-01-10 15:00:17' , 803 );
INSERT INTO Appointment(Doctor_id, Patient_id, Room, Date, Price) VALUES ( (SELECT floor(random() * ( (SELECT CURRVAL('Doctor_doctor_id_seq')) ) + 1 )) , (SELECT CURRVAL('Patient_patient_id_seq') ), 539 , '2018-04-19 06:17:16' , 208 );
INSERT INTO Appointment(Doctor_id, Patient_id, Room, Date, Price) VALUES ( (SELECT floor(random() * ( (SELECT CURRVAL('Doctor_doctor_id_seq')) ) + 1 )) , (SELECT CURRVAL('Patient_patient_id_seq') ), 173 , '2010-10-18 16:23:19' , 773 );
INSERT INTO Medical_record(Patient_id, Creation_date, Diagnosis, Prescription) VALUES ((SELECT CURRVAL('Patient_patient_id_seq') ), '2018-07-02 00:30:33' , 'Pain in joint' , 'Cotton Seed' );
INSERT INTO Notification(Patient_id, Date, Event, Sound) VALUES ((SELECT CURRVAL('Patient_patient_id_seq') ), '2015-05-24 06:01:47' , 'Increase someone play little.' , 8 );
INSERT INTO Notification(Patient_id, Date, Event, Sound) VALUES ((SELECT CURRVAL('Patient_patient_id_seq') ), '2010-03-10 13:53:30' , 'Use sense star customer risk second around.' , 10 );
INSERT INTO Payment(Patient_id, Date, Description, Amount) VALUES ((SELECT CURRVAL('Patient_patient_id_seq') ), '2011-05-12 15:09:58' , 'Number star thing low single financial.' , 9249019 );
INSERT INTO Payment(Patient_id, Date, Description, Amount) VALUES ((SELECT CURRVAL('Patient_patient_id_seq') ), '2014-01-02 09:06:57' , 'Enjoy identify color.' , 9593805 );
INSERT INTO Account(Login, Password, Permission_level, Date_of_creation, Last_time_online) VALUES ('kimmorgan','J0CSQwtI@2' , 5 , '2011-04-13 15:55:39' , '2019-11-23 06:45:08');
INSERT INTO Patient(Account_id, Full_name, Address, Date_of_birth, Passport_number, Insurance_policy_number, Credit_card_number, Age) VALUES ((SELECT CURRVAL('account_account_id_seq') ),'Christopher Greene' , '3592 Garcia Plain , East Stevenfurt, AL 73846' , '1977-09-14' , 94382860 , '77-2535126' , '5552295802443231' , '42' );
INSERT INTO Appointment(Doctor_id, Patient_id, Room, Date, Price) VALUES ( (SELECT floor(random() * ( (SELECT CURRVAL('Doctor_doctor_id_seq')) ) + 1 )) , (SELECT CURRVAL('Patient_patient_id_seq') ), 767 , '2010-12-16 01:28:39' , 102 );
INSERT INTO Appointment(Doctor_id, Patient_id, Room, Date, Price) VALUES ( (SELECT floor(random() * ( (SELECT CURRVAL('Doctor_doctor_id_seq')) ) + 1 )) , (SELECT CURRVAL('Patient_patient_id_seq') ), 10 , '2017-12-27 15:48:23' , 972 );
INSERT INTO Appointment(Doctor_id, Patient_id, Room, Date, Price) VALUES ( (SELECT floor(random() * ( (SELECT CURRVAL('Doctor_doctor_id_seq')) ) + 1 )) , (SELECT CURRVAL('Patient_patient_id_seq') ), 779 , '2011-11-13 16:02:17' , 336 );
INSERT INTO Appointment(Doctor_id, Patient_id, Room, Date, Price) VALUES ( (SELECT floor(random() * ( (SELECT CURRVAL('Doctor_doctor_id_seq')) ) + 1 )) , (SELECT CURRVAL('Patient_patient_id_seq') ), 912 , '2018-02-23 19:28:33' , 764 );
INSERT INTO Appointment(Doctor_id, Patient_id, Room, Date, Price) VALUES ( (SELECT floor(random() * ( (SELECT CURRVAL('Doctor_doctor_id_seq')) ) + 1 )) , (SELECT CURRVAL('Patient_patient_id_seq') ), 751 , '2018-06-18 20:34:58' , 793 );
INSERT INTO Medical_record(Patient_id, Creation_date, Diagnosis, Prescription) VALUES ((SELECT CURRVAL('Patient_patient_id_seq') ), '2016-01-30 09:06:32' , 'Back pain' , 'risperidone' );
INSERT INTO Notification(Patient_id, Date, Event, Sound) VALUES ((SELECT CURRVAL('Patient_patient_id_seq') ), '2019-05-29 04:19:04' , 'Rich stock usually write guess for believe.' , 1 );
INSERT INTO Notification(Patient_id, Date, Event, Sound) VALUES ((SELECT CURRVAL('Patient_patient_id_seq') ), '2015-03-03 15:37:37' , 'Small use nice.' , 0 );
INSERT INTO Payment(Patient_id, Date, Description, Amount) VALUES ((SELECT CURRVAL('Patient_patient_id_seq') ), '2011-07-15 07:53:16' , 'Almost from administration book political available billion.' , 3250828 );
INSERT INTO Payment(Patient_id, Date, Description, Amount) VALUES ((SELECT CURRVAL('Patient_patient_id_seq') ), '2014-07-01 17:41:04' , 'Medical still recognize music loss.' , 2575669 );
INSERT INTO Account(Login, Password, Permission_level, Date_of_creation, Last_time_online) VALUES ('leslie80','+lzO&ls*j1' , 5 , '2010-02-18 05:27:20' , '2019-11-24 21:43:55');
INSERT INTO Patient(Account_id, Full_name, Address, Date_of_birth, Passport_number, Insurance_policy_number, Credit_card_number, Age) VALUES ((SELECT CURRVAL('account_account_id_seq') ),'Beth Wright' , '6061 Ryan Club Suite 349 , New Anthony, ND 48001' , '1944-11-03' , 51552596 , '73-6156178' , '2404051265984287' , '75' );
INSERT INTO Appointment(Doctor_id, Patient_id, Room, Date, Price) VALUES ( (SELECT floor(random() * ( (SELECT CURRVAL('Doctor_doctor_id_seq')) ) + 1 )) , (SELECT CURRVAL('Patient_patient_id_seq') ), 34 , '2012-04-07 18:49:07' , 940 );
INSERT INTO Appointment(Doctor_id, Patient_id, Room, Date, Price) VALUES ( (SELECT floor(random() * ( (SELECT CURRVAL('Doctor_doctor_id_seq')) ) + 1 )) , (SELECT CURRVAL('Patient_patient_id_seq') ), 207 , '2019-03-10 12:48:17' , 55 );
INSERT INTO Appointment(Doctor_id, Patient_id, Room, Date, Price) VALUES ( (SELECT floor(random() * ( (SELECT CURRVAL('Doctor_doctor_id_seq')) ) + 1 )) , (SELECT CURRVAL('Patient_patient_id_seq') ), 150 , '2012-06-09 21:27:03' , 648 );
INSERT INTO Appointment(Doctor_id, Patient_id, Room, Date, Price) VALUES ( (SELECT floor(random() * ( (SELECT CURRVAL('Doctor_doctor_id_seq')) ) + 1 )) , (SELECT CURRVAL('Patient_patient_id_seq') ), 832 , '2014-04-05 11:58:24' , 453 );
INSERT INTO Appointment(Doctor_id, Patient_id, Room, Date, Price) VALUES ( (SELECT floor(random() * ( (SELECT CURRVAL('Doctor_doctor_id_seq')) ) + 1 )) , (SELECT CURRVAL('Patient_patient_id_seq') ), 662 , '2014-05-02 03:58:54' , 189 );
INSERT INTO Medical_record(Patient_id, Creation_date, Diagnosis, Prescription) VALUES ((SELECT CURRVAL('Patient_patient_id_seq') ), '2019-06-11 14:58:24' , 'Hypothyroidism' , 'Cotton Seed' );
INSERT INTO Notification(Patient_id, Date, Event, Sound) VALUES ((SELECT CURRVAL('Patient_patient_id_seq') ), '2019-07-10 14:07:58' , 'Low make environmental red machine throw truth.' , 0 );
INSERT INTO Notification(Patient_id, Date, Event, Sound) VALUES ((SELECT CURRVAL('Patient_patient_id_seq') ), '2013-11-11 22:45:40' , 'Risk spend water end.' , 4 );
INSERT INTO Payment(Patient_id, Date, Description, Amount) VALUES ((SELECT CURRVAL('Patient_patient_id_seq') ), '2012-02-03 17:07:23' , 'Any because common painting.' , 9994461 );
INSERT INTO Payment(Patient_id, Date, Description, Amount) VALUES ((SELECT CURRVAL('Patient_patient_id_seq') ), '2014-06-08 20:23:24' , 'Continue trip anyone daughter event choose think PM.' , 8203189 );
INSERT INTO Account(Login, Password, Permission_level, Date_of_creation, Last_time_online) VALUES ('karenhurst','852uyDrQh#' , 5 , '2013-09-23 19:53:27' , '2019-11-22 11:40:04');
INSERT INTO Patient(Account_id, Full_name, Address, Date_of_birth, Passport_number, Insurance_policy_number, Credit_card_number, Age) VALUES ((SELECT CURRVAL('account_account_id_seq') ),'Brian Elliott' , '521 Diane Glens Suite 964 , North Amy, MN 27051' , '1943-08-14' , 15250056 , '10-4884067' , '2557822240647040' , '76' );
INSERT INTO Appointment(Doctor_id, Patient_id, Room, Date, Price) VALUES ( (SELECT floor(random() * ( (SELECT CURRVAL('Doctor_doctor_id_seq')) ) + 1 )) , (SELECT CURRVAL('Patient_patient_id_seq') ), 125 , '2019-10-15 09:32:13' , 355 );
INSERT INTO Appointment(Doctor_id, Patient_id, Room, Date, Price) VALUES ( (SELECT floor(random() * ( (SELECT CURRVAL('Doctor_doctor_id_seq')) ) + 1 )) , (SELECT CURRVAL('Patient_patient_id_seq') ), 590 , '2010-01-20 19:19:41' , 621 );
INSERT INTO Appointment(Doctor_id, Patient_id, Room, Date, Price) VALUES ( (SELECT floor(random() * ( (SELECT CURRVAL('Doctor_doctor_id_seq')) ) + 1 )) , (SELECT CURRVAL('Patient_patient_id_seq') ), 404 , '2011-11-20 12:58:48' , 620 );
INSERT INTO Appointment(Doctor_id, Patient_id, Room, Date, Price) VALUES ( (SELECT floor(random() * ( (SELECT CURRVAL('Doctor_doctor_id_seq')) ) + 1 )) , (SELECT CURRVAL('Patient_patient_id_seq') ), 51 , '2016-10-14 09:37:06' , 116 );
INSERT INTO Appointment(Doctor_id, Patient_id, Room, Date, Price) VALUES ( (SELECT floor(random() * ( (SELECT CURRVAL('Doctor_doctor_id_seq')) ) + 1 )) , (SELECT CURRVAL('Patient_patient_id_seq') ), 990 , '2018-11-12 20:25:20' , 923 );
INSERT INTO Medical_record(Patient_id, Creation_date, Diagnosis, Prescription) VALUES ((SELECT CURRVAL('Patient_patient_id_seq') ), '2010-02-05 14:11:32' , 'Visual refractive errors' , 'Gambil Oak' );
INSERT INTO Notification(Patient_id, Date, Event, Sound) VALUES ((SELECT CURRVAL('Patient_patient_id_seq') ), '2009-12-18 02:32:12' , 'Health current soon door environment hair beautiful center.' , 4 );
INSERT INTO Notification(Patient_id, Date, Event, Sound) VALUES ((SELECT CURRVAL('Patient_patient_id_seq') ), '2019-11-14 15:10:41' , 'Note attack fact relationship brother region production.' , 9 );
INSERT INTO Payment(Patient_id, Date, Description, Amount) VALUES ((SELECT CURRVAL('Patient_patient_id_seq') ), '2017-09-19 08:34:40' , 'Simply author outside continue leader job product.' , 7457225 );
INSERT INTO Payment(Patient_id, Date, Description, Amount) VALUES ((SELECT CURRVAL('Patient_patient_id_seq') ), '2016-07-03 14:46:48' , 'Machine at study there though sell make body.' , 7948651 );
INSERT INTO Video_Record(Date, Path, Camera_number) VALUES('2019-11-04' , '/dev/hospital/video_records/2019-11-04/event.avi' , 43 );
INSERT INTO Video_Record(Date, Path, Camera_number) VALUES('2019-11-18' , '/dev/hospital/video_records/2019-11-18/professional.avi' , 23 );
INSERT INTO Video_Record(Date, Path, Camera_number) VALUES('2019-11-23' , '/dev/hospital/video_records/2019-11-23/pretty.avi' , 44 );
INSERT INTO Video_Record(Date, Path, Camera_number) VALUES('2019-11-23' , '/dev/hospital/video_records/2019-11-23/seven.avi' , 10 );
INSERT INTO Video_Record(Date, Path, Camera_number) VALUES('2019-11-01' , '/dev/hospital/video_records/2019-11-01/evidence.avi' , 39 );
INSERT INTO Video_Record(Date, Path, Camera_number) VALUES('2019-11-16' , '/dev/hospital/video_records/2019-11-16/every.avi' , 45 );
INSERT INTO Video_Record(Date, Path, Camera_number) VALUES('2019-11-09' , '/dev/hospital/video_records/2019-11-09/pay.avi' , 46 );
INSERT INTO Video_Record(Date, Path, Camera_number) VALUES('2019-11-05' , '/dev/hospital/video_records/2019-11-05/interest.avi' , 36 );
INSERT INTO Video_Record(Date, Path, Camera_number) VALUES('2019-11-24' , '/dev/hospital/video_records/2019-11-24/anyone.avi' , 39 );
INSERT INTO Video_Record(Date, Path, Camera_number) VALUES('2019-11-21' , '/dev/hospital/video_records/2019-11-21/particularly.avi' , 49 );
INSERT INTO Video_Record(Date, Path, Camera_number) VALUES('2019-11-05' , '/dev/hospital/video_records/2019-11-05/site.avi' , 39 );
INSERT INTO Video_Record(Date, Path, Camera_number) VALUES('2019-11-06' , '/dev/hospital/video_records/2019-11-06/step.avi' , 7 );
INSERT INTO Video_Record(Date, Path, Camera_number) VALUES('2019-11-22' , '/dev/hospital/video_records/2019-11-22/like.avi' , 2 );
INSERT INTO Video_Record(Date, Path, Camera_number) VALUES('2019-11-19' , '/dev/hospital/video_records/2019-11-19/material.avi' , 7 );
INSERT INTO Video_Record(Date, Path, Camera_number) VALUES('2019-11-15' , '/dev/hospital/video_records/2019-11-15/new.avi' , 7 );
INSERT INTO Video_Record(Date, Path, Camera_number) VALUES('2019-11-12' , '/dev/hospital/video_records/2019-11-12/though.avi' , 49 );
INSERT INTO Video_Record(Date, Path, Camera_number) VALUES('2019-11-16' , '/dev/hospital/video_records/2019-11-16/name.avi' , 36 );
INSERT INTO Video_Record(Date, Path, Camera_number) VALUES('2019-11-22' , '/dev/hospital/video_records/2019-11-22/spring.avi' , 29 );
INSERT INTO Video_Record(Date, Path, Camera_number) VALUES('2019-11-17' , '/dev/hospital/video_records/2019-11-17/administration.avi' , 38 );
INSERT INTO Video_Record(Date, Path, Camera_number) VALUES('2019-11-09' , '/dev/hospital/video_records/2019-11-09/development.avi' , 16 );
INSERT INTO Video_Record(Date, Path, Camera_number) VALUES('2019-11-14' , '/dev/hospital/video_records/2019-11-14/carry.avi' , 3 );
INSERT INTO Video_Record(Date, Path, Camera_number) VALUES('2019-11-06' , '/dev/hospital/video_records/2019-11-06/much.avi' , 24 );
INSERT INTO Video_Record(Date, Path, Camera_number) VALUES('2019-11-02' , '/dev/hospital/video_records/2019-11-02/style.avi' , 43 );
INSERT INTO Video_Record(Date, Path, Camera_number) VALUES('2019-11-19' , '/dev/hospital/video_records/2019-11-19/indicate.avi' , 32 );
INSERT INTO Video_Record(Date, Path, Camera_number) VALUES('2019-11-21' , '/dev/hospital/video_records/2019-11-21/exist.avi' , 36 );
INSERT INTO Video_Record(Date, Path, Camera_number) VALUES('2019-11-14' , '/dev/hospital/video_records/2019-11-14/and.avi' , 39 );
INSERT INTO Video_Record(Date, Path, Camera_number) VALUES('2019-11-17' , '/dev/hospital/video_records/2019-11-17/threat.avi' , 9 );
INSERT INTO Video_Record(Date, Path, Camera_number) VALUES('2019-11-24' , '/dev/hospital/video_records/2019-11-24/sing.avi' , 1 );
INSERT INTO Video_Record(Date, Path, Camera_number) VALUES('2019-11-17' , '/dev/hospital/video_records/2019-11-17/may.avi' , 33 );
INSERT INTO Video_Record(Date, Path, Camera_number) VALUES('2019-11-04' , '/dev/hospital/video_records/2019-11-04/item.avi' , 41 );
INSERT INTO Video_Record(Date, Path, Camera_number) VALUES('2019-11-18' , '/dev/hospital/video_records/2019-11-18/right.avi' , 48 );
INSERT INTO Video_Record(Date, Path, Camera_number) VALUES('2019-11-23' , '/dev/hospital/video_records/2019-11-23/usually.avi' , 49 );
INSERT INTO Video_Record(Date, Path, Camera_number) VALUES('2019-11-16' , '/dev/hospital/video_records/2019-11-16/stand.avi' , 18 );
INSERT INTO Video_Record(Date, Path, Camera_number) VALUES('2019-11-09' , '/dev/hospital/video_records/2019-11-09/decide.avi' , 2 );
INSERT INTO Video_Record(Date, Path, Camera_number) VALUES('2019-11-19' , '/dev/hospital/video_records/2019-11-19/child.avi' , 23 );
INSERT INTO Video_Record(Date, Path, Camera_number) VALUES('2019-11-04' , '/dev/hospital/video_records/2019-11-04/local.avi' , 5 );
INSERT INTO Video_Record(Date, Path, Camera_number) VALUES('2019-11-06' , '/dev/hospital/video_records/2019-11-06/purpose.avi' , 16 );
INSERT INTO Video_Record(Date, Path, Camera_number) VALUES('2019-11-17' , '/dev/hospital/video_records/2019-11-17/year.avi' , 6 );
INSERT INTO Video_Record(Date, Path, Camera_number) VALUES('2019-11-23' , '/dev/hospital/video_records/2019-11-23/finally.avi' , 48 );
INSERT INTO Video_Record(Date, Path, Camera_number) VALUES('2019-11-18' , '/dev/hospital/video_records/2019-11-18/over.avi' , 19 );
INSERT INTO Video_Record(Date, Path, Camera_number) VALUES('2019-11-13' , '/dev/hospital/video_records/2019-11-13/too.avi' , 6 );
INSERT INTO Video_Record(Date, Path, Camera_number) VALUES('2019-11-21' , '/dev/hospital/video_records/2019-11-21/key.avi' , 24 );
INSERT INTO Video_Record(Date, Path, Camera_number) VALUES('2019-11-19' , '/dev/hospital/video_records/2019-11-19/answer.avi' , 20 );
INSERT INTO Video_Record(Date, Path, Camera_number) VALUES('2019-11-21' , '/dev/hospital/video_records/2019-11-21/our.avi' , 33 );
INSERT INTO Video_Record(Date, Path, Camera_number) VALUES('2019-11-01' , '/dev/hospital/video_records/2019-11-01/family.avi' , 6 );
INSERT INTO Video_Record(Date, Path, Camera_number) VALUES('2019-11-15' , '/dev/hospital/video_records/2019-11-15/wait.avi' , 36 );
INSERT INTO Video_Record(Date, Path, Camera_number) VALUES('2019-11-23' , '/dev/hospital/video_records/2019-11-23/who.avi' , 45 );
INSERT INTO Video_Record(Date, Path, Camera_number) VALUES('2019-11-09' , '/dev/hospital/video_records/2019-11-09/people.avi' , 49 );
INSERT INTO Video_Record(Date, Path, Camera_number) VALUES('2019-11-14' , '/dev/hospital/video_records/2019-11-14/always.avi' , 15 );
INSERT INTO Video_Record(Date, Path, Camera_number) VALUES('2019-11-03' , '/dev/hospital/video_records/2019-11-03/job.avi' , 31 );
INSERT INTO Video_Record(Date, Path, Camera_number) VALUES('2019-11-12' , '/dev/hospital/video_records/2019-11-12/difference.avi' , 21 );
INSERT INTO Video_Record(Date, Path, Camera_number) VALUES('2019-11-13' , '/dev/hospital/video_records/2019-11-13/foreign.avi' , 7 );
INSERT INTO Video_Record(Date, Path, Camera_number) VALUES('2019-11-16' , '/dev/hospital/video_records/2019-11-16/present.avi' , 43 );
INSERT INTO Video_Record(Date, Path, Camera_number) VALUES('2019-11-05' , '/dev/hospital/video_records/2019-11-05/system.avi' , 3 );
INSERT INTO Video_Record(Date, Path, Camera_number) VALUES('2019-11-05' , '/dev/hospital/video_records/2019-11-05/lawyer.avi' , 19 );
INSERT INTO Video_Record(Date, Path, Camera_number) VALUES('2019-11-22' , '/dev/hospital/video_records/2019-11-22/since.avi' , 24 );
INSERT INTO Video_Record(Date, Path, Camera_number) VALUES('2019-11-16' , '/dev/hospital/video_records/2019-11-16/church.avi' , 24 );
INSERT INTO Video_Record(Date, Path, Camera_number) VALUES('2019-11-03' , '/dev/hospital/video_records/2019-11-03/production.avi' , 19 );
INSERT INTO Video_Record(Date, Path, Camera_number) VALUES('2019-11-12' , '/dev/hospital/video_records/2019-11-12/early.avi' , 23 );
INSERT INTO Video_Record(Date, Path, Camera_number) VALUES('2019-11-10' , '/dev/hospital/video_records/2019-11-10/language.avi' , 50 );
INSERT INTO Video_Record(Date, Path, Camera_number) VALUES('2019-11-12' , '/dev/hospital/video_records/2019-11-12/either.avi' , 15 );
INSERT INTO Video_Record(Date, Path, Camera_number) VALUES('2019-11-02' , '/dev/hospital/video_records/2019-11-02/face.avi' , 36 );
INSERT INTO Video_Record(Date, Path, Camera_number) VALUES('2019-11-22' , '/dev/hospital/video_records/2019-11-22/similar.avi' , 33 );
INSERT INTO Video_Record(Date, Path, Camera_number) VALUES('2019-11-05' , '/dev/hospital/video_records/2019-11-05/skin.avi' , 11 );
INSERT INTO Video_Record(Date, Path, Camera_number) VALUES('2019-11-01' , '/dev/hospital/video_records/2019-11-01/simple.avi' , 24 );
INSERT INTO Video_Record(Date, Path, Camera_number) VALUES('2019-11-18' , '/dev/hospital/video_records/2019-11-18/purpose.avi' , 49 );
INSERT INTO Video_Record(Date, Path, Camera_number) VALUES('2019-11-05' , '/dev/hospital/video_records/2019-11-05/nothing.avi' , 19 );
INSERT INTO Video_Record(Date, Path, Camera_number) VALUES('2019-11-10' , '/dev/hospital/video_records/2019-11-10/power.avi' , 11 );
INSERT INTO Video_Record(Date, Path, Camera_number) VALUES('2019-11-10' , '/dev/hospital/video_records/2019-11-10/reach.avi' , 11 );
INSERT INTO Video_Record(Date, Path, Camera_number) VALUES('2019-11-15' , '/dev/hospital/video_records/2019-11-15/matter.avi' , 31 );
INSERT INTO Video_Record(Date, Path, Camera_number) VALUES('2019-11-24' , '/dev/hospital/video_records/2019-11-24/admit.avi' , 32 );
INSERT INTO Video_Record(Date, Path, Camera_number) VALUES('2019-11-11' , '/dev/hospital/video_records/2019-11-11/ok.avi' , 33 );
INSERT INTO Video_Record(Date, Path, Camera_number) VALUES('2019-11-20' , '/dev/hospital/video_records/2019-11-20/happen.avi' , 42 );
INSERT INTO Video_Record(Date, Path, Camera_number) VALUES('2019-11-14' , '/dev/hospital/video_records/2019-11-14/individual.avi' , 36 );
INSERT INTO Video_Record(Date, Path, Camera_number) VALUES('2019-11-20' , '/dev/hospital/video_records/2019-11-20/house.avi' , 25 );
INSERT INTO Video_Record(Date, Path, Camera_number) VALUES('2019-11-21' , '/dev/hospital/video_records/2019-11-21/act.avi' , 11 );
INSERT INTO Video_Record(Date, Path, Camera_number) VALUES('2019-11-24' , '/dev/hospital/video_records/2019-11-24/fund.avi' , 40 );
INSERT INTO Video_Record(Date, Path, Camera_number) VALUES('2019-11-22' , '/dev/hospital/video_records/2019-11-22/many.avi' , 3 );
INSERT INTO Video_Record(Date, Path, Camera_number) VALUES('2019-11-24' , '/dev/hospital/video_records/2019-11-24/million.avi' , 16 );
INSERT INTO Video_Record(Date, Path, Camera_number) VALUES('2019-11-07' , '/dev/hospital/video_records/2019-11-07/method.avi' , 25 );
INSERT INTO Video_Record(Date, Path, Camera_number) VALUES('2019-11-17' , '/dev/hospital/video_records/2019-11-17/determine.avi' , 44 );
INSERT INTO Video_Record(Date, Path, Camera_number) VALUES('2019-11-01' , '/dev/hospital/video_records/2019-11-01/grow.avi' , 17 );
INSERT INTO Video_Record(Date, Path, Camera_number) VALUES('2019-11-09' , '/dev/hospital/video_records/2019-11-09/job.avi' , 13 );
INSERT INTO Video_Record(Date, Path, Camera_number) VALUES('2019-11-23' , '/dev/hospital/video_records/2019-11-23/stage.avi' , 35 );
INSERT INTO Video_Record(Date, Path, Camera_number) VALUES('2019-11-23' , '/dev/hospital/video_records/2019-11-23/sense.avi' , 50 );
INSERT INTO Video_Record(Date, Path, Camera_number) VALUES('2019-11-19' , '/dev/hospital/video_records/2019-11-19/after.avi' , 3 );
INSERT INTO Video_Record(Date, Path, Camera_number) VALUES('2019-11-08' , '/dev/hospital/video_records/2019-11-08/truth.avi' , 26 );
INSERT INTO Video_Record(Date, Path, Camera_number) VALUES('2019-11-06' , '/dev/hospital/video_records/2019-11-06/food.avi' , 22 );
INSERT INTO Video_Record(Date, Path, Camera_number) VALUES('2019-11-13' , '/dev/hospital/video_records/2019-11-13/west.avi' , 40 );
INSERT INTO Video_Record(Date, Path, Camera_number) VALUES('2019-11-03' , '/dev/hospital/video_records/2019-11-03/can.avi' , 16 );
INSERT INTO Video_Record(Date, Path, Camera_number) VALUES('2019-11-13' , '/dev/hospital/video_records/2019-11-13/expert.avi' , 38 );
INSERT INTO Video_Record(Date, Path, Camera_number) VALUES('2019-11-05' , '/dev/hospital/video_records/2019-11-05/task.avi' , 27 );
INSERT INTO Video_Record(Date, Path, Camera_number) VALUES('2019-11-22' , '/dev/hospital/video_records/2019-11-22/message.avi' , 42 );
INSERT INTO Video_Record(Date, Path, Camera_number) VALUES('2019-11-20' , '/dev/hospital/video_records/2019-11-20/party.avi' , 13 );
INSERT INTO Video_Record(Date, Path, Camera_number) VALUES('2019-11-02' , '/dev/hospital/video_records/2019-11-02/paper.avi' , 22 );
INSERT INTO Video_Record(Date, Path, Camera_number) VALUES('2019-11-17' , '/dev/hospital/video_records/2019-11-17/test.avi' , 9 );
INSERT INTO Video_Record(Date, Path, Camera_number) VALUES('2019-11-10' , '/dev/hospital/video_records/2019-11-10/their.avi' , 31 );
INSERT INTO Video_Record(Date, Path, Camera_number) VALUES('2019-11-20' , '/dev/hospital/video_records/2019-11-20/staff.avi' , 12 );
INSERT INTO Video_Record(Date, Path, Camera_number) VALUES('2019-11-05' , '/dev/hospital/video_records/2019-11-05/Democrat.avi' , 6 );
INSERT INTO Video_Record(Date, Path, Camera_number) VALUES('2019-11-06' , '/dev/hospital/video_records/2019-11-06/ask.avi' , 40 );
INSERT INTO Video_Record(Date, Path, Camera_number) VALUES('2019-11-06' , '/dev/hospital/video_records/2019-11-06/under.avi' , 48 );
INSERT INTO Video_Record(Date, Path, Camera_number) VALUES('2019-11-07' , '/dev/hospital/video_records/2019-11-07/wear.avi' , 11 );
INSERT INTO Video_Record(Date, Path, Camera_number) VALUES('2019-11-02' , '/dev/hospital/video_records/2019-11-02/again.avi' , 11 );
INSERT INTO Video_Record(Date, Path, Camera_number) VALUES('2019-11-15' , '/dev/hospital/video_records/2019-11-15/recent.avi' , 32 );
INSERT INTO Video_Record(Date, Path, Camera_number) VALUES('2019-11-11' , '/dev/hospital/video_records/2019-11-11/memory.avi' , 10 );
INSERT INTO Video_Record(Date, Path, Camera_number) VALUES('2019-11-22' , '/dev/hospital/video_records/2019-11-22/son.avi' , 36 );
INSERT INTO Video_Record(Date, Path, Camera_number) VALUES('2019-11-05' , '/dev/hospital/video_records/2019-11-05/everyone.avi' , 18 );
INSERT INTO Video_Record(Date, Path, Camera_number) VALUES('2019-11-11' , '/dev/hospital/video_records/2019-11-11/brother.avi' , 32 );
INSERT INTO Video_Record(Date, Path, Camera_number) VALUES('2019-11-05' , '/dev/hospital/video_records/2019-11-05/skin.avi' , 17 );
INSERT INTO Video_Record(Date, Path, Camera_number) VALUES('2019-11-03' , '/dev/hospital/video_records/2019-11-03/action.avi' , 22 );
INSERT INTO Video_Record(Date, Path, Camera_number) VALUES('2019-11-19' , '/dev/hospital/video_records/2019-11-19/outside.avi' , 45 );
INSERT INTO Video_Record(Date, Path, Camera_number) VALUES('2019-11-23' , '/dev/hospital/video_records/2019-11-23/tough.avi' , 2 );
INSERT INTO Video_Record(Date, Path, Camera_number) VALUES('2019-11-24' , '/dev/hospital/video_records/2019-11-24/appear.avi' , 27 );
INSERT INTO Video_Record(Date, Path, Camera_number) VALUES('2019-11-24' , '/dev/hospital/video_records/2019-11-24/station.avi' , 41 );
INSERT INTO Video_Record(Date, Path, Camera_number) VALUES('2019-11-22' , '/dev/hospital/video_records/2019-11-22/center.avi' , 27 );
INSERT INTO Video_Record(Date, Path, Camera_number) VALUES('2019-11-24' , '/dev/hospital/video_records/2019-11-24/painting.avi' , 36 );
INSERT INTO Video_Record(Date, Path, Camera_number) VALUES('2019-11-11' , '/dev/hospital/video_records/2019-11-11/economic.avi' , 19 );
INSERT INTO Video_Record(Date, Path, Camera_number) VALUES('2019-11-15' , '/dev/hospital/video_records/2019-11-15/sit.avi' , 49 );
INSERT INTO Video_Record(Date, Path, Camera_number) VALUES('2019-11-04' , '/dev/hospital/video_records/2019-11-04/growth.avi' , 31 );
INSERT INTO Video_Record(Date, Path, Camera_number) VALUES('2019-11-23' , '/dev/hospital/video_records/2019-11-23/while.avi' , 31 );
INSERT INTO Video_Record(Date, Path, Camera_number) VALUES('2019-11-02' , '/dev/hospital/video_records/2019-11-02/apply.avi' , 37 );
INSERT INTO Video_Record(Date, Path, Camera_number) VALUES('2019-11-04' , '/dev/hospital/video_records/2019-11-04/within.avi' , 10 );
INSERT INTO Video_Record(Date, Path, Camera_number) VALUES('2019-11-11' , '/dev/hospital/video_records/2019-11-11/today.avi' , 34 );
INSERT INTO Video_Record(Date, Path, Camera_number) VALUES('2019-11-24' , '/dev/hospital/video_records/2019-11-24/writer.avi' , 29 );
INSERT INTO Video_Record(Date, Path, Camera_number) VALUES('2019-11-05' , '/dev/hospital/video_records/2019-11-05/spring.avi' , 6 );
INSERT INTO Video_Record(Date, Path, Camera_number) VALUES('2019-11-08' , '/dev/hospital/video_records/2019-11-08/like.avi' , 29 );
INSERT INTO Video_Record(Date, Path, Camera_number) VALUES('2019-11-03' , '/dev/hospital/video_records/2019-11-03/together.avi' , 33 );
INSERT INTO Video_Record(Date, Path, Camera_number) VALUES('2019-11-18' , '/dev/hospital/video_records/2019-11-18/sound.avi' , 46 );
INSERT INTO Video_Record(Date, Path, Camera_number) VALUES('2019-11-22' , '/dev/hospital/video_records/2019-11-22/alone.avi' , 5 );
INSERT INTO Video_Record(Date, Path, Camera_number) VALUES('2019-11-18' , '/dev/hospital/video_records/2019-11-18/protect.avi' , 17 );
INSERT INTO Video_Record(Date, Path, Camera_number) VALUES('2019-11-03' , '/dev/hospital/video_records/2019-11-03/certain.avi' , 33 );
INSERT INTO Video_Record(Date, Path, Camera_number) VALUES('2019-11-04' , '/dev/hospital/video_records/2019-11-04/care.avi' , 3 );
INSERT INTO Video_Record(Date, Path, Camera_number) VALUES('2019-11-09' , '/dev/hospital/video_records/2019-11-09/remember.avi' , 35 );
INSERT INTO Video_Record(Date, Path, Camera_number) VALUES('2019-11-23' , '/dev/hospital/video_records/2019-11-23/community.avi' , 12 );
INSERT INTO Video_Record(Date, Path, Camera_number) VALUES('2019-11-16' , '/dev/hospital/video_records/2019-11-16/ok.avi' , 10 );
INSERT INTO Video_Record(Date, Path, Camera_number) VALUES('2019-11-02' , '/dev/hospital/video_records/2019-11-02/two.avi' , 13 );
INSERT INTO Video_Record(Date, Path, Camera_number) VALUES('2019-11-01' , '/dev/hospital/video_records/2019-11-01/official.avi' , 44 );
INSERT INTO Video_Record(Date, Path, Camera_number) VALUES('2019-11-07' , '/dev/hospital/video_records/2019-11-07/enter.avi' , 12 );
INSERT INTO Video_Record(Date, Path, Camera_number) VALUES('2019-11-16' , '/dev/hospital/video_records/2019-11-16/difference.avi' , 39 );
INSERT INTO Video_Record(Date, Path, Camera_number) VALUES('2019-11-06' , '/dev/hospital/video_records/2019-11-06/character.avi' , 23 );
INSERT INTO Video_Record(Date, Path, Camera_number) VALUES('2019-11-08' , '/dev/hospital/video_records/2019-11-08/although.avi' , 5 );
INSERT INTO Video_Record(Date, Path, Camera_number) VALUES('2019-11-18' , '/dev/hospital/video_records/2019-11-18/certain.avi' , 35 );
INSERT INTO Video_Record(Date, Path, Camera_number) VALUES('2019-11-14' , '/dev/hospital/video_records/2019-11-14/full.avi' , 9 );
INSERT INTO Video_Record(Date, Path, Camera_number) VALUES('2019-11-19' , '/dev/hospital/video_records/2019-11-19/military.avi' , 10 );
INSERT INTO Video_Record(Date, Path, Camera_number) VALUES('2019-11-23' , '/dev/hospital/video_records/2019-11-23/alone.avi' , 33 );
INSERT INTO Video_Record(Date, Path, Camera_number) VALUES('2019-11-01' , '/dev/hospital/video_records/2019-11-01/only.avi' , 8 );
INSERT INTO Video_Record(Date, Path, Camera_number) VALUES('2019-11-16' , '/dev/hospital/video_records/2019-11-16/discuss.avi' , 28 );
INSERT INTO Video_Record(Date, Path, Camera_number) VALUES('2019-11-11' , '/dev/hospital/video_records/2019-11-11/edge.avi' , 48 );
INSERT INTO Video_Record(Date, Path, Camera_number) VALUES('2019-11-04' , '/dev/hospital/video_records/2019-11-04/today.avi' , 32 );
INSERT INTO Video_Record(Date, Path, Camera_number) VALUES('2019-11-16' , '/dev/hospital/video_records/2019-11-16/along.avi' , 7 );
INSERT INTO Video_Record(Date, Path, Camera_number) VALUES('2019-11-17' , '/dev/hospital/video_records/2019-11-17/finally.avi' , 20 );
INSERT INTO Video_Record(Date, Path, Camera_number) VALUES('2019-11-24' , '/dev/hospital/video_records/2019-11-24/pick.avi' , 41 );
INSERT INTO Video_Record(Date, Path, Camera_number) VALUES('2019-11-14' , '/dev/hospital/video_records/2019-11-14/thousand.avi' , 49 );
INSERT INTO Video_Record(Date, Path, Camera_number) VALUES('2019-11-08' , '/dev/hospital/video_records/2019-11-08/century.avi' , 40 );
INSERT INTO Video_Record(Date, Path, Camera_number) VALUES('2019-11-05' , '/dev/hospital/video_records/2019-11-05/medical.avi' , 43 );
INSERT INTO Video_Record(Date, Path, Camera_number) VALUES('2019-11-14' , '/dev/hospital/video_records/2019-11-14/watch.avi' , 37 );
INSERT INTO Video_Record(Date, Path, Camera_number) VALUES('2019-11-10' , '/dev/hospital/video_records/2019-11-10/during.avi' , 37 );
INSERT INTO Video_Record(Date, Path, Camera_number) VALUES('2019-11-18' , '/dev/hospital/video_records/2019-11-18/operation.avi' , 21 );
INSERT INTO Video_Record(Date, Path, Camera_number) VALUES('2019-11-23' , '/dev/hospital/video_records/2019-11-23/toward.avi' , 42 );
INSERT INTO Video_Record(Date, Path, Camera_number) VALUES('2019-11-13' , '/dev/hospital/video_records/2019-11-13/pretty.avi' , 18 );
INSERT INTO Video_Record(Date, Path, Camera_number) VALUES('2019-11-18' , '/dev/hospital/video_records/2019-11-18/beyond.avi' , 14 );
INSERT INTO Video_Record(Date, Path, Camera_number) VALUES('2019-11-08' , '/dev/hospital/video_records/2019-11-08/build.avi' , 47 );
INSERT INTO Video_Record(Date, Path, Camera_number) VALUES('2019-11-23' , '/dev/hospital/video_records/2019-11-23/still.avi' , 49 );
INSERT INTO Video_Record(Date, Path, Camera_number) VALUES('2019-11-06' , '/dev/hospital/video_records/2019-11-06/when.avi' , 24 );
INSERT INTO Video_Record(Date, Path, Camera_number) VALUES('2019-11-08' , '/dev/hospital/video_records/2019-11-08/body.avi' , 19 );
INSERT INTO Video_Record(Date, Path, Camera_number) VALUES('2019-11-08' , '/dev/hospital/video_records/2019-11-08/even.avi' , 10 );
INSERT INTO Video_Record(Date, Path, Camera_number) VALUES('2019-11-01' , '/dev/hospital/video_records/2019-11-01/agreement.avi' , 49 );
INSERT INTO Video_Record(Date, Path, Camera_number) VALUES('2019-11-11' , '/dev/hospital/video_records/2019-11-11/record.avi' , 28 );
INSERT INTO Video_Record(Date, Path, Camera_number) VALUES('2019-11-23' , '/dev/hospital/video_records/2019-11-23/agent.avi' , 27 );
INSERT INTO Video_Record(Date, Path, Camera_number) VALUES('2019-11-06' , '/dev/hospital/video_records/2019-11-06/customer.avi' , 31 );
INSERT INTO Video_Record(Date, Path, Camera_number) VALUES('2019-11-15' , '/dev/hospital/video_records/2019-11-15/one.avi' , 1 );
INSERT INTO Video_Record(Date, Path, Camera_number) VALUES('2019-11-04' , '/dev/hospital/video_records/2019-11-04/bill.avi' , 37 );
INSERT INTO Video_Record(Date, Path, Camera_number) VALUES('2019-11-12' , '/dev/hospital/video_records/2019-11-12/reach.avi' , 34 );
INSERT INTO Video_Record(Date, Path, Camera_number) VALUES('2019-11-03' , '/dev/hospital/video_records/2019-11-03/out.avi' , 21 );
INSERT INTO Video_Record(Date, Path, Camera_number) VALUES('2019-11-15' , '/dev/hospital/video_records/2019-11-15/father.avi' , 18 );
INSERT INTO Video_Record(Date, Path, Camera_number) VALUES('2019-11-20' , '/dev/hospital/video_records/2019-11-20/dinner.avi' , 44 );
INSERT INTO Video_Record(Date, Path, Camera_number) VALUES('2019-11-15' , '/dev/hospital/video_records/2019-11-15/possible.avi' , 18 );
INSERT INTO Video_Record(Date, Path, Camera_number) VALUES('2019-11-14' , '/dev/hospital/video_records/2019-11-14/business.avi' , 26 );
INSERT INTO Video_Record(Date, Path, Camera_number) VALUES('2019-11-02' , '/dev/hospital/video_records/2019-11-02/stuff.avi' , 2 );
INSERT INTO Video_Record(Date, Path, Camera_number) VALUES('2019-11-13' , '/dev/hospital/video_records/2019-11-13/across.avi' , 16 );
INSERT INTO Video_Record(Date, Path, Camera_number) VALUES('2019-11-19' , '/dev/hospital/video_records/2019-11-19/stage.avi' , 6 );
INSERT INTO Video_Record(Date, Path, Camera_number) VALUES('2019-11-07' , '/dev/hospital/video_records/2019-11-07/learn.avi' , 38 );
INSERT INTO Video_Record(Date, Path, Camera_number) VALUES('2019-11-14' , '/dev/hospital/video_records/2019-11-14/allow.avi' , 9 );
INSERT INTO Video_Record(Date, Path, Camera_number) VALUES('2019-11-06' , '/dev/hospital/video_records/2019-11-06/involve.avi' , 39 );
INSERT INTO Video_Record(Date, Path, Camera_number) VALUES('2019-11-07' , '/dev/hospital/video_records/2019-11-07/lead.avi' , 15 );
INSERT INTO Video_Record(Date, Path, Camera_number) VALUES('2019-11-20' , '/dev/hospital/video_records/2019-11-20/shoulder.avi' , 29 );
INSERT INTO Video_Record(Date, Path, Camera_number) VALUES('2019-11-14' , '/dev/hospital/video_records/2019-11-14/guess.avi' , 39 );
INSERT INTO Video_Record(Date, Path, Camera_number) VALUES('2019-11-03' , '/dev/hospital/video_records/2019-11-03/page.avi' , 21 );
INSERT INTO Video_Record(Date, Path, Camera_number) VALUES('2019-11-16' , '/dev/hospital/video_records/2019-11-16/performance.avi' , 37 );
INSERT INTO Video_Record(Date, Path, Camera_number) VALUES('2019-11-05' , '/dev/hospital/video_records/2019-11-05/able.avi' , 9 );
INSERT INTO Video_Record(Date, Path, Camera_number) VALUES('2019-11-03' , '/dev/hospital/video_records/2019-11-03/across.avi' , 38 );
INSERT INTO Video_Record(Date, Path, Camera_number) VALUES('2019-11-02' , '/dev/hospital/video_records/2019-11-02/yeah.avi' , 22 );
INSERT INTO Video_Record(Date, Path, Camera_number) VALUES('2019-11-19' , '/dev/hospital/video_records/2019-11-19/material.avi' , 42 );
INSERT INTO Video_Record(Date, Path, Camera_number) VALUES('2019-11-14' , '/dev/hospital/video_records/2019-11-14/kid.avi' , 49 );
INSERT INTO Video_Record(Date, Path, Camera_number) VALUES('2019-11-16' , '/dev/hospital/video_records/2019-11-16/station.avi' , 47 );
INSERT INTO Video_Record(Date, Path, Camera_number) VALUES('2019-11-13' , '/dev/hospital/video_records/2019-11-13/child.avi' , 39 );
INSERT INTO Video_Record(Date, Path, Camera_number) VALUES('2019-11-03' , '/dev/hospital/video_records/2019-11-03/receive.avi' , 6 );
INSERT INTO Video_Record(Date, Path, Camera_number) VALUES('2019-11-22' , '/dev/hospital/video_records/2019-11-22/difference.avi' , 13 );
INSERT INTO Video_Record(Date, Path, Camera_number) VALUES('2019-11-23' , '/dev/hospital/video_records/2019-11-23/standard.avi' , 46 );
INSERT INTO Video_Record(Date, Path, Camera_number) VALUES('2019-11-02' , '/dev/hospital/video_records/2019-11-02/rate.avi' , 14 );
INSERT INTO Equipment(Name, Quantity) VALUES ( 'Bed',  6 );
INSERT INTO Nonmedical_equipment(Equipment_id) VALUES ((SELECT CURRVAL('Equipment_equipment_id_seq')) );
INSERT INTO Equipment(Name, Quantity) VALUES ( 'Table lamp',  5 );
INSERT INTO Nonmedical_equipment(Equipment_id) VALUES ((SELECT CURRVAL('Equipment_equipment_id_seq')) );
INSERT INTO Equipment(Name, Quantity) VALUES ( 'Nebulizer',  7 );
INSERT INTO Medical_equipment(Equipment_id) VALUES ((SELECT CURRVAL('Equipment_equipment_id_seq') )) ;
INSERT INTO Equipment(Name, Quantity) VALUES ( 'Bed',  5 );
INSERT INTO Nonmedical_equipment(Equipment_id) VALUES ((SELECT CURRVAL('Equipment_equipment_id_seq')) );
INSERT INTO Equipment(Name, Quantity) VALUES ( 'Lab Refrigerator',  6 );
INSERT INTO Medical_equipment(Equipment_id) VALUES ((SELECT CURRVAL('Equipment_equipment_id_seq') )) ;
INSERT INTO Equipment(Name, Quantity) VALUES ( 'Wardrobe',  9 );
INSERT INTO Nonmedical_equipment(Equipment_id) VALUES ((SELECT CURRVAL('Equipment_equipment_id_seq')) );
INSERT INTO Equipment(Name, Quantity) VALUES ( 'Infusion Pump',  1 );
INSERT INTO Medical_equipment(Equipment_id) VALUES ((SELECT CURRVAL('Equipment_equipment_id_seq') )) ;
INSERT INTO Equipment(Name, Quantity) VALUES ( 'Lab Refrigerator',  4 );
INSERT INTO Medical_equipment(Equipment_id) VALUES ((SELECT CURRVAL('Equipment_equipment_id_seq') )) ;
INSERT INTO Equipment(Name, Quantity) VALUES ( 'Chair',  3 );
INSERT INTO Nonmedical_equipment(Equipment_id) VALUES ((SELECT CURRVAL('Equipment_equipment_id_seq')) );
INSERT INTO Equipment(Name, Quantity) VALUES ( 'Fetal Monitor',  4 );
INSERT INTO Medical_equipment(Equipment_id) VALUES ((SELECT CURRVAL('Equipment_equipment_id_seq') )) ;
INSERT INTO Equipment(Name, Quantity) VALUES ( 'Laryngoscope',  2 );
INSERT INTO Medical_equipment(Equipment_id) VALUES ((SELECT CURRVAL('Equipment_equipment_id_seq') )) ;
INSERT INTO Equipment(Name, Quantity) VALUES ( 'Table',  2 );
INSERT INTO Nonmedical_equipment(Equipment_id) VALUES ((SELECT CURRVAL('Equipment_equipment_id_seq')) );
INSERT INTO Equipment(Name, Quantity) VALUES ( 'Table lamp',  8 );
INSERT INTO Nonmedical_equipment(Equipment_id) VALUES ((SELECT CURRVAL('Equipment_equipment_id_seq')) );
INSERT INTO Equipment(Name, Quantity) VALUES ( 'Table lamp',  4 );
INSERT INTO Nonmedical_equipment(Equipment_id) VALUES ((SELECT CURRVAL('Equipment_equipment_id_seq')) );
INSERT INTO Equipment(Name, Quantity) VALUES ( 'Laryngoscope',  1 );
INSERT INTO Medical_equipment(Equipment_id) VALUES ((SELECT CURRVAL('Equipment_equipment_id_seq') )) ;
INSERT INTO Equipment(Name, Quantity) VALUES ( 'Infant Warmer',  2 );
INSERT INTO Medical_equipment(Equipment_id) VALUES ((SELECT CURRVAL('Equipment_equipment_id_seq') )) ;
INSERT INTO Equipment(Name, Quantity) VALUES ( 'IV Pole',  6 );
INSERT INTO Medical_equipment(Equipment_id) VALUES ((SELECT CURRVAL('Equipment_equipment_id_seq') )) ;
INSERT INTO Equipment(Name, Quantity) VALUES ( 'IV Pole',  1 );
INSERT INTO Medical_equipment(Equipment_id) VALUES ((SELECT CURRVAL('Equipment_equipment_id_seq') )) ;
INSERT INTO Equipment(Name, Quantity) VALUES ( 'Infusion Pump',  7 );
INSERT INTO Medical_equipment(Equipment_id) VALUES ((SELECT CURRVAL('Equipment_equipment_id_seq') )) ;
INSERT INTO Equipment(Name, Quantity) VALUES ( 'Laryngoscope',  5 );
INSERT INTO Medical_equipment(Equipment_id) VALUES ((SELECT CURRVAL('Equipment_equipment_id_seq') )) ;
INSERT INTO Equipment(Name, Quantity) VALUES ( 'Table lamp',  1 );
INSERT INTO Nonmedical_equipment(Equipment_id) VALUES ((SELECT CURRVAL('Equipment_equipment_id_seq')) );
INSERT INTO Equipment(Name, Quantity) VALUES ( 'Bed',  3 );
INSERT INTO Nonmedical_equipment(Equipment_id) VALUES ((SELECT CURRVAL('Equipment_equipment_id_seq')) );
INSERT INTO Equipment(Name, Quantity) VALUES ( 'Nebulizer',  7 );
INSERT INTO Medical_equipment(Equipment_id) VALUES ((SELECT CURRVAL('Equipment_equipment_id_seq') )) ;
INSERT INTO Equipment(Name, Quantity) VALUES ( 'Lab Microscope',  8 );
INSERT INTO Medical_equipment(Equipment_id) VALUES ((SELECT CURRVAL('Equipment_equipment_id_seq') )) ;
INSERT INTO Equipment(Name, Quantity) VALUES ( 'Bed',  8 );
INSERT INTO Nonmedical_equipment(Equipment_id) VALUES ((SELECT CURRVAL('Equipment_equipment_id_seq')) );
INSERT INTO Equipment(Name, Quantity) VALUES ( 'incubator',  1 );
INSERT INTO Medical_equipment(Equipment_id) VALUES ((SELECT CURRVAL('Equipment_equipment_id_seq') )) ;
INSERT INTO Equipment(Name, Quantity) VALUES ( 'Fetal Monitor',  6 );
INSERT INTO Medical_equipment(Equipment_id) VALUES ((SELECT CURRVAL('Equipment_equipment_id_seq') )) ;
INSERT INTO Equipment(Name, Quantity) VALUES ( 'Bed',  2 );
INSERT INTO Nonmedical_equipment(Equipment_id) VALUES ((SELECT CURRVAL('Equipment_equipment_id_seq')) );
INSERT INTO Equipment(Name, Quantity) VALUES ( 'Infusion Pump',  4 );
INSERT INTO Medical_equipment(Equipment_id) VALUES ((SELECT CURRVAL('Equipment_equipment_id_seq') )) ;
INSERT INTO Equipment(Name, Quantity) VALUES ( 'Lab Microscope',  2 );
INSERT INTO Medical_equipment(Equipment_id) VALUES ((SELECT CURRVAL('Equipment_equipment_id_seq') )) ;
INSERT INTO Equipment(Name, Quantity) VALUES ( 'Wardrobe',  5 );
INSERT INTO Nonmedical_equipment(Equipment_id) VALUES ((SELECT CURRVAL('Equipment_equipment_id_seq')) );
INSERT INTO Equipment(Name, Quantity) VALUES ( 'Lab Microscope',  4 );
INSERT INTO Medical_equipment(Equipment_id) VALUES ((SELECT CURRVAL('Equipment_equipment_id_seq') )) ;
INSERT INTO Equipment(Name, Quantity) VALUES ( 'IV Pole',  6 );
INSERT INTO Medical_equipment(Equipment_id) VALUES ((SELECT CURRVAL('Equipment_equipment_id_seq') )) ;
INSERT INTO Equipment(Name, Quantity) VALUES ( 'Infusion Pump',  1 );
INSERT INTO Medical_equipment(Equipment_id) VALUES ((SELECT CURRVAL('Equipment_equipment_id_seq') )) ;
INSERT INTO Equipment(Name, Quantity) VALUES ( 'Wardrobe',  3 );
INSERT INTO Nonmedical_equipment(Equipment_id) VALUES ((SELECT CURRVAL('Equipment_equipment_id_seq')) );
INSERT INTO Equipment(Name, Quantity) VALUES ( 'Feeding Pump',  9 );
INSERT INTO Medical_equipment(Equipment_id) VALUES ((SELECT CURRVAL('Equipment_equipment_id_seq') )) ;
INSERT INTO Equipment(Name, Quantity) VALUES ( 'Wardrobe',  5 );
INSERT INTO Nonmedical_equipment(Equipment_id) VALUES ((SELECT CURRVAL('Equipment_equipment_id_seq')) );
INSERT INTO Equipment(Name, Quantity) VALUES ( 'Table',  4 );
INSERT INTO Nonmedical_equipment(Equipment_id) VALUES ((SELECT CURRVAL('Equipment_equipment_id_seq')) );
INSERT INTO Equipment(Name, Quantity) VALUES ( 'Bed',  8 );
INSERT INTO Nonmedical_equipment(Equipment_id) VALUES ((SELECT CURRVAL('Equipment_equipment_id_seq')) );
INSERT INTO Equipment(Name, Quantity) VALUES ( 'Infusion Pump',  6 );
INSERT INTO Medical_equipment(Equipment_id) VALUES ((SELECT CURRVAL('Equipment_equipment_id_seq') )) ;
INSERT INTO Equipment(Name, Quantity) VALUES ( 'Fetal Monitor',  2 );
INSERT INTO Medical_equipment(Equipment_id) VALUES ((SELECT CURRVAL('Equipment_equipment_id_seq') )) ;
INSERT INTO Equipment(Name, Quantity) VALUES ( 'Infant Incubator',  1 );
INSERT INTO Medical_equipment(Equipment_id) VALUES ((SELECT CURRVAL('Equipment_equipment_id_seq') )) ;
INSERT INTO Equipment(Name, Quantity) VALUES ( 'Laryngoscope',  5 );
INSERT INTO Medical_equipment(Equipment_id) VALUES ((SELECT CURRVAL('Equipment_equipment_id_seq') )) ;
INSERT INTO Equipment(Name, Quantity) VALUES ( 'Infusion Pump',  6 );
INSERT INTO Medical_equipment(Equipment_id) VALUES ((SELECT CURRVAL('Equipment_equipment_id_seq') )) ;
INSERT INTO Equipment(Name, Quantity) VALUES ( 'Wardrobe',  3 );
INSERT INTO Nonmedical_equipment(Equipment_id) VALUES ((SELECT CURRVAL('Equipment_equipment_id_seq')) );
INSERT INTO Equipment(Name, Quantity) VALUES ( 'Infant Incubator',  6 );
INSERT INTO Medical_equipment(Equipment_id) VALUES ((SELECT CURRVAL('Equipment_equipment_id_seq') )) ;
INSERT INTO Equipment(Name, Quantity) VALUES ( 'Infusion Pump',  7 );
INSERT INTO Medical_equipment(Equipment_id) VALUES ((SELECT CURRVAL('Equipment_equipment_id_seq') )) ;
INSERT INTO Equipment(Name, Quantity) VALUES ( 'Fetal Doppler',  8 );
INSERT INTO Medical_equipment(Equipment_id) VALUES ((SELECT CURRVAL('Equipment_equipment_id_seq') )) ;
INSERT INTO Equipment(Name, Quantity) VALUES ( 'Nebulizer',  2 );
INSERT INTO Medical_equipment(Equipment_id) VALUES ((SELECT CURRVAL('Equipment_equipment_id_seq') )) ;
INSERT INTO Equipment(Name, Quantity) VALUES ( 'Fetal Doppler',  6 );
INSERT INTO Medical_equipment(Equipment_id) VALUES ((SELECT CURRVAL('Equipment_equipment_id_seq') )) ;
