INSERT INTO Account(Login, Password, Permission_level, Date_of_creation, Last_time_online) VALUES ('michaelbeck','_#sE8lynT4' , 3 , '2013-02-14 14:07:23' , '2019-11-19 21:08:31');
INSERT INTO Staff(Passport_number, Account_id, Full_name, Position) VALUES (13307172 , (SELECT CURRVAL('account_account_id_seq') ),'Lauren Hunt' , 'Nurse' );
INSERT INTO Medical_staff(Passport_number) VALUES (13307172);
INSERT INTO Account(Login, Password, Permission_level, Date_of_creation, Last_time_online) VALUES ('james90','cSX4H%Nh$5' , 4 , '2012-04-10 13:17:37' , '2019-11-20 04:20:16');
INSERT INTO Staff(Passport_number, Account_id, Full_name, Position) VALUES (68872670 , (SELECT CURRVAL('account_account_id_seq') ),'Robert Johnson' , 'IT department' );
INSERT INTO Nonmedical_staff(Passport_number) VALUES (68872670);
INSERT INTO Account(Login, Password, Permission_level, Date_of_creation, Last_time_online) VALUES ('ericcardenas','b&zh#7Hh&s' , 1 , '2010-09-17 12:20:57' , '2019-11-24 02:51:15');
INSERT INTO Staff(Passport_number, Account_id, Full_name, Position) VALUES (92104891 , (SELECT CURRVAL('account_account_id_seq') ),'Melissa Oconnell' , 'Doctor' );
INSERT INTO Medical_staff(Passport_number) VALUES (92104891);
INSERT INTO Doctor(MS_id, Specialization) VALUES ((SELECT CURRVAL('medical_staff_ms_id_seq')), 'Cardiology' );
INSERT INTO Schedule(Doctor_id, Day, Time) VALUES ((SELECT CURRVAL('Doctor_doctor_id_seq')), 'SUN' , '0:00' );
INSERT INTO Schedule(Doctor_id, Day, Time) VALUES ((SELECT CURRVAL('Doctor_doctor_id_seq')), 'SUN' , '2:00' );
INSERT INTO Schedule(Doctor_id, Day, Time) VALUES ((SELECT CURRVAL('Doctor_doctor_id_seq')), 'SUN' , '4:00' );
INSERT INTO Schedule(Doctor_id, Day, Time) VALUES ((SELECT CURRVAL('Doctor_doctor_id_seq')), 'SUN' , '9:00' );
INSERT INTO Schedule(Doctor_id, Day, Time) VALUES ((SELECT CURRVAL('Doctor_doctor_id_seq')), 'SUN' , '11:00' );
INSERT INTO Schedule(Doctor_id, Day, Time) VALUES ((SELECT CURRVAL('Doctor_doctor_id_seq')), 'SUN' , '19:00' );
INSERT INTO Schedule(Doctor_id, Day, Time) VALUES ((SELECT CURRVAL('Doctor_doctor_id_seq')), 'SUN' , '20:00' );
INSERT INTO Schedule(Doctor_id, Day, Time) VALUES ((SELECT CURRVAL('Doctor_doctor_id_seq')), 'SUN' , '22:00' );
INSERT INTO Schedule(Doctor_id, Day, Time) VALUES ((SELECT CURRVAL('Doctor_doctor_id_seq')), 'MON' , '5:00' );
INSERT INTO Schedule(Doctor_id, Day, Time) VALUES ((SELECT CURRVAL('Doctor_doctor_id_seq')), 'MON' , '6:00' );
INSERT INTO Schedule(Doctor_id, Day, Time) VALUES ((SELECT CURRVAL('Doctor_doctor_id_seq')), 'MON' , '8:00' );
INSERT INTO Schedule(Doctor_id, Day, Time) VALUES ((SELECT CURRVAL('Doctor_doctor_id_seq')), 'MON' , '18:00' );
INSERT INTO Schedule(Doctor_id, Day, Time) VALUES ((SELECT CURRVAL('Doctor_doctor_id_seq')), 'MON' , '23:00' );
INSERT INTO Schedule(Doctor_id, Day, Time) VALUES ((SELECT CURRVAL('Doctor_doctor_id_seq')), 'TUE' , '1:00' );
INSERT INTO Schedule(Doctor_id, Day, Time) VALUES ((SELECT CURRVAL('Doctor_doctor_id_seq')), 'TUE' , '5:00' );
INSERT INTO Schedule(Doctor_id, Day, Time) VALUES ((SELECT CURRVAL('Doctor_doctor_id_seq')), 'TUE' , '6:00' );
INSERT INTO Schedule(Doctor_id, Day, Time) VALUES ((SELECT CURRVAL('Doctor_doctor_id_seq')), 'TUE' , '7:00' );
INSERT INTO Schedule(Doctor_id, Day, Time) VALUES ((SELECT CURRVAL('Doctor_doctor_id_seq')), 'TUE' , '9:00' );
INSERT INTO Schedule(Doctor_id, Day, Time) VALUES ((SELECT CURRVAL('Doctor_doctor_id_seq')), 'TUE' , '17:00' );
INSERT INTO Schedule(Doctor_id, Day, Time) VALUES ((SELECT CURRVAL('Doctor_doctor_id_seq')), 'TUE' , '20:00' );
INSERT INTO Schedule(Doctor_id, Day, Time) VALUES ((SELECT CURRVAL('Doctor_doctor_id_seq')), 'WED' , '0:00' );
INSERT INTO Schedule(Doctor_id, Day, Time) VALUES ((SELECT CURRVAL('Doctor_doctor_id_seq')), 'WED' , '7:00' );
INSERT INTO Schedule(Doctor_id, Day, Time) VALUES ((SELECT CURRVAL('Doctor_doctor_id_seq')), 'WED' , '21:00' );
INSERT INTO Schedule(Doctor_id, Day, Time) VALUES ((SELECT CURRVAL('Doctor_doctor_id_seq')), 'WED' , '22:00' );
INSERT INTO Schedule(Doctor_id, Day, Time) VALUES ((SELECT CURRVAL('Doctor_doctor_id_seq')), 'WED' , '23:00' );
INSERT INTO Schedule(Doctor_id, Day, Time) VALUES ((SELECT CURRVAL('Doctor_doctor_id_seq')), 'THU' , '4:00' );
INSERT INTO Schedule(Doctor_id, Day, Time) VALUES ((SELECT CURRVAL('Doctor_doctor_id_seq')), 'THU' , '13:00' );
INSERT INTO Schedule(Doctor_id, Day, Time) VALUES ((SELECT CURRVAL('Doctor_doctor_id_seq')), 'THU' , '16:00' );
INSERT INTO Schedule(Doctor_id, Day, Time) VALUES ((SELECT CURRVAL('Doctor_doctor_id_seq')), 'THU' , '18:00' );
INSERT INTO Schedule(Doctor_id, Day, Time) VALUES ((SELECT CURRVAL('Doctor_doctor_id_seq')), 'THU' , '23:00' );
INSERT INTO Schedule(Doctor_id, Day, Time) VALUES ((SELECT CURRVAL('Doctor_doctor_id_seq')), 'FRI' , '2:00' );
INSERT INTO Schedule(Doctor_id, Day, Time) VALUES ((SELECT CURRVAL('Doctor_doctor_id_seq')), 'FRI' , '4:00' );
INSERT INTO Schedule(Doctor_id, Day, Time) VALUES ((SELECT CURRVAL('Doctor_doctor_id_seq')), 'FRI' , '10:00' );
INSERT INTO Schedule(Doctor_id, Day, Time) VALUES ((SELECT CURRVAL('Doctor_doctor_id_seq')), 'FRI' , '17:00' );
INSERT INTO Schedule(Doctor_id, Day, Time) VALUES ((SELECT CURRVAL('Doctor_doctor_id_seq')), 'FRI' , '18:00' );
INSERT INTO Schedule(Doctor_id, Day, Time) VALUES ((SELECT CURRVAL('Doctor_doctor_id_seq')), 'FRI' , '19:00' );
INSERT INTO Schedule(Doctor_id, Day, Time) VALUES ((SELECT CURRVAL('Doctor_doctor_id_seq')), 'FRI' , '23:00' );
INSERT INTO Schedule(Doctor_id, Day, Time) VALUES ((SELECT CURRVAL('Doctor_doctor_id_seq')), 'SAT' , '1:00' );
INSERT INTO Schedule(Doctor_id, Day, Time) VALUES ((SELECT CURRVAL('Doctor_doctor_id_seq')), 'SAT' , '5:00' );
INSERT INTO Schedule(Doctor_id, Day, Time) VALUES ((SELECT CURRVAL('Doctor_doctor_id_seq')), 'SAT' , '7:00' );
INSERT INTO Schedule(Doctor_id, Day, Time) VALUES ((SELECT CURRVAL('Doctor_doctor_id_seq')), 'SAT' , '9:00' );
INSERT INTO Schedule(Doctor_id, Day, Time) VALUES ((SELECT CURRVAL('Doctor_doctor_id_seq')), 'SAT' , '12:00' );
INSERT INTO Schedule(Doctor_id, Day, Time) VALUES ((SELECT CURRVAL('Doctor_doctor_id_seq')), 'SAT' , '17:00' );
INSERT INTO Schedule(Doctor_id, Day, Time) VALUES ((SELECT CURRVAL('Doctor_doctor_id_seq')), 'SAT' , '19:00' );
INSERT INTO Schedule(Doctor_id, Day, Time) VALUES ((SELECT CURRVAL('Doctor_doctor_id_seq')), 'SAT' , '20:00' );
INSERT INTO Schedule(Doctor_id, Day, Time) VALUES ((SELECT CURRVAL('Doctor_doctor_id_seq')), 'SAT' , '21:00' );
INSERT INTO Account(Login, Password, Permission_level, Date_of_creation, Last_time_online) VALUES ('mayosandra','%#W4nLDfT2' , 1 , '2011-11-16 03:12:52' , '2019-11-21 01:59:52');
INSERT INTO Staff(Passport_number, Account_id, Full_name, Position) VALUES (24510592 , (SELECT CURRVAL('account_account_id_seq') ),'Tara Ellis' , 'Doctor' );
INSERT INTO Medical_staff(Passport_number) VALUES (24510592);
INSERT INTO Doctor(MS_id, Specialization) VALUES ((SELECT CURRVAL('medical_staff_ms_id_seq')), 'Obstetrics & Gynecology' );
INSERT INTO Schedule(Doctor_id, Day, Time) VALUES ((SELECT CURRVAL('Doctor_doctor_id_seq')), 'SUN' , '22:00' );
INSERT INTO Schedule(Doctor_id, Day, Time) VALUES ((SELECT CURRVAL('Doctor_doctor_id_seq')), 'MON' , '20:00' );
INSERT INTO Schedule(Doctor_id, Day, Time) VALUES ((SELECT CURRVAL('Doctor_doctor_id_seq')), 'TUE' , '5:00' );
INSERT INTO Schedule(Doctor_id, Day, Time) VALUES ((SELECT CURRVAL('Doctor_doctor_id_seq')), 'TUE' , '20:00' );
INSERT INTO Schedule(Doctor_id, Day, Time) VALUES ((SELECT CURRVAL('Doctor_doctor_id_seq')), 'TUE' , '23:00' );
INSERT INTO Schedule(Doctor_id, Day, Time) VALUES ((SELECT CURRVAL('Doctor_doctor_id_seq')), 'WED' , '13:00' );
INSERT INTO Schedule(Doctor_id, Day, Time) VALUES ((SELECT CURRVAL('Doctor_doctor_id_seq')), 'THU' , '3:00' );
INSERT INTO Schedule(Doctor_id, Day, Time) VALUES ((SELECT CURRVAL('Doctor_doctor_id_seq')), 'THU' , '4:00' );
INSERT INTO Schedule(Doctor_id, Day, Time) VALUES ((SELECT CURRVAL('Doctor_doctor_id_seq')), 'THU' , '6:00' );
INSERT INTO Schedule(Doctor_id, Day, Time) VALUES ((SELECT CURRVAL('Doctor_doctor_id_seq')), 'THU' , '15:00' );
INSERT INTO Schedule(Doctor_id, Day, Time) VALUES ((SELECT CURRVAL('Doctor_doctor_id_seq')), 'THU' , '21:00' );
INSERT INTO Account(Login, Password, Permission_level, Date_of_creation, Last_time_online) VALUES ('kathyjohnson','&7N2!Wy+Qb' , 2 , '2012-10-14 17:10:42' , '2019-11-21 04:12:17');
INSERT INTO Staff(Passport_number, Account_id, Full_name, Position) VALUES (94034967 , (SELECT CURRVAL('account_account_id_seq') ),'Stacey Brown' , 'Doctor' );
INSERT INTO Medical_staff(Passport_number) VALUES (94034967);
INSERT INTO Doctor(MS_id, Specialization) VALUES ((SELECT CURRVAL('medical_staff_ms_id_seq')), 'Bariatric Medicine/Surgery' );
INSERT INTO Schedule(Doctor_id, Day, Time) VALUES ((SELECT CURRVAL('Doctor_doctor_id_seq')), 'SUN' , '1:00' );
INSERT INTO Schedule(Doctor_id, Day, Time) VALUES ((SELECT CURRVAL('Doctor_doctor_id_seq')), 'SUN' , '2:00' );
INSERT INTO Schedule(Doctor_id, Day, Time) VALUES ((SELECT CURRVAL('Doctor_doctor_id_seq')), 'SUN' , '11:00' );
INSERT INTO Schedule(Doctor_id, Day, Time) VALUES ((SELECT CURRVAL('Doctor_doctor_id_seq')), 'MON' , '4:00' );
INSERT INTO Schedule(Doctor_id, Day, Time) VALUES ((SELECT CURRVAL('Doctor_doctor_id_seq')), 'MON' , '10:00' );
INSERT INTO Schedule(Doctor_id, Day, Time) VALUES ((SELECT CURRVAL('Doctor_doctor_id_seq')), 'MON' , '13:00' );
INSERT INTO Schedule(Doctor_id, Day, Time) VALUES ((SELECT CURRVAL('Doctor_doctor_id_seq')), 'MON' , '15:00' );
INSERT INTO Schedule(Doctor_id, Day, Time) VALUES ((SELECT CURRVAL('Doctor_doctor_id_seq')), 'MON' , '16:00' );
INSERT INTO Schedule(Doctor_id, Day, Time) VALUES ((SELECT CURRVAL('Doctor_doctor_id_seq')), 'MON' , '18:00' );
INSERT INTO Schedule(Doctor_id, Day, Time) VALUES ((SELECT CURRVAL('Doctor_doctor_id_seq')), 'TUE' , '9:00' );
INSERT INTO Schedule(Doctor_id, Day, Time) VALUES ((SELECT CURRVAL('Doctor_doctor_id_seq')), 'TUE' , '10:00' );
INSERT INTO Schedule(Doctor_id, Day, Time) VALUES ((SELECT CURRVAL('Doctor_doctor_id_seq')), 'TUE' , '11:00' );
INSERT INTO Schedule(Doctor_id, Day, Time) VALUES ((SELECT CURRVAL('Doctor_doctor_id_seq')), 'TUE' , '17:00' );
INSERT INTO Schedule(Doctor_id, Day, Time) VALUES ((SELECT CURRVAL('Doctor_doctor_id_seq')), 'TUE' , '19:00' );
INSERT INTO Schedule(Doctor_id, Day, Time) VALUES ((SELECT CURRVAL('Doctor_doctor_id_seq')), 'WED' , '12:00' );
INSERT INTO Schedule(Doctor_id, Day, Time) VALUES ((SELECT CURRVAL('Doctor_doctor_id_seq')), 'WED' , '13:00' );
INSERT INTO Schedule(Doctor_id, Day, Time) VALUES ((SELECT CURRVAL('Doctor_doctor_id_seq')), 'WED' , '18:00' );
INSERT INTO Schedule(Doctor_id, Day, Time) VALUES ((SELECT CURRVAL('Doctor_doctor_id_seq')), 'WED' , '22:00' );
INSERT INTO Schedule(Doctor_id, Day, Time) VALUES ((SELECT CURRVAL('Doctor_doctor_id_seq')), 'THU' , '0:00' );
INSERT INTO Schedule(Doctor_id, Day, Time) VALUES ((SELECT CURRVAL('Doctor_doctor_id_seq')), 'THU' , '2:00' );
INSERT INTO Schedule(Doctor_id, Day, Time) VALUES ((SELECT CURRVAL('Doctor_doctor_id_seq')), 'THU' , '5:00' );
INSERT INTO Schedule(Doctor_id, Day, Time) VALUES ((SELECT CURRVAL('Doctor_doctor_id_seq')), 'THU' , '7:00' );
INSERT INTO Schedule(Doctor_id, Day, Time) VALUES ((SELECT CURRVAL('Doctor_doctor_id_seq')), 'THU' , '16:00' );
INSERT INTO Schedule(Doctor_id, Day, Time) VALUES ((SELECT CURRVAL('Doctor_doctor_id_seq')), 'FRI' , '7:00' );
INSERT INTO Schedule(Doctor_id, Day, Time) VALUES ((SELECT CURRVAL('Doctor_doctor_id_seq')), 'FRI' , '12:00' );
INSERT INTO Schedule(Doctor_id, Day, Time) VALUES ((SELECT CURRVAL('Doctor_doctor_id_seq')), 'FRI' , '15:00' );
INSERT INTO Schedule(Doctor_id, Day, Time) VALUES ((SELECT CURRVAL('Doctor_doctor_id_seq')), 'SAT' , '1:00' );
INSERT INTO Schedule(Doctor_id, Day, Time) VALUES ((SELECT CURRVAL('Doctor_doctor_id_seq')), 'SAT' , '16:00' );
INSERT INTO Account(Login, Password, Permission_level, Date_of_creation, Last_time_online) VALUES ('franciscosimmons','+GSv#9jY66' , 1 , '2019-09-14 23:02:16' , '2019-11-18 16:49:28');
INSERT INTO Staff(Passport_number, Account_id, Full_name, Position) VALUES (65079553 , (SELECT CURRVAL('account_account_id_seq') ),'Brian Perkins' , 'Doctor' );
INSERT INTO Medical_staff(Passport_number) VALUES (65079553);
INSERT INTO Doctor(MS_id, Specialization) VALUES ((SELECT CURRVAL('medical_staff_ms_id_seq')), 'Cardiology' );
INSERT INTO Schedule(Doctor_id, Day, Time) VALUES ((SELECT CURRVAL('Doctor_doctor_id_seq')), 'SUN' , '6:00' );
INSERT INTO Schedule(Doctor_id, Day, Time) VALUES ((SELECT CURRVAL('Doctor_doctor_id_seq')), 'SUN' , '7:00' );
INSERT INTO Schedule(Doctor_id, Day, Time) VALUES ((SELECT CURRVAL('Doctor_doctor_id_seq')), 'SUN' , '14:00' );
INSERT INTO Schedule(Doctor_id, Day, Time) VALUES ((SELECT CURRVAL('Doctor_doctor_id_seq')), 'SUN' , '16:00' );
INSERT INTO Schedule(Doctor_id, Day, Time) VALUES ((SELECT CURRVAL('Doctor_doctor_id_seq')), 'SUN' , '17:00' );
INSERT INTO Schedule(Doctor_id, Day, Time) VALUES ((SELECT CURRVAL('Doctor_doctor_id_seq')), 'SUN' , '21:00' );
INSERT INTO Schedule(Doctor_id, Day, Time) VALUES ((SELECT CURRVAL('Doctor_doctor_id_seq')), 'SUN' , '23:00' );
INSERT INTO Schedule(Doctor_id, Day, Time) VALUES ((SELECT CURRVAL('Doctor_doctor_id_seq')), 'MON' , '0:00' );
INSERT INTO Schedule(Doctor_id, Day, Time) VALUES ((SELECT CURRVAL('Doctor_doctor_id_seq')), 'MON' , '4:00' );
INSERT INTO Schedule(Doctor_id, Day, Time) VALUES ((SELECT CURRVAL('Doctor_doctor_id_seq')), 'MON' , '21:00' );
INSERT INTO Schedule(Doctor_id, Day, Time) VALUES ((SELECT CURRVAL('Doctor_doctor_id_seq')), 'TUE' , '7:00' );
INSERT INTO Schedule(Doctor_id, Day, Time) VALUES ((SELECT CURRVAL('Doctor_doctor_id_seq')), 'TUE' , '10:00' );
INSERT INTO Schedule(Doctor_id, Day, Time) VALUES ((SELECT CURRVAL('Doctor_doctor_id_seq')), 'TUE' , '11:00' );
INSERT INTO Schedule(Doctor_id, Day, Time) VALUES ((SELECT CURRVAL('Doctor_doctor_id_seq')), 'WED' , '2:00' );
INSERT INTO Schedule(Doctor_id, Day, Time) VALUES ((SELECT CURRVAL('Doctor_doctor_id_seq')), 'WED' , '5:00' );
INSERT INTO Schedule(Doctor_id, Day, Time) VALUES ((SELECT CURRVAL('Doctor_doctor_id_seq')), 'WED' , '12:00' );
INSERT INTO Schedule(Doctor_id, Day, Time) VALUES ((SELECT CURRVAL('Doctor_doctor_id_seq')), 'WED' , '14:00' );
INSERT INTO Schedule(Doctor_id, Day, Time) VALUES ((SELECT CURRVAL('Doctor_doctor_id_seq')), 'WED' , '18:00' );
INSERT INTO Schedule(Doctor_id, Day, Time) VALUES ((SELECT CURRVAL('Doctor_doctor_id_seq')), 'WED' , '22:00' );
INSERT INTO Schedule(Doctor_id, Day, Time) VALUES ((SELECT CURRVAL('Doctor_doctor_id_seq')), 'THU' , '4:00' );
INSERT INTO Schedule(Doctor_id, Day, Time) VALUES ((SELECT CURRVAL('Doctor_doctor_id_seq')), 'THU' , '14:00' );
INSERT INTO Schedule(Doctor_id, Day, Time) VALUES ((SELECT CURRVAL('Doctor_doctor_id_seq')), 'THU' , '17:00' );
INSERT INTO Schedule(Doctor_id, Day, Time) VALUES ((SELECT CURRVAL('Doctor_doctor_id_seq')), 'THU' , '23:00' );
INSERT INTO Schedule(Doctor_id, Day, Time) VALUES ((SELECT CURRVAL('Doctor_doctor_id_seq')), 'FRI' , '0:00' );
INSERT INTO Schedule(Doctor_id, Day, Time) VALUES ((SELECT CURRVAL('Doctor_doctor_id_seq')), 'FRI' , '12:00' );
INSERT INTO Schedule(Doctor_id, Day, Time) VALUES ((SELECT CURRVAL('Doctor_doctor_id_seq')), 'FRI' , '22:00' );
INSERT INTO Schedule(Doctor_id, Day, Time) VALUES ((SELECT CURRVAL('Doctor_doctor_id_seq')), 'FRI' , '23:00' );
INSERT INTO Schedule(Doctor_id, Day, Time) VALUES ((SELECT CURRVAL('Doctor_doctor_id_seq')), 'SAT' , '6:00' );
INSERT INTO Schedule(Doctor_id, Day, Time) VALUES ((SELECT CURRVAL('Doctor_doctor_id_seq')), 'SAT' , '11:00' );
INSERT INTO Schedule(Doctor_id, Day, Time) VALUES ((SELECT CURRVAL('Doctor_doctor_id_seq')), 'SAT' , '14:00' );
INSERT INTO Account(Login, Password, Permission_level, Date_of_creation, Last_time_online) VALUES ('lmorgan','7fi7Zo)8Z)' , 4 , '2017-08-29 06:00:22' , '2019-11-23 02:44:45');
INSERT INTO Staff(Passport_number, Account_id, Full_name, Position) VALUES (54565050 , (SELECT CURRVAL('account_account_id_seq') ),'Joseph Greene' , 'Adminstration' );
INSERT INTO Nonmedical_staff(Passport_number) VALUES (54565050);
INSERT INTO Account(Login, Password, Permission_level, Date_of_creation, Last_time_online) VALUES ('ogray',')EA@z2Bk1w' , 1 , '2014-06-17 03:04:12' , '2019-11-24 09:48:51');
INSERT INTO Staff(Passport_number, Account_id, Full_name, Position) VALUES (32282948 , (SELECT CURRVAL('account_account_id_seq') ),'Daniel Hill' , 'Doctor' );
INSERT INTO Medical_staff(Passport_number) VALUES (32282948);
INSERT INTO Doctor(MS_id, Specialization) VALUES ((SELECT CURRVAL('medical_staff_ms_id_seq')), 'Colorectal Surgery' );
INSERT INTO Schedule(Doctor_id, Day, Time) VALUES ((SELECT CURRVAL('Doctor_doctor_id_seq')), 'SUN' , '4:00' );
INSERT INTO Schedule(Doctor_id, Day, Time) VALUES ((SELECT CURRVAL('Doctor_doctor_id_seq')), 'SUN' , '11:00' );
INSERT INTO Schedule(Doctor_id, Day, Time) VALUES ((SELECT CURRVAL('Doctor_doctor_id_seq')), 'SUN' , '21:00' );
INSERT INTO Schedule(Doctor_id, Day, Time) VALUES ((SELECT CURRVAL('Doctor_doctor_id_seq')), 'SUN' , '22:00' );
INSERT INTO Schedule(Doctor_id, Day, Time) VALUES ((SELECT CURRVAL('Doctor_doctor_id_seq')), 'SUN' , '23:00' );
INSERT INTO Schedule(Doctor_id, Day, Time) VALUES ((SELECT CURRVAL('Doctor_doctor_id_seq')), 'MON' , '3:00' );
INSERT INTO Schedule(Doctor_id, Day, Time) VALUES ((SELECT CURRVAL('Doctor_doctor_id_seq')), 'MON' , '21:00' );
INSERT INTO Schedule(Doctor_id, Day, Time) VALUES ((SELECT CURRVAL('Doctor_doctor_id_seq')), 'TUE' , '6:00' );
INSERT INTO Schedule(Doctor_id, Day, Time) VALUES ((SELECT CURRVAL('Doctor_doctor_id_seq')), 'TUE' , '9:00' );
INSERT INTO Schedule(Doctor_id, Day, Time) VALUES ((SELECT CURRVAL('Doctor_doctor_id_seq')), 'TUE' , '11:00' );
INSERT INTO Schedule(Doctor_id, Day, Time) VALUES ((SELECT CURRVAL('Doctor_doctor_id_seq')), 'TUE' , '13:00' );
INSERT INTO Schedule(Doctor_id, Day, Time) VALUES ((SELECT CURRVAL('Doctor_doctor_id_seq')), 'TUE' , '17:00' );
INSERT INTO Schedule(Doctor_id, Day, Time) VALUES ((SELECT CURRVAL('Doctor_doctor_id_seq')), 'TUE' , '21:00' );
INSERT INTO Schedule(Doctor_id, Day, Time) VALUES ((SELECT CURRVAL('Doctor_doctor_id_seq')), 'TUE' , '22:00' );
INSERT INTO Schedule(Doctor_id, Day, Time) VALUES ((SELECT CURRVAL('Doctor_doctor_id_seq')), 'WED' , '0:00' );
INSERT INTO Schedule(Doctor_id, Day, Time) VALUES ((SELECT CURRVAL('Doctor_doctor_id_seq')), 'WED' , '10:00' );
INSERT INTO Schedule(Doctor_id, Day, Time) VALUES ((SELECT CURRVAL('Doctor_doctor_id_seq')), 'WED' , '18:00' );
INSERT INTO Schedule(Doctor_id, Day, Time) VALUES ((SELECT CURRVAL('Doctor_doctor_id_seq')), 'THU' , '8:00' );
INSERT INTO Schedule(Doctor_id, Day, Time) VALUES ((SELECT CURRVAL('Doctor_doctor_id_seq')), 'FRI' , '9:00' );
INSERT INTO Schedule(Doctor_id, Day, Time) VALUES ((SELECT CURRVAL('Doctor_doctor_id_seq')), 'FRI' , '10:00' );
INSERT INTO Schedule(Doctor_id, Day, Time) VALUES ((SELECT CURRVAL('Doctor_doctor_id_seq')), 'FRI' , '11:00' );
INSERT INTO Schedule(Doctor_id, Day, Time) VALUES ((SELECT CURRVAL('Doctor_doctor_id_seq')), 'FRI' , '13:00' );
INSERT INTO Schedule(Doctor_id, Day, Time) VALUES ((SELECT CURRVAL('Doctor_doctor_id_seq')), 'FRI' , '17:00' );
INSERT INTO Schedule(Doctor_id, Day, Time) VALUES ((SELECT CURRVAL('Doctor_doctor_id_seq')), 'FRI' , '23:00' );
INSERT INTO Schedule(Doctor_id, Day, Time) VALUES ((SELECT CURRVAL('Doctor_doctor_id_seq')), 'SAT' , '21:00' );
INSERT INTO Account(Login, Password, Permission_level, Date_of_creation, Last_time_online) VALUES ('james99','V71NNQVu*V' , 3 , '2015-02-07 01:17:33' , '2019-11-23 10:41:04');
INSERT INTO Staff(Passport_number, Account_id, Full_name, Position) VALUES (52225888 , (SELECT CURRVAL('account_account_id_seq') ),'Michael Stokes' , 'Nurse' );
INSERT INTO Medical_staff(Passport_number) VALUES (52225888);
INSERT INTO Account(Login, Password, Permission_level, Date_of_creation, Last_time_online) VALUES ('collinsanthony','x!4bZNMy#P' , 3 , '2013-11-09 05:15:37' , '2019-11-21 11:23:05');
INSERT INTO Staff(Passport_number, Account_id, Full_name, Position) VALUES (57835174 , (SELECT CURRVAL('account_account_id_seq') ),'Ryan Cruz' , 'Nurse' );
INSERT INTO Medical_staff(Passport_number) VALUES (57835174);
INSERT INTO Account(Login, Password, Permission_level, Date_of_creation, Last_time_online) VALUES ('brownmelvin','!9F1cdOtz_' , 3 , '2018-05-29 15:58:00' , '2019-11-19 11:28:16');
INSERT INTO Staff(Passport_number, Account_id, Full_name, Position) VALUES (15447920 , (SELECT CURRVAL('account_account_id_seq') ),'Jennifer Mejia' , 'Nurse' );
INSERT INTO Medical_staff(Passport_number) VALUES (15447920);
INSERT INTO Account(Login, Password, Permission_level, Date_of_creation, Last_time_online) VALUES ('luis64','$8KwNRwT$R' , 1 , '2015-05-21 04:55:46' , '2019-11-19 02:40:39');
INSERT INTO Staff(Passport_number, Account_id, Full_name, Position) VALUES (20822903 , (SELECT CURRVAL('account_account_id_seq') ),'Samantha Booth' , 'Doctor' );
INSERT INTO Medical_staff(Passport_number) VALUES (20822903);
INSERT INTO Doctor(MS_id, Specialization) VALUES ((SELECT CURRVAL('medical_staff_ms_id_seq')), 'Gynecologic Oncology' );
INSERT INTO Schedule(Doctor_id, Day, Time) VALUES ((SELECT CURRVAL('Doctor_doctor_id_seq')), 'SUN' , '1:00' );
INSERT INTO Schedule(Doctor_id, Day, Time) VALUES ((SELECT CURRVAL('Doctor_doctor_id_seq')), 'SUN' , '5:00' );
INSERT INTO Schedule(Doctor_id, Day, Time) VALUES ((SELECT CURRVAL('Doctor_doctor_id_seq')), 'SUN' , '7:00' );
INSERT INTO Schedule(Doctor_id, Day, Time) VALUES ((SELECT CURRVAL('Doctor_doctor_id_seq')), 'SUN' , '9:00' );
INSERT INTO Schedule(Doctor_id, Day, Time) VALUES ((SELECT CURRVAL('Doctor_doctor_id_seq')), 'SUN' , '10:00' );
INSERT INTO Schedule(Doctor_id, Day, Time) VALUES ((SELECT CURRVAL('Doctor_doctor_id_seq')), 'SUN' , '12:00' );
INSERT INTO Schedule(Doctor_id, Day, Time) VALUES ((SELECT CURRVAL('Doctor_doctor_id_seq')), 'SUN' , '16:00' );
INSERT INTO Schedule(Doctor_id, Day, Time) VALUES ((SELECT CURRVAL('Doctor_doctor_id_seq')), 'SUN' , '18:00' );
INSERT INTO Schedule(Doctor_id, Day, Time) VALUES ((SELECT CURRVAL('Doctor_doctor_id_seq')), 'SUN' , '19:00' );
INSERT INTO Schedule(Doctor_id, Day, Time) VALUES ((SELECT CURRVAL('Doctor_doctor_id_seq')), 'MON' , '3:00' );
INSERT INTO Schedule(Doctor_id, Day, Time) VALUES ((SELECT CURRVAL('Doctor_doctor_id_seq')), 'MON' , '9:00' );
INSERT INTO Schedule(Doctor_id, Day, Time) VALUES ((SELECT CURRVAL('Doctor_doctor_id_seq')), 'MON' , '12:00' );
INSERT INTO Schedule(Doctor_id, Day, Time) VALUES ((SELECT CURRVAL('Doctor_doctor_id_seq')), 'MON' , '14:00' );
INSERT INTO Schedule(Doctor_id, Day, Time) VALUES ((SELECT CURRVAL('Doctor_doctor_id_seq')), 'MON' , '17:00' );
INSERT INTO Schedule(Doctor_id, Day, Time) VALUES ((SELECT CURRVAL('Doctor_doctor_id_seq')), 'MON' , '19:00' );
INSERT INTO Schedule(Doctor_id, Day, Time) VALUES ((SELECT CURRVAL('Doctor_doctor_id_seq')), 'MON' , '21:00' );
INSERT INTO Schedule(Doctor_id, Day, Time) VALUES ((SELECT CURRVAL('Doctor_doctor_id_seq')), 'TUE' , '1:00' );
INSERT INTO Schedule(Doctor_id, Day, Time) VALUES ((SELECT CURRVAL('Doctor_doctor_id_seq')), 'TUE' , '8:00' );
INSERT INTO Schedule(Doctor_id, Day, Time) VALUES ((SELECT CURRVAL('Doctor_doctor_id_seq')), 'TUE' , '13:00' );
INSERT INTO Schedule(Doctor_id, Day, Time) VALUES ((SELECT CURRVAL('Doctor_doctor_id_seq')), 'TUE' , '17:00' );
INSERT INTO Schedule(Doctor_id, Day, Time) VALUES ((SELECT CURRVAL('Doctor_doctor_id_seq')), 'TUE' , '20:00' );
INSERT INTO Schedule(Doctor_id, Day, Time) VALUES ((SELECT CURRVAL('Doctor_doctor_id_seq')), 'TUE' , '21:00' );
INSERT INTO Schedule(Doctor_id, Day, Time) VALUES ((SELECT CURRVAL('Doctor_doctor_id_seq')), 'WED' , '8:00' );
INSERT INTO Schedule(Doctor_id, Day, Time) VALUES ((SELECT CURRVAL('Doctor_doctor_id_seq')), 'WED' , '10:00' );
INSERT INTO Schedule(Doctor_id, Day, Time) VALUES ((SELECT CURRVAL('Doctor_doctor_id_seq')), 'WED' , '22:00' );
INSERT INTO Schedule(Doctor_id, Day, Time) VALUES ((SELECT CURRVAL('Doctor_doctor_id_seq')), 'WED' , '23:00' );
INSERT INTO Schedule(Doctor_id, Day, Time) VALUES ((SELECT CURRVAL('Doctor_doctor_id_seq')), 'THU' , '0:00' );
INSERT INTO Schedule(Doctor_id, Day, Time) VALUES ((SELECT CURRVAL('Doctor_doctor_id_seq')), 'THU' , '4:00' );
INSERT INTO Schedule(Doctor_id, Day, Time) VALUES ((SELECT CURRVAL('Doctor_doctor_id_seq')), 'THU' , '6:00' );
INSERT INTO Schedule(Doctor_id, Day, Time) VALUES ((SELECT CURRVAL('Doctor_doctor_id_seq')), 'THU' , '8:00' );
INSERT INTO Schedule(Doctor_id, Day, Time) VALUES ((SELECT CURRVAL('Doctor_doctor_id_seq')), 'THU' , '9:00' );
INSERT INTO Schedule(Doctor_id, Day, Time) VALUES ((SELECT CURRVAL('Doctor_doctor_id_seq')), 'THU' , '13:00' );
INSERT INTO Schedule(Doctor_id, Day, Time) VALUES ((SELECT CURRVAL('Doctor_doctor_id_seq')), 'THU' , '18:00' );
INSERT INTO Schedule(Doctor_id, Day, Time) VALUES ((SELECT CURRVAL('Doctor_doctor_id_seq')), 'THU' , '19:00' );
INSERT INTO Schedule(Doctor_id, Day, Time) VALUES ((SELECT CURRVAL('Doctor_doctor_id_seq')), 'FRI' , '0:00' );
INSERT INTO Schedule(Doctor_id, Day, Time) VALUES ((SELECT CURRVAL('Doctor_doctor_id_seq')), 'FRI' , '1:00' );
INSERT INTO Schedule(Doctor_id, Day, Time) VALUES ((SELECT CURRVAL('Doctor_doctor_id_seq')), 'FRI' , '2:00' );
INSERT INTO Schedule(Doctor_id, Day, Time) VALUES ((SELECT CURRVAL('Doctor_doctor_id_seq')), 'FRI' , '18:00' );
INSERT INTO Schedule(Doctor_id, Day, Time) VALUES ((SELECT CURRVAL('Doctor_doctor_id_seq')), 'FRI' , '23:00' );
INSERT INTO Schedule(Doctor_id, Day, Time) VALUES ((SELECT CURRVAL('Doctor_doctor_id_seq')), 'SAT' , '0:00' );
INSERT INTO Schedule(Doctor_id, Day, Time) VALUES ((SELECT CURRVAL('Doctor_doctor_id_seq')), 'SAT' , '2:00' );
INSERT INTO Schedule(Doctor_id, Day, Time) VALUES ((SELECT CURRVAL('Doctor_doctor_id_seq')), 'SAT' , '8:00' );
INSERT INTO Schedule(Doctor_id, Day, Time) VALUES ((SELECT CURRVAL('Doctor_doctor_id_seq')), 'SAT' , '9:00' );
INSERT INTO Schedule(Doctor_id, Day, Time) VALUES ((SELECT CURRVAL('Doctor_doctor_id_seq')), 'SAT' , '10:00' );
INSERT INTO Schedule(Doctor_id, Day, Time) VALUES ((SELECT CURRVAL('Doctor_doctor_id_seq')), 'SAT' , '12:00' );
INSERT INTO Schedule(Doctor_id, Day, Time) VALUES ((SELECT CURRVAL('Doctor_doctor_id_seq')), 'SAT' , '13:00' );
INSERT INTO Schedule(Doctor_id, Day, Time) VALUES ((SELECT CURRVAL('Doctor_doctor_id_seq')), 'SAT' , '15:00' );
INSERT INTO Schedule(Doctor_id, Day, Time) VALUES ((SELECT CURRVAL('Doctor_doctor_id_seq')), 'SAT' , '19:00' );
INSERT INTO Schedule(Doctor_id, Day, Time) VALUES ((SELECT CURRVAL('Doctor_doctor_id_seq')), 'SAT' , '20:00' );
INSERT INTO Schedule(Doctor_id, Day, Time) VALUES ((SELECT CURRVAL('Doctor_doctor_id_seq')), 'SAT' , '21:00' );
INSERT INTO Account(Login, Password, Permission_level, Date_of_creation, Last_time_online) VALUES ('scarter','%+P8Tf2yin' , 4 , '2012-03-25 18:27:45' , '2019-11-22 21:35:57');
INSERT INTO Staff(Passport_number, Account_id, Full_name, Position) VALUES (11610908 , (SELECT CURRVAL('account_account_id_seq') ),'Christopher Shelton' , 'Sanitation' );
INSERT INTO Nonmedical_staff(Passport_number) VALUES (11610908);
INSERT INTO Account(Login, Password, Permission_level, Date_of_creation, Last_time_online) VALUES ('melanieflynn','@$$4%aQg^J' , 1 , '2017-06-12 20:44:50' , '2019-11-22 20:53:22');
INSERT INTO Staff(Passport_number, Account_id, Full_name, Position) VALUES (49808230 , (SELECT CURRVAL('account_account_id_seq') ),'Megan Gay' , 'Doctor' );
INSERT INTO Medical_staff(Passport_number) VALUES (49808230);
INSERT INTO Doctor(MS_id, Specialization) VALUES ((SELECT CURRVAL('medical_staff_ms_id_seq')), 'Dermatology' );
INSERT INTO Schedule(Doctor_id, Day, Time) VALUES ((SELECT CURRVAL('Doctor_doctor_id_seq')), 'MON' , '12:00' );
INSERT INTO Schedule(Doctor_id, Day, Time) VALUES ((SELECT CURRVAL('Doctor_doctor_id_seq')), 'MON' , '13:00' );
INSERT INTO Schedule(Doctor_id, Day, Time) VALUES ((SELECT CURRVAL('Doctor_doctor_id_seq')), 'MON' , '21:00' );
INSERT INTO Schedule(Doctor_id, Day, Time) VALUES ((SELECT CURRVAL('Doctor_doctor_id_seq')), 'TUE' , '7:00' );
INSERT INTO Schedule(Doctor_id, Day, Time) VALUES ((SELECT CURRVAL('Doctor_doctor_id_seq')), 'WED' , '0:00' );
INSERT INTO Schedule(Doctor_id, Day, Time) VALUES ((SELECT CURRVAL('Doctor_doctor_id_seq')), 'WED' , '2:00' );
INSERT INTO Schedule(Doctor_id, Day, Time) VALUES ((SELECT CURRVAL('Doctor_doctor_id_seq')), 'WED' , '4:00' );
INSERT INTO Schedule(Doctor_id, Day, Time) VALUES ((SELECT CURRVAL('Doctor_doctor_id_seq')), 'THU' , '13:00' );
INSERT INTO Schedule(Doctor_id, Day, Time) VALUES ((SELECT CURRVAL('Doctor_doctor_id_seq')), 'FRI' , '0:00' );
INSERT INTO Account(Login, Password, Permission_level, Date_of_creation, Last_time_online) VALUES ('swillis','uW6!^7Fb%W' , 2 , '2012-06-07 18:36:30' , '2019-11-22 10:11:57');
INSERT INTO Staff(Passport_number, Account_id, Full_name, Position) VALUES (87788228 , (SELECT CURRVAL('account_account_id_seq') ),'Regina Gray' , 'Doctor' );
INSERT INTO Medical_staff(Passport_number) VALUES (87788228);
INSERT INTO Doctor(MS_id, Specialization) VALUES ((SELECT CURRVAL('medical_staff_ms_id_seq')), 'Hospitalist' );
INSERT INTO Schedule(Doctor_id, Day, Time) VALUES ((SELECT CURRVAL('Doctor_doctor_id_seq')), 'SUN' , '2:00' );
INSERT INTO Schedule(Doctor_id, Day, Time) VALUES ((SELECT CURRVAL('Doctor_doctor_id_seq')), 'SUN' , '11:00' );
INSERT INTO Schedule(Doctor_id, Day, Time) VALUES ((SELECT CURRVAL('Doctor_doctor_id_seq')), 'SUN' , '12:00' );
INSERT INTO Schedule(Doctor_id, Day, Time) VALUES ((SELECT CURRVAL('Doctor_doctor_id_seq')), 'SUN' , '13:00' );
INSERT INTO Schedule(Doctor_id, Day, Time) VALUES ((SELECT CURRVAL('Doctor_doctor_id_seq')), 'SUN' , '17:00' );
INSERT INTO Schedule(Doctor_id, Day, Time) VALUES ((SELECT CURRVAL('Doctor_doctor_id_seq')), 'MON' , '3:00' );
INSERT INTO Schedule(Doctor_id, Day, Time) VALUES ((SELECT CURRVAL('Doctor_doctor_id_seq')), 'MON' , '6:00' );
INSERT INTO Schedule(Doctor_id, Day, Time) VALUES ((SELECT CURRVAL('Doctor_doctor_id_seq')), 'MON' , '19:00' );
INSERT INTO Schedule(Doctor_id, Day, Time) VALUES ((SELECT CURRVAL('Doctor_doctor_id_seq')), 'TUE' , '5:00' );
INSERT INTO Schedule(Doctor_id, Day, Time) VALUES ((SELECT CURRVAL('Doctor_doctor_id_seq')), 'TUE' , '13:00' );
INSERT INTO Schedule(Doctor_id, Day, Time) VALUES ((SELECT CURRVAL('Doctor_doctor_id_seq')), 'WED' , '0:00' );
INSERT INTO Schedule(Doctor_id, Day, Time) VALUES ((SELECT CURRVAL('Doctor_doctor_id_seq')), 'WED' , '11:00' );
INSERT INTO Schedule(Doctor_id, Day, Time) VALUES ((SELECT CURRVAL('Doctor_doctor_id_seq')), 'WED' , '16:00' );
INSERT INTO Schedule(Doctor_id, Day, Time) VALUES ((SELECT CURRVAL('Doctor_doctor_id_seq')), 'THU' , '5:00' );
INSERT INTO Schedule(Doctor_id, Day, Time) VALUES ((SELECT CURRVAL('Doctor_doctor_id_seq')), 'THU' , '7:00' );
INSERT INTO Schedule(Doctor_id, Day, Time) VALUES ((SELECT CURRVAL('Doctor_doctor_id_seq')), 'SAT' , '2:00' );
INSERT INTO Schedule(Doctor_id, Day, Time) VALUES ((SELECT CURRVAL('Doctor_doctor_id_seq')), 'SAT' , '9:00' );
INSERT INTO Schedule(Doctor_id, Day, Time) VALUES ((SELECT CURRVAL('Doctor_doctor_id_seq')), 'SAT' , '10:00' );
INSERT INTO Schedule(Doctor_id, Day, Time) VALUES ((SELECT CURRVAL('Doctor_doctor_id_seq')), 'SAT' , '19:00' );
INSERT INTO Schedule(Doctor_id, Day, Time) VALUES ((SELECT CURRVAL('Doctor_doctor_id_seq')), 'SAT' , '21:00' );
INSERT INTO Account(Login, Password, Permission_level, Date_of_creation, Last_time_online) VALUES ('contrerasalicia','ID35Ocgg9*' , 1 , '2016-12-21 19:32:40' , '2019-11-21 20:06:04');
INSERT INTO Staff(Passport_number, Account_id, Full_name, Position) VALUES (32809411 , (SELECT CURRVAL('account_account_id_seq') ),'Sharon Dean' , 'Doctor' );
INSERT INTO Medical_staff(Passport_number) VALUES (32809411);
INSERT INTO Doctor(MS_id, Specialization) VALUES ((SELECT CURRVAL('medical_staff_ms_id_seq')), 'Geriatrics' );
INSERT INTO Schedule(Doctor_id, Day, Time) VALUES ((SELECT CURRVAL('Doctor_doctor_id_seq')), 'SUN' , '1:00' );
INSERT INTO Schedule(Doctor_id, Day, Time) VALUES ((SELECT CURRVAL('Doctor_doctor_id_seq')), 'SUN' , '9:00' );
INSERT INTO Schedule(Doctor_id, Day, Time) VALUES ((SELECT CURRVAL('Doctor_doctor_id_seq')), 'MON' , '8:00' );
INSERT INTO Schedule(Doctor_id, Day, Time) VALUES ((SELECT CURRVAL('Doctor_doctor_id_seq')), 'MON' , '19:00' );
INSERT INTO Schedule(Doctor_id, Day, Time) VALUES ((SELECT CURRVAL('Doctor_doctor_id_seq')), 'TUE' , '16:00' );
INSERT INTO Schedule(Doctor_id, Day, Time) VALUES ((SELECT CURRVAL('Doctor_doctor_id_seq')), 'WED' , '10:00' );
INSERT INTO Schedule(Doctor_id, Day, Time) VALUES ((SELECT CURRVAL('Doctor_doctor_id_seq')), 'THU' , '7:00' );
INSERT INTO Schedule(Doctor_id, Day, Time) VALUES ((SELECT CURRVAL('Doctor_doctor_id_seq')), 'FRI' , '3:00' );
INSERT INTO Schedule(Doctor_id, Day, Time) VALUES ((SELECT CURRVAL('Doctor_doctor_id_seq')), 'FRI' , '4:00' );
INSERT INTO Schedule(Doctor_id, Day, Time) VALUES ((SELECT CURRVAL('Doctor_doctor_id_seq')), 'FRI' , '20:00' );
INSERT INTO Schedule(Doctor_id, Day, Time) VALUES ((SELECT CURRVAL('Doctor_doctor_id_seq')), 'SAT' , '11:00' );
INSERT INTO Schedule(Doctor_id, Day, Time) VALUES ((SELECT CURRVAL('Doctor_doctor_id_seq')), 'SAT' , '15:00' );
INSERT INTO Schedule(Doctor_id, Day, Time) VALUES ((SELECT CURRVAL('Doctor_doctor_id_seq')), 'SAT' , '22:00' );
INSERT INTO Account(Login, Password, Permission_level, Date_of_creation, Last_time_online) VALUES ('nathaniel37','bwddY9X*(0' , 4 , '2016-04-04 05:31:01' , '2019-11-22 20:27:06');
INSERT INTO Staff(Passport_number, Account_id, Full_name, Position) VALUES (27545225 , (SELECT CURRVAL('account_account_id_seq') ),'Adrienne Morris' , 'Adminstration' );
INSERT INTO Nonmedical_staff(Passport_number) VALUES (27545225);
INSERT INTO Account(Login, Password, Permission_level, Date_of_creation, Last_time_online) VALUES ('jonesrodney','&9PVVlr#hQ' , 4 , '2017-08-11 15:29:44' , '2019-11-19 21:43:30');
INSERT INTO Staff(Passport_number, Account_id, Full_name, Position) VALUES (88797908 , (SELECT CURRVAL('account_account_id_seq') ),'Kevin Garza' , 'Security' );
INSERT INTO Nonmedical_staff(Passport_number) VALUES (88797908);
INSERT INTO Account(Login, Password, Permission_level, Date_of_creation, Last_time_online) VALUES ('hjohnson','Ct(W4R0s&H' , 1 , '2009-12-07 15:29:32' , '2019-11-22 16:21:46');
INSERT INTO Staff(Passport_number, Account_id, Full_name, Position) VALUES (41770030 , (SELECT CURRVAL('account_account_id_seq') ),'Audrey Riley' , 'Doctor' );
INSERT INTO Medical_staff(Passport_number) VALUES (41770030);
INSERT INTO Doctor(MS_id, Specialization) VALUES ((SELECT CURRVAL('medical_staff_ms_id_seq')), 'Electrophysiology' );
INSERT INTO Schedule(Doctor_id, Day, Time) VALUES ((SELECT CURRVAL('Doctor_doctor_id_seq')), 'SUN' , '14:00' );
INSERT INTO Schedule(Doctor_id, Day, Time) VALUES ((SELECT CURRVAL('Doctor_doctor_id_seq')), 'SUN' , '18:00' );
INSERT INTO Schedule(Doctor_id, Day, Time) VALUES ((SELECT CURRVAL('Doctor_doctor_id_seq')), 'SUN' , '19:00' );
INSERT INTO Schedule(Doctor_id, Day, Time) VALUES ((SELECT CURRVAL('Doctor_doctor_id_seq')), 'SUN' , '23:00' );
INSERT INTO Schedule(Doctor_id, Day, Time) VALUES ((SELECT CURRVAL('Doctor_doctor_id_seq')), 'MON' , '4:00' );
INSERT INTO Schedule(Doctor_id, Day, Time) VALUES ((SELECT CURRVAL('Doctor_doctor_id_seq')), 'MON' , '8:00' );
INSERT INTO Schedule(Doctor_id, Day, Time) VALUES ((SELECT CURRVAL('Doctor_doctor_id_seq')), 'MON' , '12:00' );
INSERT INTO Schedule(Doctor_id, Day, Time) VALUES ((SELECT CURRVAL('Doctor_doctor_id_seq')), 'TUE' , '1:00' );
INSERT INTO Schedule(Doctor_id, Day, Time) VALUES ((SELECT CURRVAL('Doctor_doctor_id_seq')), 'TUE' , '7:00' );
INSERT INTO Schedule(Doctor_id, Day, Time) VALUES ((SELECT CURRVAL('Doctor_doctor_id_seq')), 'TUE' , '9:00' );
INSERT INTO Schedule(Doctor_id, Day, Time) VALUES ((SELECT CURRVAL('Doctor_doctor_id_seq')), 'TUE' , '11:00' );
INSERT INTO Schedule(Doctor_id, Day, Time) VALUES ((SELECT CURRVAL('Doctor_doctor_id_seq')), 'WED' , '5:00' );
INSERT INTO Schedule(Doctor_id, Day, Time) VALUES ((SELECT CURRVAL('Doctor_doctor_id_seq')), 'WED' , '8:00' );
INSERT INTO Schedule(Doctor_id, Day, Time) VALUES ((SELECT CURRVAL('Doctor_doctor_id_seq')), 'THU' , '5:00' );
INSERT INTO Schedule(Doctor_id, Day, Time) VALUES ((SELECT CURRVAL('Doctor_doctor_id_seq')), 'THU' , '9:00' );
INSERT INTO Schedule(Doctor_id, Day, Time) VALUES ((SELECT CURRVAL('Doctor_doctor_id_seq')), 'THU' , '10:00' );
INSERT INTO Schedule(Doctor_id, Day, Time) VALUES ((SELECT CURRVAL('Doctor_doctor_id_seq')), 'THU' , '14:00' );
INSERT INTO Schedule(Doctor_id, Day, Time) VALUES ((SELECT CURRVAL('Doctor_doctor_id_seq')), 'THU' , '23:00' );
INSERT INTO Schedule(Doctor_id, Day, Time) VALUES ((SELECT CURRVAL('Doctor_doctor_id_seq')), 'FRI' , '8:00' );
INSERT INTO Schedule(Doctor_id, Day, Time) VALUES ((SELECT CURRVAL('Doctor_doctor_id_seq')), 'FRI' , '11:00' );
INSERT INTO Schedule(Doctor_id, Day, Time) VALUES ((SELECT CURRVAL('Doctor_doctor_id_seq')), 'FRI' , '17:00' );
INSERT INTO Schedule(Doctor_id, Day, Time) VALUES ((SELECT CURRVAL('Doctor_doctor_id_seq')), 'FRI' , '21:00' );
INSERT INTO Schedule(Doctor_id, Day, Time) VALUES ((SELECT CURRVAL('Doctor_doctor_id_seq')), 'SAT' , '1:00' );
INSERT INTO Schedule(Doctor_id, Day, Time) VALUES ((SELECT CURRVAL('Doctor_doctor_id_seq')), 'SAT' , '8:00' );
INSERT INTO Schedule(Doctor_id, Day, Time) VALUES ((SELECT CURRVAL('Doctor_doctor_id_seq')), 'SAT' , '9:00' );
INSERT INTO Account(Login, Password, Permission_level, Date_of_creation, Last_time_online) VALUES ('maryjackson','Ep_2Crbmop' , 1 , '2010-05-03 01:56:45' , '2019-11-18 19:55:28');
INSERT INTO Staff(Passport_number, Account_id, Full_name, Position) VALUES (38613180 , (SELECT CURRVAL('account_account_id_seq') ),'Jeffrey Parsons' , 'Doctor' );
INSERT INTO Medical_staff(Passport_number) VALUES (38613180);
INSERT INTO Doctor(MS_id, Specialization) VALUES ((SELECT CURRVAL('medical_staff_ms_id_seq')), 'Interventional Radiology' );
INSERT INTO Schedule(Doctor_id, Day, Time) VALUES ((SELECT CURRVAL('Doctor_doctor_id_seq')), 'SUN' , '1:00' );
INSERT INTO Schedule(Doctor_id, Day, Time) VALUES ((SELECT CURRVAL('Doctor_doctor_id_seq')), 'SUN' , '4:00' );
INSERT INTO Schedule(Doctor_id, Day, Time) VALUES ((SELECT CURRVAL('Doctor_doctor_id_seq')), 'SUN' , '18:00' );
INSERT INTO Schedule(Doctor_id, Day, Time) VALUES ((SELECT CURRVAL('Doctor_doctor_id_seq')), 'SUN' , '19:00' );
INSERT INTO Schedule(Doctor_id, Day, Time) VALUES ((SELECT CURRVAL('Doctor_doctor_id_seq')), 'SUN' , '20:00' );
INSERT INTO Schedule(Doctor_id, Day, Time) VALUES ((SELECT CURRVAL('Doctor_doctor_id_seq')), 'SUN' , '22:00' );
INSERT INTO Schedule(Doctor_id, Day, Time) VALUES ((SELECT CURRVAL('Doctor_doctor_id_seq')), 'MON' , '6:00' );
INSERT INTO Schedule(Doctor_id, Day, Time) VALUES ((SELECT CURRVAL('Doctor_doctor_id_seq')), 'MON' , '10:00' );
INSERT INTO Schedule(Doctor_id, Day, Time) VALUES ((SELECT CURRVAL('Doctor_doctor_id_seq')), 'MON' , '15:00' );
INSERT INTO Schedule(Doctor_id, Day, Time) VALUES ((SELECT CURRVAL('Doctor_doctor_id_seq')), 'MON' , '19:00' );
INSERT INTO Schedule(Doctor_id, Day, Time) VALUES ((SELECT CURRVAL('Doctor_doctor_id_seq')), 'MON' , '21:00' );
INSERT INTO Schedule(Doctor_id, Day, Time) VALUES ((SELECT CURRVAL('Doctor_doctor_id_seq')), 'TUE' , '3:00' );
INSERT INTO Schedule(Doctor_id, Day, Time) VALUES ((SELECT CURRVAL('Doctor_doctor_id_seq')), 'TUE' , '9:00' );
INSERT INTO Schedule(Doctor_id, Day, Time) VALUES ((SELECT CURRVAL('Doctor_doctor_id_seq')), 'TUE' , '12:00' );
INSERT INTO Schedule(Doctor_id, Day, Time) VALUES ((SELECT CURRVAL('Doctor_doctor_id_seq')), 'TUE' , '14:00' );
INSERT INTO Schedule(Doctor_id, Day, Time) VALUES ((SELECT CURRVAL('Doctor_doctor_id_seq')), 'TUE' , '15:00' );
INSERT INTO Schedule(Doctor_id, Day, Time) VALUES ((SELECT CURRVAL('Doctor_doctor_id_seq')), 'TUE' , '22:00' );
INSERT INTO Schedule(Doctor_id, Day, Time) VALUES ((SELECT CURRVAL('Doctor_doctor_id_seq')), 'WED' , '3:00' );
INSERT INTO Schedule(Doctor_id, Day, Time) VALUES ((SELECT CURRVAL('Doctor_doctor_id_seq')), 'WED' , '6:00' );
INSERT INTO Schedule(Doctor_id, Day, Time) VALUES ((SELECT CURRVAL('Doctor_doctor_id_seq')), 'WED' , '13:00' );
INSERT INTO Schedule(Doctor_id, Day, Time) VALUES ((SELECT CURRVAL('Doctor_doctor_id_seq')), 'THU' , '0:00' );
INSERT INTO Schedule(Doctor_id, Day, Time) VALUES ((SELECT CURRVAL('Doctor_doctor_id_seq')), 'THU' , '1:00' );
INSERT INTO Schedule(Doctor_id, Day, Time) VALUES ((SELECT CURRVAL('Doctor_doctor_id_seq')), 'THU' , '2:00' );
INSERT INTO Schedule(Doctor_id, Day, Time) VALUES ((SELECT CURRVAL('Doctor_doctor_id_seq')), 'THU' , '3:00' );
INSERT INTO Schedule(Doctor_id, Day, Time) VALUES ((SELECT CURRVAL('Doctor_doctor_id_seq')), 'THU' , '6:00' );
INSERT INTO Schedule(Doctor_id, Day, Time) VALUES ((SELECT CURRVAL('Doctor_doctor_id_seq')), 'THU' , '7:00' );
INSERT INTO Schedule(Doctor_id, Day, Time) VALUES ((SELECT CURRVAL('Doctor_doctor_id_seq')), 'THU' , '12:00' );
INSERT INTO Schedule(Doctor_id, Day, Time) VALUES ((SELECT CURRVAL('Doctor_doctor_id_seq')), 'THU' , '22:00' );
INSERT INTO Schedule(Doctor_id, Day, Time) VALUES ((SELECT CURRVAL('Doctor_doctor_id_seq')), 'FRI' , '1:00' );
INSERT INTO Schedule(Doctor_id, Day, Time) VALUES ((SELECT CURRVAL('Doctor_doctor_id_seq')), 'FRI' , '2:00' );
INSERT INTO Schedule(Doctor_id, Day, Time) VALUES ((SELECT CURRVAL('Doctor_doctor_id_seq')), 'FRI' , '7:00' );
INSERT INTO Schedule(Doctor_id, Day, Time) VALUES ((SELECT CURRVAL('Doctor_doctor_id_seq')), 'FRI' , '18:00' );
INSERT INTO Schedule(Doctor_id, Day, Time) VALUES ((SELECT CURRVAL('Doctor_doctor_id_seq')), 'FRI' , '19:00' );
INSERT INTO Schedule(Doctor_id, Day, Time) VALUES ((SELECT CURRVAL('Doctor_doctor_id_seq')), 'FRI' , '22:00' );
INSERT INTO Schedule(Doctor_id, Day, Time) VALUES ((SELECT CURRVAL('Doctor_doctor_id_seq')), 'SAT' , '8:00' );
INSERT INTO Schedule(Doctor_id, Day, Time) VALUES ((SELECT CURRVAL('Doctor_doctor_id_seq')), 'SAT' , '10:00' );
INSERT INTO Schedule(Doctor_id, Day, Time) VALUES ((SELECT CURRVAL('Doctor_doctor_id_seq')), 'SAT' , '14:00' );
INSERT INTO Schedule(Doctor_id, Day, Time) VALUES ((SELECT CURRVAL('Doctor_doctor_id_seq')), 'SAT' , '19:00' );
INSERT INTO Schedule(Doctor_id, Day, Time) VALUES ((SELECT CURRVAL('Doctor_doctor_id_seq')), 'SAT' , '23:00' );
