INSERT INTO Account(Login, Password, Permission_level, Date_of_creation, Last_time_online) VALUES ('joshua54','8z6TeXb20#' , 3 , '2011-07-05 10:18:20' , '2019-11-18 16:29:43');
INSERT INTO Staff(Passport_number, Account_id, Full_name, Position) VALUES (30717190 , (SELECT CURRVAL('account_account_id_seq') ),'Nicole Blackwell' , 'Doctor' );
INSERT INTO Medical_staff(Passport_number) VALUES (30717190);
INSERT INTO Doctors(MS_id, Specialization) VALUES ((SELECT CURRVAL('medical_staff_ms_id_seq')), 'Occupational Medicine' );
INSERT INTO Account(Login, Password, Permission_level, Date_of_creation, Last_time_online) VALUES ('shannon90','cSX4H%Nh$5' , 3 , '2012-04-08 12:34:36' , '2019-11-18 03:37:15');
INSERT INTO Staff(Passport_number, Account_id, Full_name, Position) VALUES (06887261 , (SELECT CURRVAL('account_account_id_seq') ),'Michelle Ritter' , 'Doctor' );
INSERT INTO Medical_staff(Passport_number) VALUES (06887261);
INSERT INTO Doctors(MS_id, Specialization) VALUES ((SELECT CURRVAL('medical_staff_ms_id_seq')), 'Infectious Disease' );
INSERT INTO Account(Login, Password, Permission_level, Date_of_creation, Last_time_online) VALUES ('dianamack','il^3A5b&z^' , 3 , '2018-07-20 09:09:57' , '2019-11-20 08:42:09');
INSERT INTO Staff(Passport_number, Account_id, Full_name, Position) VALUES (76408922 , (SELECT CURRVAL('account_account_id_seq') ),'Edward Castro' , 'Doctor' );
INSERT INTO Medical_staff(Passport_number) VALUES (76408922);
INSERT INTO Doctors(MS_id, Specialization) VALUES ((SELECT CURRVAL('medical_staff_ms_id_seq')), 'Infectious Disease' );
INSERT INTO Account(Login, Password, Permission_level, Date_of_creation, Last_time_online) VALUES ('tamara59','(79dQBXp0$' , 3 , '2016-02-12 02:35:15' , '2019-11-17 19:16:16');
INSERT INTO Staff(Passport_number, Account_id, Full_name, Position) VALUES (24155731 , (SELECT CURRVAL('account_account_id_seq') ),'Jeanette Anderson' , 'Doctor' );
INSERT INTO Medical_staff(Passport_number) VALUES (24155731);
INSERT INTO Doctors(MS_id, Specialization) VALUES ((SELECT CURRVAL('medical_staff_ms_id_seq')), 'Emergency Medicine' );
INSERT INTO Account(Login, Password, Permission_level, Date_of_creation, Last_time_online) VALUES ('hbrown','^!WeG2gzD2' , 3 , '2018-08-07 15:37:56' , '2019-11-21 02:19:14');
INSERT INTO Staff(Passport_number, Account_id, Full_name, Position) VALUES (95388663 , (SELECT CURRVAL('account_account_id_seq') ),'Brenda Roy' , 'Doctor' );
INSERT INTO Medical_staff(Passport_number) VALUES (95388663);
INSERT INTO Doctors(MS_id, Specialization) VALUES ((SELECT CURRVAL('medical_staff_ms_id_seq')), 'Endocrinology' );
INSERT INTO Account(Login, Password, Permission_level, Date_of_creation, Last_time_online) VALUES ('cmitchell','*oc3QwmBv)' , 3 , '2015-08-10 09:37:40' , '2019-11-18 14:48:46');
INSERT INTO Staff(Passport_number, Account_id, Full_name, Position) VALUES (59883128 , (SELECT CURRVAL('account_account_id_seq') ),'Jordan Jones' , 'Doctor' );
INSERT INTO Medical_staff(Passport_number) VALUES (59883128);
INSERT INTO Doctors(MS_id, Specialization) VALUES ((SELECT CURRVAL('medical_staff_ms_id_seq')), 'Geriatrics' );
INSERT INTO Account(Login, Password, Permission_level, Date_of_creation, Last_time_online) VALUES ('mollymarks','Wb3KqmkY&)' , 3 , '2013-10-02 19:12:39' , '2019-11-16 07:07:04');
INSERT INTO Staff(Passport_number, Account_id, Full_name, Position) VALUES (24120074 , (SELECT CURRVAL('account_account_id_seq') ),'Rebecca Wilcox' , 'Doctor' );
INSERT INTO Medical_staff(Passport_number) VALUES (24120074);
INSERT INTO Doctors(MS_id, Specialization) VALUES ((SELECT CURRVAL('medical_staff_ms_id_seq')), 'Burn/Trauma' );
INSERT INTO Account(Login, Password, Permission_level, Date_of_creation, Last_time_online) VALUES ('clayannette','$(47*GpW@s' , 3 , '2019-05-27 18:41:24' , '2019-11-22 15:06:29');
INSERT INTO Staff(Passport_number, Account_id, Full_name, Position) VALUES (47495722 , (SELECT CURRVAL('account_account_id_seq') ),'John Rivers' , 'Doctor' );
INSERT INTO Medical_staff(Passport_number) VALUES (47495722);
INSERT INTO Doctors(MS_id, Specialization) VALUES ((SELECT CURRVAL('medical_staff_ms_id_seq')), 'Occupational Medicine' );
INSERT INTO Account(Login, Password, Permission_level, Date_of_creation, Last_time_online) VALUES ('hernandeztiffany','(70AJo)Ggl' , 3 , '2018-07-29 06:15:44' , '2019-11-17 01:40:44');
INSERT INTO Staff(Passport_number, Account_id, Full_name, Position) VALUES (20222857 , (SELECT CURRVAL('account_account_id_seq') ),'Carrie Thompson' , 'Doctor' );
INSERT INTO Medical_staff(Passport_number) VALUES (20222857);
INSERT INTO Doctors(MS_id, Specialization) VALUES ((SELECT CURRVAL('medical_staff_ms_id_seq')), 'Neuroradiology' );
INSERT INTO Account(Login, Password, Permission_level, Date_of_creation, Last_time_online) VALUES ('brian30','7k0mDS^fR#' , 3 , '2012-06-02 09:01:48' , '2019-11-22 04:19:23');
INSERT INTO Staff(Passport_number, Account_id, Full_name, Position) VALUES (78001091 , (SELECT CURRVAL('account_account_id_seq') ),'Matthew Rosales' , 'Doctor' );
INSERT INTO Medical_staff(Passport_number) VALUES (78001091);
INSERT INTO Doctors(MS_id, Specialization) VALUES ((SELECT CURRVAL('medical_staff_ms_id_seq')), 'Obstetrics & Gynecology' );
INSERT INTO Account(Login, Password, Permission_level, Date_of_creation, Last_time_online) VALUES ('andersonmark','bWZ9iBXjb@' , 3 , '2015-04-06 07:05:31' , '2019-11-19 20:02:34');
INSERT INTO Staff(Passport_number, Account_id, Full_name, Position) VALUES (47931411 , (SELECT CURRVAL('account_account_id_seq') ),'Tanya Mckee' , 'Doctor' );
INSERT INTO Medical_staff(Passport_number) VALUES (47931411);
INSERT INTO Doctors(MS_id, Specialization) VALUES ((SELECT CURRVAL('medical_staff_ms_id_seq')), 'Neuroradiology' );
INSERT INTO Account(Login, Password, Permission_level, Date_of_creation, Last_time_online) VALUES ('froberts','idIdI@N2#5' , 3 , '2018-09-26 04:21:43' , '2019-11-21 15:16:19');
INSERT INTO Staff(Passport_number, Account_id, Full_name, Position) VALUES (05192496 , (SELECT CURRVAL('account_account_id_seq') ),'Michael Perez' , 'Doctor' );
INSERT INTO Medical_staff(Passport_number) VALUES (05192496);
INSERT INTO Doctors(MS_id, Specialization) VALUES ((SELECT CURRVAL('medical_staff_ms_id_seq')), 'Nuclear Medicine' );
INSERT INTO Account(Login, Password, Permission_level, Date_of_creation, Last_time_online) VALUES ('pamela68','pRz@0VBj#m' , 3 , '2017-06-26 19:16:08' , '2019-11-22 20:46:27');
INSERT INTO Staff(Passport_number, Account_id, Full_name, Position) VALUES (55195997 , (SELECT CURRVAL('account_account_id_seq') ),'Carlos Smith' , 'Doctor' );
INSERT INTO Medical_staff(Passport_number) VALUES (55195997);
INSERT INTO Doctors(MS_id, Specialization) VALUES ((SELECT CURRVAL('medical_staff_ms_id_seq')), 'Cardiac Catheterization' );
INSERT INTO Account(Login, Password, Permission_level, Date_of_creation, Last_time_online) VALUES ('cookvictoria','_7aHP#^dyr' , 3 , '2012-07-19 19:16:37' , '2019-11-21 22:03:02');
INSERT INTO Staff(Passport_number, Account_id, Full_name, Position) VALUES (13336202 , (SELECT CURRVAL('account_account_id_seq') ),'Terry Vaughn' , 'Doctor' );
INSERT INTO Medical_staff(Passport_number) VALUES (13336202);
INSERT INTO Doctors(MS_id, Specialization) VALUES ((SELECT CURRVAL('medical_staff_ms_id_seq')), 'Obstetrics & Gynecology' );
INSERT INTO Account(Login, Password, Permission_level, Date_of_creation, Last_time_online) VALUES ('pamelawilliams','1&^0NW_cC3' , 3 , '2019-10-27 22:20:05' , '2019-11-16 15:04:25');
INSERT INTO Staff(Passport_number, Account_id, Full_name, Position) VALUES (62306157 , (SELECT CURRVAL('account_account_id_seq') ),'Jamie Gallegos' , 'Doctor' );
INSERT INTO Medical_staff(Passport_number) VALUES (62306157);
INSERT INTO Doctors(MS_id, Specialization) VALUES ((SELECT CURRVAL('medical_staff_ms_id_seq')), 'Medical Genetics' );
INSERT INTO Account(Login, Password, Permission_level, Date_of_creation, Last_time_online) VALUES ('bauerann','N&4Wu%pmOo' , 3 , '2015-05-24 17:27:13' , '2019-11-17 21:01:58');
INSERT INTO Staff(Passport_number, Account_id, Full_name, Position) VALUES (86694865 , (SELECT CURRVAL('account_account_id_seq') ),'Andrew Mason' , 'Doctor' );
INSERT INTO Medical_staff(Passport_number) VALUES (86694865);
INSERT INTO Doctors(MS_id, Specialization) VALUES ((SELECT CURRVAL('medical_staff_ms_id_seq')), 'General Surgery' );
INSERT INTO Account(Login, Password, Permission_level, Date_of_creation, Last_time_online) VALUES ('johnkennedy','PU%3FLDb&V' , 3 , '2019-08-06 12:11:22' , '2019-11-22 20:42:46');
INSERT INTO Staff(Passport_number, Account_id, Full_name, Position) VALUES (01783858 , (SELECT CURRVAL('account_account_id_seq') ),'Gregory Rodriguez' , 'Doctor' );
INSERT INTO Medical_staff(Passport_number) VALUES (01783858);
INSERT INTO Doctors(MS_id, Specialization) VALUES ((SELECT CURRVAL('medical_staff_ms_id_seq')), 'Geriatrics' );
INSERT INTO Account(Login, Password, Permission_level, Date_of_creation, Last_time_online) VALUES ('mooneyjames','y!OHQ9jnJL' , 3 , '2014-06-28 04:01:03' , '2019-11-18 17:32:49');
INSERT INTO Staff(Passport_number, Account_id, Full_name, Position) VALUES (46507518 , (SELECT CURRVAL('account_account_id_seq') ),'Sarah Hopkins' , 'Doctor' );
INSERT INTO Medical_staff(Passport_number) VALUES (46507518);
INSERT INTO Doctors(MS_id, Specialization) VALUES ((SELECT CURRVAL('medical_staff_ms_id_seq')), 'Hospitalist' );
INSERT INTO Account(Login, Password, Permission_level, Date_of_creation, Last_time_online) VALUES ('ununez','76LL$pj8*2' , 3 , '2014-10-15 12:23:10' , '2019-11-16 22:59:27');
INSERT INTO Staff(Passport_number, Account_id, Full_name, Position) VALUES (58348291 , (SELECT CURRVAL('account_account_id_seq') ),'Tyler Harvey' , 'Doctor' );
INSERT INTO Medical_staff(Passport_number) VALUES (58348291);
INSERT INTO Doctors(MS_id, Specialization) VALUES ((SELECT CURRVAL('medical_staff_ms_id_seq')), 'Emergency Medicine' );
INSERT INTO Account(Login, Password, Permission_level, Date_of_creation, Last_time_online) VALUES ('halltheresa','C))UT3Flfg' , 3 , '2017-09-08 01:44:46' , '2019-11-22 18:57:49');
INSERT INTO Staff(Passport_number, Account_id, Full_name, Position) VALUES (11867685 , (SELECT CURRVAL('account_account_id_seq') ),'Jim Graves' , 'Doctor' );
INSERT INTO Medical_staff(Passport_number) VALUES (11867685);
INSERT INTO Doctors(MS_id, Specialization) VALUES ((SELECT CURRVAL('medical_staff_ms_id_seq')), 'Ophthalmology' );
INSERT INTO Account(Login, Password, Permission_level, Date_of_creation, Last_time_online) VALUES ('moranrebecca','m)iD9YOk7m' , 3 , '2015-01-12 10:22:12' , '2019-11-17 01:36:46');
INSERT INTO Staff(Passport_number, Account_id, Full_name, Position) VALUES (37965457 , (SELECT CURRVAL('account_account_id_seq') ),'Gwendolyn Holt' , 'Doctor' );
INSERT INTO Medical_staff(Passport_number) VALUES (37965457);
INSERT INTO Doctors(MS_id, Specialization) VALUES ((SELECT CURRVAL('medical_staff_ms_id_seq')), 'Neuroradiology' );
INSERT INTO Account(Login, Password, Permission_level, Date_of_creation, Last_time_online) VALUES ('qflores','kx$9XgJEA@' , 3 , '2011-06-11 20:15:02' , '2019-11-20 14:30:35');
INSERT INTO Staff(Passport_number, Account_id, Full_name, Position) VALUES (75049805 , (SELECT CURRVAL('account_account_id_seq') ),'Hector Jackson' , 'Doctor' );
INSERT INTO Medical_staff(Passport_number) VALUES (75049805);
INSERT INTO Doctors(MS_id, Specialization) VALUES ((SELECT CURRVAL('medical_staff_ms_id_seq')), 'Geriatrics' );
INSERT INTO Account(Login, Password, Permission_level, Date_of_creation, Last_time_online) VALUES ('lloyddavid','34IuyCCo)s' , 3 , '2017-06-15 17:26:53' , '2019-11-20 10:24:55');
INSERT INTO Staff(Passport_number, Account_id, Full_name, Position) VALUES (89264706 , (SELECT CURRVAL('account_account_id_seq') ),'Jason Stokes' , 'Doctor' );
INSERT INTO Medical_staff(Passport_number) VALUES (89264706);
INSERT INTO Doctors(MS_id, Specialization) VALUES ((SELECT CURRVAL('medical_staff_ms_id_seq')), 'Neurosurgery' );
INSERT INTO Account(Login, Password, Permission_level, Date_of_creation, Last_time_online) VALUES ('palmermegan','^MI2vXkutp' , 3 , '2010-02-11 11:46:22' , '2019-11-18 15:55:04');
INSERT INTO Staff(Passport_number, Account_id, Full_name, Position) VALUES (18618211 , (SELECT CURRVAL('account_account_id_seq') ),'Christina Henry' , 'Doctor' );
INSERT INTO Medical_staff(Passport_number) VALUES (18618211);
INSERT INTO Doctors(MS_id, Specialization) VALUES ((SELECT CURRVAL('medical_staff_ms_id_seq')), 'Nuclear Medicine' );
INSERT INTO Account(Login, Password, Permission_level, Date_of_creation, Last_time_online) VALUES ('evanwilliamson','@@9IkWWsyS' , 3 , '2019-05-09 22:53:46' , '2019-11-19 21:35:19');
INSERT INTO Staff(Passport_number, Account_id, Full_name, Position) VALUES (34747674 , (SELECT CURRVAL('account_account_id_seq') ),'Joseph Shelton' , 'Doctor' );
INSERT INTO Medical_staff(Passport_number) VALUES (34747674);
INSERT INTO Doctors(MS_id, Specialization) VALUES ((SELECT CURRVAL('medical_staff_ms_id_seq')), 'Bariatric Medicine/Surgery' );
INSERT INTO Account(Login, Password, Permission_level, Date_of_creation, Last_time_online) VALUES ('brian06','fI9%KuEc!5' , 3 , '2016-03-14 03:47:22' , '2019-11-20 14:35:28');
INSERT INTO Staff(Passport_number, Account_id, Full_name, Position) VALUES (32188493 , (SELECT CURRVAL('account_account_id_seq') ),'Larry Roth' , 'Doctor' );
INSERT INTO Medical_staff(Passport_number) VALUES (32188493);
INSERT INTO Doctors(MS_id, Specialization) VALUES ((SELECT CURRVAL('medical_staff_ms_id_seq')), 'Emergency Medicine' );
INSERT INTO Account(Login, Password, Permission_level, Date_of_creation, Last_time_online) VALUES ('bonniegreen','TF1i9Yxp%w' , 3 , '2019-03-25 14:31:11' , '2019-11-16 04:10:24');
INSERT INTO Staff(Passport_number, Account_id, Full_name, Position) VALUES (64801407 , (SELECT CURRVAL('account_account_id_seq') ),'Dustin Malone' , 'Doctor' );
INSERT INTO Medical_staff(Passport_number) VALUES (64801407);
INSERT INTO Doctors(MS_id, Specialization) VALUES ((SELECT CURRVAL('medical_staff_ms_id_seq')), 'Hepatobiliary' );
INSERT INTO Account(Login, Password, Permission_level, Date_of_creation, Last_time_online) VALUES ('owillis','nxL^7IyeRc' , 3 , '2019-01-04 16:51:51' , '2019-11-18 09:01:05');
INSERT INTO Staff(Passport_number, Account_id, Full_name, Position) VALUES (51755683 , (SELECT CURRVAL('account_account_id_seq') ),'Daniel Brown' , 'Doctor' );
INSERT INTO Medical_staff(Passport_number) VALUES (51755683);
INSERT INTO Doctors(MS_id, Specialization) VALUES ((SELECT CURRVAL('medical_staff_ms_id_seq')), 'Gynecologic Oncology' );
INSERT INTO Account(Login, Password, Permission_level, Date_of_creation, Last_time_online) VALUES ('owensjames','c_5^GaI!^P' , 3 , '2014-08-30 02:58:58' , '2019-11-21 06:25:44');
INSERT INTO Staff(Passport_number, Account_id, Full_name, Position) VALUES (92611191 , (SELECT CURRVAL('account_account_id_seq') ),'Paul Jenkins' , 'Doctor' );
INSERT INTO Medical_staff(Passport_number) VALUES (92611191);
INSERT INTO Doctors(MS_id, Specialization) VALUES ((SELECT CURRVAL('medical_staff_ms_id_seq')), 'Nuclear Medicine' );
INSERT INTO Account(Login, Password, Permission_level, Date_of_creation, Last_time_online) VALUES ('jasmine77','(7UIsE!GlW' , 3 , '2012-06-03 02:58:29' , '2019-11-17 16:36:43');
INSERT INTO Staff(Passport_number, Account_id, Full_name, Position) VALUES (90818509 , (SELECT CURRVAL('account_account_id_seq') ),'David Murray' , 'Doctor' );
INSERT INTO Medical_staff(Passport_number) VALUES (90818509);
INSERT INTO Doctors(MS_id, Specialization) VALUES ((SELECT CURRVAL('medical_staff_ms_id_seq')), 'Cardiology' );
INSERT INTO Account(Login, Password, Permission_level, Date_of_creation, Last_time_online) VALUES ('collinsmary','&M5PkHtkO^' , 3 , '2010-03-14 14:10:07' , '2019-11-19 09:43:43');
INSERT INTO Staff(Passport_number, Account_id, Full_name, Position) VALUES (36539956 , (SELECT CURRVAL('account_account_id_seq') ),'Stephanie Peters' , 'Doctor' );
INSERT INTO Medical_staff(Passport_number) VALUES (36539956);
INSERT INTO Doctors(MS_id, Specialization) VALUES ((SELECT CURRVAL('medical_staff_ms_id_seq')), 'Cardiovascular Surgery' );
INSERT INTO Account(Login, Password, Permission_level, Date_of_creation, Last_time_online) VALUES ('coxchristopher','lUVqEUCg(4' , 3 , '2017-08-22 10:50:30' , '2019-11-17 10:07:58');
INSERT INTO Staff(Passport_number, Account_id, Full_name, Position) VALUES (22492517 , (SELECT CURRVAL('account_account_id_seq') ),'Candice Galloway' , 'Doctor' );
INSERT INTO Medical_staff(Passport_number) VALUES (22492517);
INSERT INTO Doctors(MS_id, Specialization) VALUES ((SELECT CURRVAL('medical_staff_ms_id_seq')), 'Interventional Radiology' );
INSERT INTO Account(Login, Password, Permission_level, Date_of_creation, Last_time_online) VALUES ('amber48','ZHCu%ASl(1' , 3 , '2018-03-02 03:35:53' , '2019-11-20 02:07:31');
INSERT INTO Staff(Passport_number, Account_id, Full_name, Position) VALUES (89234099 , (SELECT CURRVAL('account_account_id_seq') ),'Lisa Bell' , 'Doctor' );
INSERT INTO Medical_staff(Passport_number) VALUES (89234099);
INSERT INTO Doctors(MS_id, Specialization) VALUES ((SELECT CURRVAL('medical_staff_ms_id_seq')), 'Electrophysiology' );
INSERT INTO Account(Login, Password, Permission_level, Date_of_creation, Last_time_online) VALUES ('deanjohn','+3KsUfjP80' , 3 , '2018-05-29 00:41:01' , '2019-11-21 03:39:51');
INSERT INTO Staff(Passport_number, Account_id, Full_name, Position) VALUES (99980337 , (SELECT CURRVAL('account_account_id_seq') ),'Samantha Bates' , 'Doctor' );
INSERT INTO Medical_staff(Passport_number) VALUES (99980337);
INSERT INTO Doctors(MS_id, Specialization) VALUES ((SELECT CURRVAL('medical_staff_ms_id_seq')), 'Geriatrics' );
INSERT INTO Account(Login, Password, Permission_level, Date_of_creation, Last_time_online) VALUES ('ibaker','(H6S#TuD#c' , 3 , '2015-08-31 11:05:49' , '2019-11-21 15:10:28');
INSERT INTO Staff(Passport_number, Account_id, Full_name, Position) VALUES (34830901 , (SELECT CURRVAL('account_account_id_seq') ),'Kathleen Graves' , 'Doctor' );
INSERT INTO Medical_staff(Passport_number) VALUES (34830901);
INSERT INTO Doctors(MS_id, Specialization) VALUES ((SELECT CURRVAL('medical_staff_ms_id_seq')), 'Cardiology' );
INSERT INTO Account(Login, Password, Permission_level, Date_of_creation, Last_time_online) VALUES ('ashley19','&36FpYW$+P' , 3 , '2013-04-26 18:35:52' , '2019-11-18 15:27:40');
INSERT INTO Staff(Passport_number, Account_id, Full_name, Position) VALUES (31644105 , (SELECT CURRVAL('account_account_id_seq') ),'Gina Jones' , 'Doctor' );
INSERT INTO Medical_staff(Passport_number) VALUES (31644105);
INSERT INTO Doctors(MS_id, Specialization) VALUES ((SELECT CURRVAL('medical_staff_ms_id_seq')), 'Nephrology' );
INSERT INTO Account(Login, Password, Permission_level, Date_of_creation, Last_time_online) VALUES ('davisdesiree','%Z603MXhUK' , 3 , '2018-06-12 19:09:59' , '2019-11-16 02:03:24');
INSERT INTO Staff(Passport_number, Account_id, Full_name, Position) VALUES (39456267 , (SELECT CURRVAL('account_account_id_seq') ),'Tammy Duke' , 'Doctor' );
INSERT INTO Medical_staff(Passport_number) VALUES (39456267);
INSERT INTO Doctors(MS_id, Specialization) VALUES ((SELECT CURRVAL('medical_staff_ms_id_seq')), 'Neonatology' );
INSERT INTO Account(Login, Password, Permission_level, Date_of_creation, Last_time_online) VALUES ('dawnjohnson',')y28RBeg!l' , 3 , '2014-11-19 07:56:39' , '2019-11-16 18:59:18');
INSERT INTO Staff(Passport_number, Account_id, Full_name, Position) VALUES (63420302 , (SELECT CURRVAL('account_account_id_seq') ),'Stephanie Cunningham' , 'Doctor' );
INSERT INTO Medical_staff(Passport_number) VALUES (63420302);
INSERT INTO Doctors(MS_id, Specialization) VALUES ((SELECT CURRVAL('medical_staff_ms_id_seq')), 'Bariatric Medicine/Surgery' );
INSERT INTO Account(Login, Password, Permission_level, Date_of_creation, Last_time_online) VALUES ('jorge89','aV6P5klE!j' , 3 , '2018-03-27 17:00:21' , '2019-11-17 02:51:36');
INSERT INTO Staff(Passport_number, Account_id, Full_name, Position) VALUES (53553621 , (SELECT CURRVAL('account_account_id_seq') ),'Ronald Rosales' , 'Doctor' );
INSERT INTO Medical_staff(Passport_number) VALUES (53553621);
INSERT INTO Doctors(MS_id, Specialization) VALUES ((SELECT CURRVAL('medical_staff_ms_id_seq')), 'Burn/Trauma' );
INSERT INTO Account(Login, Password, Permission_level, Date_of_creation, Last_time_online) VALUES ('twilliams','pxO#Sp7b%2' , 3 , '2016-08-10 01:21:24' , '2019-11-21 21:09:55');
INSERT INTO Staff(Passport_number, Account_id, Full_name, Position) VALUES (25071610 , (SELECT CURRVAL('account_account_id_seq') ),'Shelby Rose' , 'Doctor' );
INSERT INTO Medical_staff(Passport_number) VALUES (25071610);
INSERT INTO Doctors(MS_id, Specialization) VALUES ((SELECT CURRVAL('medical_staff_ms_id_seq')), 'Emergency Medicine' );
INSERT INTO Account(Login, Password, Permission_level, Date_of_creation, Last_time_online) VALUES ('jennifer28','+qjH!MdN58' , 3 , '2012-03-08 20:33:12' , '2019-11-22 02:20:15');
INSERT INTO Staff(Passport_number, Account_id, Full_name, Position) VALUES (75760373 , (SELECT CURRVAL('account_account_id_seq') ),'Robert Patel' , 'Doctor' );
INSERT INTO Medical_staff(Passport_number) VALUES (75760373);
INSERT INTO Doctors(MS_id, Specialization) VALUES ((SELECT CURRVAL('medical_staff_ms_id_seq')), 'Bariatric Medicine/Surgery' );
INSERT INTO Account(Login, Password, Permission_level, Date_of_creation, Last_time_online) VALUES ('jameszachary','%HjIcI#x7c' , 3 , '2016-10-10 07:12:46' , '2019-11-20 17:16:26');
INSERT INTO Staff(Passport_number, Account_id, Full_name, Position) VALUES (57024820 , (SELECT CURRVAL('account_account_id_seq') ),'Stefanie Richards' , 'Doctor' );
INSERT INTO Medical_staff(Passport_number) VALUES (57024820);
INSERT INTO Doctors(MS_id, Specialization) VALUES ((SELECT CURRVAL('medical_staff_ms_id_seq')), 'Endocrinology' );
INSERT INTO Account(Login, Password, Permission_level, Date_of_creation, Last_time_online) VALUES ('svance','l7E7AvoPY&' , 3 , '2018-08-20 23:48:19' , '2019-11-18 12:05:12');
INSERT INTO Staff(Passport_number, Account_id, Full_name, Position) VALUES (93926324 , (SELECT CURRVAL('account_account_id_seq') ),'Steven Phillips' , 'Doctor' );
INSERT INTO Medical_staff(Passport_number) VALUES (93926324);
INSERT INTO Doctors(MS_id, Specialization) VALUES ((SELECT CURRVAL('medical_staff_ms_id_seq')), 'Gastroenterology' );
INSERT INTO Account(Login, Password, Permission_level, Date_of_creation, Last_time_online) VALUES ('obrennan','h%2NeQo(Ob' , 3 , '2019-06-30 13:19:55' , '2019-11-17 19:40:15');
INSERT INTO Staff(Passport_number, Account_id, Full_name, Position) VALUES (68709167 , (SELECT CURRVAL('account_account_id_seq') ),'Timothy Hernandez' , 'Doctor' );
INSERT INTO Medical_staff(Passport_number) VALUES (68709167);
INSERT INTO Doctors(MS_id, Specialization) VALUES ((SELECT CURRVAL('medical_staff_ms_id_seq')), 'Neonatology' );
INSERT INTO Account(Login, Password, Permission_level, Date_of_creation, Last_time_online) VALUES ('kim37','mQh@6Lla4l' , 3 , '2012-04-21 06:55:40' , '2019-11-22 13:22:45');
INSERT INTO Staff(Passport_number, Account_id, Full_name, Position) VALUES (09416796 , (SELECT CURRVAL('account_account_id_seq') ),'Benjamin Mclaughlin' , 'Doctor' );
INSERT INTO Medical_staff(Passport_number) VALUES (09416796);
INSERT INTO Doctors(MS_id, Specialization) VALUES ((SELECT CURRVAL('medical_staff_ms_id_seq')), 'Infectious Disease' );
INSERT INTO Account(Login, Password, Permission_level, Date_of_creation, Last_time_online) VALUES ('oneillkim','15l(LdDL%g' , 3 , '2019-02-11 12:08:44' , '2019-11-18 15:08:04');
INSERT INTO Staff(Passport_number, Account_id, Full_name, Position) VALUES (17896504 , (SELECT CURRVAL('account_account_id_seq') ),'Diane Hill' , 'Doctor' );
INSERT INTO Medical_staff(Passport_number) VALUES (17896504);
INSERT INTO Doctors(MS_id, Specialization) VALUES ((SELECT CURRVAL('medical_staff_ms_id_seq')), 'Nephrology' );
INSERT INTO Account(Login, Password, Permission_level, Date_of_creation, Last_time_online) VALUES ('mariacooper','2a^Bg4Jq(k' , 3 , '2018-10-08 17:09:16' , '2019-11-20 00:57:51');
INSERT INTO Staff(Passport_number, Account_id, Full_name, Position) VALUES (59983446 , (SELECT CURRVAL('account_account_id_seq') ),'Clarence Smith' , 'Doctor' );
INSERT INTO Medical_staff(Passport_number) VALUES (59983446);
INSERT INTO Doctors(MS_id, Specialization) VALUES ((SELECT CURRVAL('medical_staff_ms_id_seq')), 'Hematology/Oncology' );
INSERT INTO Account(Login, Password, Permission_level, Date_of_creation, Last_time_online) VALUES ('steeleglenn','VTd!3Wqi0+' , 3 , '2014-11-25 23:15:33' , '2019-11-20 00:34:21');
INSERT INTO Staff(Passport_number, Account_id, Full_name, Position) VALUES (34863718 , (SELECT CURRVAL('account_account_id_seq') ),'Parker Jones' , 'Doctor' );
INSERT INTO Medical_staff(Passport_number) VALUES (34863718);
INSERT INTO Doctors(MS_id, Specialization) VALUES ((SELECT CURRVAL('medical_staff_ms_id_seq')), 'Hospitalist' );
INSERT INTO Account(Login, Password, Permission_level, Date_of_creation, Last_time_online) VALUES ('wkey','$fF3Kdyi90' , 3 , '2011-09-08 09:45:51' , '2019-11-17 04:53:21');
INSERT INTO Staff(Passport_number, Account_id, Full_name, Position) VALUES (69168499 , (SELECT CURRVAL('account_account_id_seq') ),'Jared Payne' , 'Doctor' );
INSERT INTO Medical_staff(Passport_number) VALUES (69168499);
INSERT INTO Doctors(MS_id, Specialization) VALUES ((SELECT CURRVAL('medical_staff_ms_id_seq')), 'Emergency Medicine' );
INSERT INTO Account(Login, Password, Permission_level, Date_of_creation, Last_time_online) VALUES ('nathanielanderson','BuPA%Hmb#3' , 3 , '2011-08-02 13:50:00' , '2019-11-16 08:48:40');
INSERT INTO Staff(Passport_number, Account_id, Full_name, Position) VALUES (68914042 , (SELECT CURRVAL('account_account_id_seq') ),'Warren Mcpherson' , 'Doctor' );
INSERT INTO Medical_staff(Passport_number) VALUES (68914042);
INSERT INTO Doctors(MS_id, Specialization) VALUES ((SELECT CURRVAL('medical_staff_ms_id_seq')), 'Burn/Trauma' );
INSERT INTO Account(Login, Password, Permission_level, Date_of_creation, Last_time_online) VALUES ('anthonywarren','(QTtD(rV6U' , 3 , '2019-09-24 03:54:03' , '2019-11-19 23:55:57');
INSERT INTO Staff(Passport_number, Account_id, Full_name, Position) VALUES (61994881 , (SELECT CURRVAL('account_account_id_seq') ),'Carmen Phillips' , 'Doctor' );
INSERT INTO Medical_staff(Passport_number) VALUES (61994881);
INSERT INTO Doctors(MS_id, Specialization) VALUES ((SELECT CURRVAL('medical_staff_ms_id_seq')), 'Bariatric Medicine/Surgery' );
INSERT INTO Account(Login, Password, Permission_level, Date_of_creation, Last_time_online) VALUES ('simsnathaniel','K$6nIXdQd!' , 3 , '2012-07-01 17:58:30' , '2019-11-17 11:51:49');
INSERT INTO Staff(Passport_number, Account_id, Full_name, Position) VALUES (26407814 , (SELECT CURRVAL('account_account_id_seq') ),'Chad Cherry' , 'Doctor' );
INSERT INTO Medical_staff(Passport_number) VALUES (26407814);
INSERT INTO Doctors(MS_id, Specialization) VALUES ((SELECT CURRVAL('medical_staff_ms_id_seq')), 'General Surgery' );
INSERT INTO Account(Login, Password, Permission_level, Date_of_creation, Last_time_online) VALUES ('kelly64','_0snWMjXt0' , 3 , '2010-12-26 09:51:26' , '2019-11-19 21:07:46');
INSERT INTO Staff(Passport_number, Account_id, Full_name, Position) VALUES (17678650 , (SELECT CURRVAL('account_account_id_seq') ),'Jessica Moss' , 'Doctor' );
INSERT INTO Medical_staff(Passport_number) VALUES (17678650);
INSERT INTO Doctors(MS_id, Specialization) VALUES ((SELECT CURRVAL('medical_staff_ms_id_seq')), 'Oral Surgery' );
INSERT INTO Account(Login, Password, Permission_level, Date_of_creation, Last_time_online) VALUES ('phillipsmaria','1XRoFe_o)2' , 3 , '2011-01-07 21:16:56' , '2019-11-17 07:55:14');
INSERT INTO Staff(Passport_number, Account_id, Full_name, Position) VALUES (92409897 , (SELECT CURRVAL('account_account_id_seq') ),'Shelia Zhang' , 'Doctor' );
INSERT INTO Medical_staff(Passport_number) VALUES (92409897);
INSERT INTO Doctors(MS_id, Specialization) VALUES ((SELECT CURRVAL('medical_staff_ms_id_seq')), 'Hospitalist' );
INSERT INTO Account(Login, Password, Permission_level, Date_of_creation, Last_time_online) VALUES ('gordonshannon','$83lOm^G^#' , 3 , '2014-04-14 04:20:28' , '2019-11-16 03:26:40');
INSERT INTO Staff(Passport_number, Account_id, Full_name, Position) VALUES (05746378 , (SELECT CURRVAL('account_account_id_seq') ),'Stephen Gray DDS' , 'Doctor' );
INSERT INTO Medical_staff(Passport_number) VALUES (05746378);
INSERT INTO Doctors(MS_id, Specialization) VALUES ((SELECT CURRVAL('medical_staff_ms_id_seq')), 'Neurosurgery' );
INSERT INTO Account(Login, Password, Permission_level, Date_of_creation, Last_time_online) VALUES ('leonjason','Ep^2Crbmop' , 3 , '2010-05-01 01:13:44' , '2019-11-16 19:12:27');
INSERT INTO Staff(Passport_number, Account_id, Full_name, Position) VALUES (38613180 , (SELECT CURRVAL('account_account_id_seq') ),'Jeffrey Parsons' , 'Doctor' );
INSERT INTO Medical_staff(Passport_number) VALUES (38613180);
INSERT INTO Doctors(MS_id, Specialization) VALUES ((SELECT CURRVAL('medical_staff_ms_id_seq')), 'Interventional Radiology' );
INSERT INTO Account(Login, Password, Permission_level, Date_of_creation, Last_time_online) VALUES ('briankelley','Fb8ZO1vFQ@' , 3 , '2019-01-12 14:22:02' , '2019-11-16 01:17:51');
INSERT INTO Staff(Passport_number, Account_id, Full_name, Position) VALUES (43550951 , (SELECT CURRVAL('account_account_id_seq') ),'Walter Lopez' , 'Doctor' );
INSERT INTO Medical_staff(Passport_number) VALUES (43550951);
INSERT INTO Doctors(MS_id, Specialization) VALUES ((SELECT CURRVAL('medical_staff_ms_id_seq')), 'Cardiac Catheterization' );
INSERT INTO Account(Login, Password, Permission_level, Date_of_creation, Last_time_online) VALUES ('sanchezchristopher','dA&$N3Ry5w' , 3 , '2012-12-06 16:33:47' , '2019-11-18 23:45:17');
INSERT INTO Staff(Passport_number, Account_id, Full_name, Position) VALUES (98882885 , (SELECT CURRVAL('account_account_id_seq') ),'Laura Ross' , 'Doctor' );
INSERT INTO Medical_staff(Passport_number) VALUES (98882885);
INSERT INTO Doctors(MS_id, Specialization) VALUES ((SELECT CURRVAL('medical_staff_ms_id_seq')), 'Obstetrics & Gynecology' );
INSERT INTO Account(Login, Password, Permission_level, Date_of_creation, Last_time_online) VALUES ('thomasangela','+WCjauJkk0' , 3 , '2014-08-05 16:35:46' , '2019-11-22 14:43:51');
INSERT INTO Staff(Passport_number, Account_id, Full_name, Position) VALUES (34159460 , (SELECT CURRVAL('account_account_id_seq') ),'Kevin Vazquez' , 'Doctor' );
INSERT INTO Medical_staff(Passport_number) VALUES (34159460);
INSERT INTO Doctors(MS_id, Specialization) VALUES ((SELECT CURRVAL('medical_staff_ms_id_seq')), 'Oral Surgery' );
INSERT INTO Account(Login, Password, Permission_level, Date_of_creation, Last_time_online) VALUES ('gonzalesvictoria','Z99BKhlp6^' , 3 , '2011-06-20 11:28:28' , '2019-11-21 18:46:06');
INSERT INTO Staff(Passport_number, Account_id, Full_name, Position) VALUES (24608107 , (SELECT CURRVAL('account_account_id_seq') ),'Patricia Hahn' , 'Doctor' );
INSERT INTO Medical_staff(Passport_number) VALUES (24608107);
INSERT INTO Doctors(MS_id, Specialization) VALUES ((SELECT CURRVAL('medical_staff_ms_id_seq')), 'Neurosurgery' );
INSERT INTO Account(Login, Password, Permission_level, Date_of_creation, Last_time_online) VALUES ('garciatracey','XJ8Cyq$bz*' , 3 , '2015-08-04 17:41:57' , '2019-11-22 19:22:36');
INSERT INTO Staff(Passport_number, Account_id, Full_name, Position) VALUES (67998272 , (SELECT CURRVAL('account_account_id_seq') ),'Cheryl Lloyd' , 'Doctor' );
INSERT INTO Medical_staff(Passport_number) VALUES (67998272);
INSERT INTO Doctors(MS_id, Specialization) VALUES ((SELECT CURRVAL('medical_staff_ms_id_seq')), 'Oral Surgery' );
INSERT INTO Account(Login, Password, Permission_level, Date_of_creation, Last_time_online) VALUES ('lsilva','t7%17Kiq^n' , 3 , '2017-02-22 05:45:20' , '2019-11-18 01:44:16');
INSERT INTO Staff(Passport_number, Account_id, Full_name, Position) VALUES (50581412 , (SELECT CURRVAL('account_account_id_seq') ),'Patricia Melton' , 'Doctor' );
INSERT INTO Medical_staff(Passport_number) VALUES (50581412);
INSERT INTO Doctors(MS_id, Specialization) VALUES ((SELECT CURRVAL('medical_staff_ms_id_seq')), 'Cardiovascular Surgery' );
INSERT INTO Account(Login, Password, Permission_level, Date_of_creation, Last_time_online) VALUES ('egibson','_r3ZvGu0iC' , 3 , '2019-11-04 06:16:41' , '2019-11-22 01:35:47');
INSERT INTO Staff(Passport_number, Account_id, Full_name, Position) VALUES (31450638 , (SELECT CURRVAL('account_account_id_seq') ),'Michael Bennett' , 'Doctor' );
INSERT INTO Medical_staff(Passport_number) VALUES (31450638);
INSERT INTO Doctors(MS_id, Specialization) VALUES ((SELECT CURRVAL('medical_staff_ms_id_seq')), 'Burn/Trauma' );
INSERT INTO Account(Login, Password, Permission_level, Date_of_creation, Last_time_online) VALUES ('fryan','!Vg6WNYc0i' , 3 , '2011-09-05 07:18:24' , '2019-11-20 13:56:11');
INSERT INTO Staff(Passport_number, Account_id, Full_name, Position) VALUES (10114070 , (SELECT CURRVAL('account_account_id_seq') ),'James Ramirez' , 'Doctor' );
INSERT INTO Medical_staff(Passport_number) VALUES (10114070);
INSERT INTO Doctors(MS_id, Specialization) VALUES ((SELECT CURRVAL('medical_staff_ms_id_seq')), 'Colorectal Surgery' );
INSERT INTO Account(Login, Password, Permission_level, Date_of_creation, Last_time_online) VALUES ('howellbryan','I1waM3!s&b' , 3 , '2019-06-01 13:14:06' , '2019-11-15 23:08:03');
INSERT INTO Staff(Passport_number, Account_id, Full_name, Position) VALUES (80713777 , (SELECT CURRVAL('account_account_id_seq') ),'Micheal Murphy' , 'Doctor' );
INSERT INTO Medical_staff(Passport_number) VALUES (80713777);
INSERT INTO Doctors(MS_id, Specialization) VALUES ((SELECT CURRVAL('medical_staff_ms_id_seq')), 'Colorectal Surgery' );
INSERT INTO Account(Login, Password, Permission_level, Date_of_creation, Last_time_online) VALUES ('mackenzie31','*I3ZC5vw^C' , 3 , '2018-03-27 14:38:54' , '2019-11-19 08:13:52');
INSERT INTO Staff(Passport_number, Account_id, Full_name, Position) VALUES (31199490 , (SELECT CURRVAL('account_account_id_seq') ),'Erica Clark' , 'Doctor' );
INSERT INTO Medical_staff(Passport_number) VALUES (31199490);
INSERT INTO Doctors(MS_id, Specialization) VALUES ((SELECT CURRVAL('medical_staff_ms_id_seq')), 'Infectious Disease' );
INSERT INTO Account(Login, Password, Permission_level, Date_of_creation, Last_time_online) VALUES ('kvelasquez','dS&8WeVykc' , 3 , '2010-05-31 17:00:52' , '2019-11-17 13:52:24');
INSERT INTO Staff(Passport_number, Account_id, Full_name, Position) VALUES (56392876 , (SELECT CURRVAL('account_account_id_seq') ),'Darren Thompson' , 'Doctor' );
INSERT INTO Medical_staff(Passport_number) VALUES (56392876);
INSERT INTO Doctors(MS_id, Specialization) VALUES ((SELECT CURRVAL('medical_staff_ms_id_seq')), 'Ophthalmology' );
INSERT INTO Account(Login, Password, Permission_level, Date_of_creation, Last_time_online) VALUES ('mmartin','bx)1CH*CT#' , 3 , '2019-06-19 11:59:36' , '2019-11-17 09:54:09');
INSERT INTO Staff(Passport_number, Account_id, Full_name, Position) VALUES (12911387 , (SELECT CURRVAL('account_account_id_seq') ),'Kaitlyn Little' , 'Doctor' );
INSERT INTO Medical_staff(Passport_number) VALUES (12911387);
INSERT INTO Doctors(MS_id, Specialization) VALUES ((SELECT CURRVAL('medical_staff_ms_id_seq')), 'Cardiovascular Surgery' );
INSERT INTO Account(Login, Password, Permission_level, Date_of_creation, Last_time_online) VALUES ('xdixon','a2!_r0Rd)J' , 3 , '2017-06-27 10:20:02' , '2019-11-20 12:05:12');
INSERT INTO Staff(Passport_number, Account_id, Full_name, Position) VALUES (49334425 , (SELECT CURRVAL('account_account_id_seq') ),'Connor Ryan' , 'Doctor' );
INSERT INTO Medical_staff(Passport_number) VALUES (49334425);
INSERT INTO Doctors(MS_id, Specialization) VALUES ((SELECT CURRVAL('medical_staff_ms_id_seq')), 'Cardiovascular Surgery' );
INSERT INTO Account(Login, Password, Permission_level, Date_of_creation, Last_time_online) VALUES ('marklee','#%Y0qTjl7(' , 3 , '2018-12-30 02:45:36' , '2019-11-16 16:10:07');
INSERT INTO Staff(Passport_number, Account_id, Full_name, Position) VALUES (26264974 , (SELECT CURRVAL('account_account_id_seq') ),'Christopher Guzman' , 'Doctor' );
INSERT INTO Medical_staff(Passport_number) VALUES (26264974);
INSERT INTO Doctors(MS_id, Specialization) VALUES ((SELECT CURRVAL('medical_staff_ms_id_seq')), 'Geriatrics' );
INSERT INTO Account(Login, Password, Permission_level, Date_of_creation, Last_time_online) VALUES ('rubiobryan','&Zo8N80d$0' , 3 , '2017-12-21 07:49:49' , '2019-11-18 14:18:40');
INSERT INTO Staff(Passport_number, Account_id, Full_name, Position) VALUES (84179784 , (SELECT CURRVAL('account_account_id_seq') ),'David White' , 'Doctor' );
INSERT INTO Medical_staff(Passport_number) VALUES (84179784);
INSERT INTO Doctors(MS_id, Specialization) VALUES ((SELECT CURRVAL('medical_staff_ms_id_seq')), 'Dermatology' );
INSERT INTO Account(Login, Password, Permission_level, Date_of_creation, Last_time_online) VALUES ('christine19','dB2M7twC7$' , 3 , '2014-09-07 05:02:41' , '2019-11-18 09:02:44');
INSERT INTO Staff(Passport_number, Account_id, Full_name, Position) VALUES (68607036 , (SELECT CURRVAL('account_account_id_seq') ),'Paula Castro' , 'Doctor' );
INSERT INTO Medical_staff(Passport_number) VALUES (68607036);
INSERT INTO Doctors(MS_id, Specialization) VALUES ((SELECT CURRVAL('medical_staff_ms_id_seq')), 'Ophthalmology' );
INSERT INTO Account(Login, Password, Permission_level, Date_of_creation, Last_time_online) VALUES ('browncharles','hY1+7JzL#+' , 3 , '2014-01-06 07:42:36' , '2019-11-16 03:00:32');
INSERT INTO Staff(Passport_number, Account_id, Full_name, Position) VALUES (12874767 , (SELECT CURRVAL('account_account_id_seq') ),'Gerald Reeves' , 'Doctor' );
INSERT INTO Medical_staff(Passport_number) VALUES (12874767);
INSERT INTO Doctors(MS_id, Specialization) VALUES ((SELECT CURRVAL('medical_staff_ms_id_seq')), 'Dermatology' );
INSERT INTO Account(Login, Password, Permission_level, Date_of_creation, Last_time_online) VALUES ('wellsjeffrey','+UjWQ*Ge6X' , 3 , '2014-01-01 22:16:37' , '2019-11-16 02:32:30');
INSERT INTO Staff(Passport_number, Account_id, Full_name, Position) VALUES (39078209 , (SELECT CURRVAL('account_account_id_seq') ),'Dana Wright' , 'Doctor' );
INSERT INTO Medical_staff(Passport_number) VALUES (39078209);
INSERT INTO Doctors(MS_id, Specialization) VALUES ((SELECT CURRVAL('medical_staff_ms_id_seq')), 'Bariatric Medicine/Surgery' );
INSERT INTO Account(Login, Password, Permission_level, Date_of_creation, Last_time_online) VALUES ('mitchell34','F8V4nl75%g' , 3 , '2017-02-07 10:56:28' , '2019-11-19 11:48:11');
INSERT INTO Staff(Passport_number, Account_id, Full_name, Position) VALUES (57293257 , (SELECT CURRVAL('account_account_id_seq') ),'Tommy Torres' , 'Doctor' );
INSERT INTO Medical_staff(Passport_number) VALUES (57293257);
INSERT INTO Doctors(MS_id, Specialization) VALUES ((SELECT CURRVAL('medical_staff_ms_id_seq')), 'Electrophysiology' );
INSERT INTO Account(Login, Password, Permission_level, Date_of_creation, Last_time_online) VALUES ('shawn02','OB0^MFug@5' , 3 , '2016-03-06 23:50:29' , '2019-11-20 21:24:38');
INSERT INTO Staff(Passport_number, Account_id, Full_name, Position) VALUES (72680605 , (SELECT CURRVAL('account_account_id_seq') ),'Eric Rodriguez' , 'Doctor' );
INSERT INTO Medical_staff(Passport_number) VALUES (72680605);
INSERT INTO Doctors(MS_id, Specialization) VALUES ((SELECT CURRVAL('medical_staff_ms_id_seq')), 'Cardiac Catheterization' );
INSERT INTO Account(Login, Password, Permission_level, Date_of_creation, Last_time_online) VALUES ('joseph89','@*T3qQDc5a' , 3 , '2010-04-09 12:59:13' , '2019-11-16 22:53:37');
INSERT INTO Staff(Passport_number, Account_id, Full_name, Position) VALUES (50241408 , (SELECT CURRVAL('account_account_id_seq') ),'Victoria Stone' , 'Doctor' );
INSERT INTO Medical_staff(Passport_number) VALUES (50241408);
INSERT INTO Doctors(MS_id, Specialization) VALUES ((SELECT CURRVAL('medical_staff_ms_id_seq')), 'Anesthesia' );
INSERT INTO Account(Login, Password, Permission_level, Date_of_creation, Last_time_online) VALUES ('derek74','!c(eGfm_@6' , 3 , '2011-06-20 03:32:36' , '2019-11-17 01:45:31');
INSERT INTO Staff(Passport_number, Account_id, Full_name, Position) VALUES (97023074 , (SELECT CURRVAL('account_account_id_seq') ),'April Smith' , 'Doctor' );
INSERT INTO Medical_staff(Passport_number) VALUES (97023074);
INSERT INTO Doctors(MS_id, Specialization) VALUES ((SELECT CURRVAL('medical_staff_ms_id_seq')), 'Neuroradiology' );
INSERT INTO Account(Login, Password, Permission_level, Date_of_creation, Last_time_online) VALUES ('wolfejennifer','#1JZXoRjQv' , 3 , '2014-05-25 07:02:50' , '2019-11-19 15:44:54');
INSERT INTO Staff(Passport_number, Account_id, Full_name, Position) VALUES (10689691 , (SELECT CURRVAL('account_account_id_seq') ),'Seth Gutierrez' , 'Doctor' );
INSERT INTO Medical_staff(Passport_number) VALUES (10689691);
INSERT INTO Doctors(MS_id, Specialization) VALUES ((SELECT CURRVAL('medical_staff_ms_id_seq')), 'Neonatology' );
INSERT INTO Account(Login, Password, Permission_level, Date_of_creation, Last_time_online) VALUES ('qrubio','D9b^Mswr^k' , 3 , '2014-01-26 04:30:52' , '2019-11-18 09:42:58');
INSERT INTO Staff(Passport_number, Account_id, Full_name, Position) VALUES (58295960 , (SELECT CURRVAL('account_account_id_seq') ),'Sara Nicholson' , 'Doctor' );
INSERT INTO Medical_staff(Passport_number) VALUES (58295960);
INSERT INTO Doctors(MS_id, Specialization) VALUES ((SELECT CURRVAL('medical_staff_ms_id_seq')), 'Occupational Medicine' );
INSERT INTO Account(Login, Password, Permission_level, Date_of_creation, Last_time_online) VALUES ('tracy13','$5%2ZKWn_L' , 3 , '2015-12-18 16:56:09' , '2019-11-16 10:13:48');
INSERT INTO Staff(Passport_number, Account_id, Full_name, Position) VALUES (89169636 , (SELECT CURRVAL('account_account_id_seq') ),'Johnny Fitzgerald' , 'Doctor' );
INSERT INTO Medical_staff(Passport_number) VALUES (89169636);
INSERT INTO Doctors(MS_id, Specialization) VALUES ((SELECT CURRVAL('medical_staff_ms_id_seq')), 'Emergency Medicine' );
INSERT INTO Account(Login, Password, Permission_level, Date_of_creation, Last_time_online) VALUES ('monica50','C_5V1KVuhh' , 3 , '2019-06-19 07:05:01' , '2019-11-21 00:56:39');
INSERT INTO Staff(Passport_number, Account_id, Full_name, Position) VALUES (60069429 , (SELECT CURRVAL('account_account_id_seq') ),'Adam Smith' , 'Doctor' );
INSERT INTO Medical_staff(Passport_number) VALUES (60069429);
INSERT INTO Doctors(MS_id, Specialization) VALUES ((SELECT CURRVAL('medical_staff_ms_id_seq')), 'Neonatology' );
INSERT INTO Account(Login, Password, Permission_level, Date_of_creation, Last_time_online) VALUES ('haroldturner','i0iwWf6#@7' , 3 , '2015-08-25 17:45:40' , '2019-11-21 08:22:30');
INSERT INTO Staff(Passport_number, Account_id, Full_name, Position) VALUES (13511944 , (SELECT CURRVAL('account_account_id_seq') ),'Jose Murray' , 'Doctor' );
INSERT INTO Medical_staff(Passport_number) VALUES (13511944);
INSERT INTO Doctors(MS_id, Specialization) VALUES ((SELECT CURRVAL('medical_staff_ms_id_seq')), 'Allergy' );
INSERT INTO Account(Login, Password, Permission_level, Date_of_creation, Last_time_online) VALUES ('murrayjoshua','+Y6R@Bsznf' , 3 , '2016-05-20 21:16:01' , '2019-11-18 10:55:30');
INSERT INTO Staff(Passport_number, Account_id, Full_name, Position) VALUES (58544921 , (SELECT CURRVAL('account_account_id_seq') ),'Alyssa Nguyen' , 'Doctor' );
INSERT INTO Medical_staff(Passport_number) VALUES (58544921);
INSERT INTO Doctors(MS_id, Specialization) VALUES ((SELECT CURRVAL('medical_staff_ms_id_seq')), 'Electrophysiology' );
INSERT INTO Account(Login, Password, Permission_level, Date_of_creation, Last_time_online) VALUES ('nicole23','pt392Dsf^x' , 3 , '2015-07-08 12:52:57' , '2019-11-16 03:03:39');
INSERT INTO Staff(Passport_number, Account_id, Full_name, Position) VALUES (70481211 , (SELECT CURRVAL('account_account_id_seq') ),'William Brown' , 'Doctor' );
INSERT INTO Medical_staff(Passport_number) VALUES (70481211);
INSERT INTO Doctors(MS_id, Specialization) VALUES ((SELECT CURRVAL('medical_staff_ms_id_seq')), 'Burn/Trauma' );
INSERT INTO Account(Login, Password, Permission_level, Date_of_creation, Last_time_online) VALUES ('cynthia66','+oC4TpQm8o' , 3 , '2017-08-11 13:00:25' , '2019-11-18 13:25:09');
INSERT INTO Staff(Passport_number, Account_id, Full_name, Position) VALUES (35603665 , (SELECT CURRVAL('account_account_id_seq') ),'Megan Ray' , 'Doctor' );
INSERT INTO Medical_staff(Passport_number) VALUES (35603665);
INSERT INTO Doctors(MS_id, Specialization) VALUES ((SELECT CURRVAL('medical_staff_ms_id_seq')), 'Oral Surgery' );
INSERT INTO Account(Login, Password, Permission_level, Date_of_creation, Last_time_online) VALUES ('ualvarado','^nc0qD@jM1' , 3 , '2012-08-29 18:34:37' , '2019-11-20 14:49:19');
INSERT INTO Staff(Passport_number, Account_id, Full_name, Position) VALUES (70293265 , (SELECT CURRVAL('account_account_id_seq') ),'Paige Weaver' , 'Doctor' );
INSERT INTO Medical_staff(Passport_number) VALUES (70293265);
INSERT INTO Doctors(MS_id, Specialization) VALUES ((SELECT CURRVAL('medical_staff_ms_id_seq')), 'Neonatology' );
INSERT INTO Account(Login, Password, Permission_level, Date_of_creation, Last_time_online) VALUES ('langkatelyn','5iGKSMlR*v' , 3 , '2012-02-13 02:59:26' , '2019-11-21 17:00:20');
INSERT INTO Staff(Passport_number, Account_id, Full_name, Position) VALUES (18914481 , (SELECT CURRVAL('account_account_id_seq') ),'Michael Zuniga' , 'Doctor' );
INSERT INTO Medical_staff(Passport_number) VALUES (18914481);
INSERT INTO Doctors(MS_id, Specialization) VALUES ((SELECT CURRVAL('medical_staff_ms_id_seq')), 'Nuclear Medicine' );
INSERT INTO Account(Login, Password, Permission_level, Date_of_creation, Last_time_online) VALUES ('charlesgarcia','sVi+7FnM#e' , 3 , '2019-07-05 15:22:02' , '2019-11-17 08:33:41');
INSERT INTO Staff(Passport_number, Account_id, Full_name, Position) VALUES (93926980 , (SELECT CURRVAL('account_account_id_seq') ),'Nathan Cline' , 'Doctor' );
INSERT INTO Medical_staff(Passport_number) VALUES (93926980);
INSERT INTO Doctors(MS_id, Specialization) VALUES ((SELECT CURRVAL('medical_staff_ms_id_seq')), 'Geriatrics' );
INSERT INTO Account(Login, Password, Permission_level, Date_of_creation, Last_time_online) VALUES ('rogersrobert',')clJP&QpW6' , 3 , '2014-01-21 11:30:27' , '2019-11-18 13:49:09');
INSERT INTO Staff(Passport_number, Account_id, Full_name, Position) VALUES (34476291 , (SELECT CURRVAL('account_account_id_seq') ),'Jennifer Spencer' , 'Doctor' );
INSERT INTO Medical_staff(Passport_number) VALUES (34476291);
INSERT INTO Doctors(MS_id, Specialization) VALUES ((SELECT CURRVAL('medical_staff_ms_id_seq')), 'Emergency Medicine' );
INSERT INTO Account(Login, Password, Permission_level, Date_of_creation, Last_time_online) VALUES ('maymichael','jA15H*VpM^' , 3 , '2019-06-30 20:48:10' , '2019-11-18 10:18:06');
INSERT INTO Staff(Passport_number, Account_id, Full_name, Position) VALUES (54798915 , (SELECT CURRVAL('account_account_id_seq') ),'Tamara Maxwell' , 'Doctor' );
INSERT INTO Medical_staff(Passport_number) VALUES (54798915);
INSERT INTO Doctors(MS_id, Specialization) VALUES ((SELECT CURRVAL('medical_staff_ms_id_seq')), 'Neonatology' );
INSERT INTO Account(Login, Password, Permission_level, Date_of_creation, Last_time_online) VALUES ('hannahdavis','P(0NdKkX#k' , 3 , '2011-05-07 19:52:08' , '2019-11-20 19:22:47');
INSERT INTO Staff(Passport_number, Account_id, Full_name, Position) VALUES (56690392 , (SELECT CURRVAL('account_account_id_seq') ),'Sara Wood' , 'Doctor' );
INSERT INTO Medical_staff(Passport_number) VALUES (56690392);
INSERT INTO Doctors(MS_id, Specialization) VALUES ((SELECT CURRVAL('medical_staff_ms_id_seq')), 'Bariatric Medicine/Surgery' );
INSERT INTO Account(Login, Password, Permission_level, Date_of_creation, Last_time_online) VALUES ('morgantimothy','O3)1Fx0I^N' , 3 , '2016-10-23 10:36:11' , '2019-11-15 23:15:54');
INSERT INTO Staff(Passport_number, Account_id, Full_name, Position) VALUES (15518361 , (SELECT CURRVAL('account_account_id_seq') ),'Joseph Hale' , 'Doctor' );
INSERT INTO Medical_staff(Passport_number) VALUES (15518361);
INSERT INTO Doctors(MS_id, Specialization) VALUES ((SELECT CURRVAL('medical_staff_ms_id_seq')), 'Obstetrics & Gynecology' );
INSERT INTO Account(Login, Password, Permission_level, Date_of_creation, Last_time_online) VALUES ('jbyrd','h!g3_uVlo#' , 3 , '2012-12-28 01:38:14' , '2019-11-21 05:45:08');
INSERT INTO Staff(Passport_number, Account_id, Full_name, Position) VALUES (59631224 , (SELECT CURRVAL('account_account_id_seq') ),'Nathan Weeks' , 'Doctor' );
INSERT INTO Medical_staff(Passport_number) VALUES (59631224);
INSERT INTO Doctors(MS_id, Specialization) VALUES ((SELECT CURRVAL('medical_staff_ms_id_seq')), 'Nuclear Medicine' );
INSERT INTO Account(Login, Password, Permission_level, Date_of_creation, Last_time_online) VALUES ('james02','#Np5V6Py&*' , 3 , '2017-04-22 22:16:16' , '2019-11-19 04:30:06');
INSERT INTO Staff(Passport_number, Account_id, Full_name, Position) VALUES (88513300 , (SELECT CURRVAL('account_account_id_seq') ),'Rachel Green' , 'Doctor' );
INSERT INTO Medical_staff(Passport_number) VALUES (88513300);
INSERT INTO Doctors(MS_id, Specialization) VALUES ((SELECT CURRVAL('medical_staff_ms_id_seq')), 'Infectious Disease' );
INSERT INTO Account(Login, Password, Permission_level, Date_of_creation, Last_time_online) VALUES ('deborah29','y+Q5rIyT6s' , 3 , '2011-05-29 12:51:42' , '2019-11-22 16:36:56');
INSERT INTO Staff(Passport_number, Account_id, Full_name, Position) VALUES (58499290 , (SELECT CURRVAL('account_account_id_seq') ),'Jason Jackson' , 'Doctor' );
INSERT INTO Medical_staff(Passport_number) VALUES (58499290);
INSERT INTO Doctors(MS_id, Specialization) VALUES ((SELECT CURRVAL('medical_staff_ms_id_seq')), 'Dermatology' );
INSERT INTO Account(Login, Password, Permission_level, Date_of_creation, Last_time_online) VALUES ('jerrymoreno','b)6Wj&rxTR' , 3 , '2011-01-05 06:59:00' , '2019-11-21 20:31:40');
INSERT INTO Staff(Passport_number, Account_id, Full_name, Position) VALUES (47169722 , (SELECT CURRVAL('account_account_id_seq') ),'Rodney Clay' , 'Doctor' );
INSERT INTO Medical_staff(Passport_number) VALUES (47169722);
INSERT INTO Doctors(MS_id, Specialization) VALUES ((SELECT CURRVAL('medical_staff_ms_id_seq')), 'Hospitalist' );
INSERT INTO Account(Login, Password, Permission_level, Date_of_creation, Last_time_online) VALUES ('ksmith','@PiY5Au&CZ' , 3 , '2012-10-17 19:49:36' , '2019-11-22 15:40:23');
INSERT INTO Staff(Passport_number, Account_id, Full_name, Position) VALUES (25456691 , (SELECT CURRVAL('account_account_id_seq') ),'Jill Parker' , 'Doctor' );
INSERT INTO Medical_staff(Passport_number) VALUES (25456691);
INSERT INTO Doctors(MS_id, Specialization) VALUES ((SELECT CURRVAL('medical_staff_ms_id_seq')), 'Occupational Medicine' );
INSERT INTO Account(Login, Password, Permission_level, Date_of_creation, Last_time_online) VALUES ('oscar97','#DvU2gzor6' , 3 , '2012-03-29 11:48:09' , '2019-11-20 22:46:55');
INSERT INTO Staff(Passport_number, Account_id, Full_name, Position) VALUES (18013528 , (SELECT CURRVAL('account_account_id_seq') ),'Steven Ruiz' , 'Doctor' );
INSERT INTO Medical_staff(Passport_number) VALUES (18013528);
INSERT INTO Doctors(MS_id, Specialization) VALUES ((SELECT CURRVAL('medical_staff_ms_id_seq')), 'Burn/Trauma' );
INSERT INTO Account(Login, Password, Permission_level, Date_of_creation, Last_time_online) VALUES ('tammybrewer','Q&6bTE$F6h' , 3 , '2012-11-07 08:33:27' , '2019-11-19 12:22:20');
INSERT INTO Staff(Passport_number, Account_id, Full_name, Position) VALUES (25774566 , (SELECT CURRVAL('account_account_id_seq') ),'Eric Ruiz' , 'Doctor' );
INSERT INTO Medical_staff(Passport_number) VALUES (25774566);
INSERT INTO Doctors(MS_id, Specialization) VALUES ((SELECT CURRVAL('medical_staff_ms_id_seq')), 'Burn/Trauma' );
