INSERT INTO Account(Login, Password, Permission_level, Date_of_creation, Last_time_online) VALUES ('michaelbeck','_#sE8lynT4' , 1 , '2013-02-14 15:42:09' , '2019-11-19 22:43:17');
INSERT INTO Staff(Passport_number, Account_id, Full_name, Position) VALUES (13307172 , (SELECT CURRVAL('account_account_id_seq') ),'Lauren Hunt' , 'Doctor' );
INSERT INTO Email(Passport_number, Email) VALUES(13307172 , 'amy79@hotmail.com' );
INSERT INTO Email(Passport_number, Email) VALUES(13307172 , 'christopherjohnson@gmail.com' );
INSERT INTO Email(Passport_number, Email) VALUES(13307172 , 'elizabeth77@adams.biz' );
INSERT INTO Medical_staff(Passport_number) VALUES (13307172);
INSERT INTO Doctor(MS_id, Specialization) VALUES ((SELECT CURRVAL('medical_staff_ms_id_seq')), 'Colorectal Surgery' );
INSERT INTO Schedule(Doctor_id, Day, Time) VALUES ((SELECT CURRVAL('Doctor_doctor_id_seq')), 'SUN' , '2:00' );
INSERT INTO Schedule(Doctor_id, Day, Time) VALUES ((SELECT CURRVAL('Doctor_doctor_id_seq')), 'SUN' , '20:00' );
INSERT INTO Schedule(Doctor_id, Day, Time) VALUES ((SELECT CURRVAL('Doctor_doctor_id_seq')), 'SUN' , '23:00' );
INSERT INTO Schedule(Doctor_id, Day, Time) VALUES ((SELECT CURRVAL('Doctor_doctor_id_seq')), 'MON' , '4:00' );
INSERT INTO Schedule(Doctor_id, Day, Time) VALUES ((SELECT CURRVAL('Doctor_doctor_id_seq')), 'TUE' , '3:00' );
INSERT INTO Schedule(Doctor_id, Day, Time) VALUES ((SELECT CURRVAL('Doctor_doctor_id_seq')), 'TUE' , '9:00' );
INSERT INTO Schedule(Doctor_id, Day, Time) VALUES ((SELECT CURRVAL('Doctor_doctor_id_seq')), 'TUE' , '21:00' );
INSERT INTO Schedule(Doctor_id, Day, Time) VALUES ((SELECT CURRVAL('Doctor_doctor_id_seq')), 'WED' , '14:00' );
INSERT INTO Schedule(Doctor_id, Day, Time) VALUES ((SELECT CURRVAL('Doctor_doctor_id_seq')), 'THU' , '18:00' );
INSERT INTO Schedule(Doctor_id, Day, Time) VALUES ((SELECT CURRVAL('Doctor_doctor_id_seq')), 'FRI' , '4:00' );
INSERT INTO Schedule(Doctor_id, Day, Time) VALUES ((SELECT CURRVAL('Doctor_doctor_id_seq')), 'SAT' , '2:00' );
INSERT INTO Schedule(Doctor_id, Day, Time) VALUES ((SELECT CURRVAL('Doctor_doctor_id_seq')), 'SAT' , '18:00' );
INSERT INTO Schedule(Doctor_id, Day, Time) VALUES ((SELECT CURRVAL('Doctor_doctor_id_seq')), 'SAT' , '23:00' );
INSERT INTO Account(Login, Password, Permission_level, Date_of_creation, Last_time_online) VALUES ('uvalentine','@wC(3Sixi5' , 1 , '2015-05-27 00:43:55' , '2019-11-24 02:58:55');
INSERT INTO Staff(Passport_number, Account_id, Full_name, Position) VALUES (83121982 , (SELECT CURRVAL('account_account_id_seq') ),'Jason Gates' , 'Doctor' );
INSERT INTO Email(Passport_number, Email) VALUES(83121982 , 'williamskeith@hotmail.com' );
INSERT INTO Medical_staff(Passport_number) VALUES (83121982);
INSERT INTO Doctor(MS_id, Specialization) VALUES ((SELECT CURRVAL('medical_staff_ms_id_seq')), 'Emergency Medicine' );
INSERT INTO Schedule(Doctor_id, Day, Time) VALUES ((SELECT CURRVAL('Doctor_doctor_id_seq')), 'SUN' , '2:00' );
INSERT INTO Schedule(Doctor_id, Day, Time) VALUES ((SELECT CURRVAL('Doctor_doctor_id_seq')), 'SUN' , '8:00' );
INSERT INTO Schedule(Doctor_id, Day, Time) VALUES ((SELECT CURRVAL('Doctor_doctor_id_seq')), 'SUN' , '9:00' );
INSERT INTO Schedule(Doctor_id, Day, Time) VALUES ((SELECT CURRVAL('Doctor_doctor_id_seq')), 'SUN' , '12:00' );
INSERT INTO Schedule(Doctor_id, Day, Time) VALUES ((SELECT CURRVAL('Doctor_doctor_id_seq')), 'SUN' , '15:00' );
INSERT INTO Schedule(Doctor_id, Day, Time) VALUES ((SELECT CURRVAL('Doctor_doctor_id_seq')), 'SUN' , '17:00' );
INSERT INTO Schedule(Doctor_id, Day, Time) VALUES ((SELECT CURRVAL('Doctor_doctor_id_seq')), 'SUN' , '18:00' );
INSERT INTO Schedule(Doctor_id, Day, Time) VALUES ((SELECT CURRVAL('Doctor_doctor_id_seq')), 'SUN' , '22:00' );
INSERT INTO Schedule(Doctor_id, Day, Time) VALUES ((SELECT CURRVAL('Doctor_doctor_id_seq')), 'MON' , '1:00' );
INSERT INTO Schedule(Doctor_id, Day, Time) VALUES ((SELECT CURRVAL('Doctor_doctor_id_seq')), 'MON' , '10:00' );
INSERT INTO Schedule(Doctor_id, Day, Time) VALUES ((SELECT CURRVAL('Doctor_doctor_id_seq')), 'MON' , '11:00' );
INSERT INTO Schedule(Doctor_id, Day, Time) VALUES ((SELECT CURRVAL('Doctor_doctor_id_seq')), 'MON' , '16:00' );
INSERT INTO Schedule(Doctor_id, Day, Time) VALUES ((SELECT CURRVAL('Doctor_doctor_id_seq')), 'MON' , '17:00' );
INSERT INTO Schedule(Doctor_id, Day, Time) VALUES ((SELECT CURRVAL('Doctor_doctor_id_seq')), 'MON' , '23:00' );
INSERT INTO Schedule(Doctor_id, Day, Time) VALUES ((SELECT CURRVAL('Doctor_doctor_id_seq')), 'TUE' , '2:00' );
INSERT INTO Schedule(Doctor_id, Day, Time) VALUES ((SELECT CURRVAL('Doctor_doctor_id_seq')), 'TUE' , '5:00' );
INSERT INTO Schedule(Doctor_id, Day, Time) VALUES ((SELECT CURRVAL('Doctor_doctor_id_seq')), 'TUE' , '18:00' );
INSERT INTO Schedule(Doctor_id, Day, Time) VALUES ((SELECT CURRVAL('Doctor_doctor_id_seq')), 'WED' , '0:00' );
INSERT INTO Schedule(Doctor_id, Day, Time) VALUES ((SELECT CURRVAL('Doctor_doctor_id_seq')), 'WED' , '1:00' );
INSERT INTO Schedule(Doctor_id, Day, Time) VALUES ((SELECT CURRVAL('Doctor_doctor_id_seq')), 'WED' , '2:00' );
INSERT INTO Schedule(Doctor_id, Day, Time) VALUES ((SELECT CURRVAL('Doctor_doctor_id_seq')), 'WED' , '3:00' );
INSERT INTO Schedule(Doctor_id, Day, Time) VALUES ((SELECT CURRVAL('Doctor_doctor_id_seq')), 'WED' , '10:00' );
INSERT INTO Schedule(Doctor_id, Day, Time) VALUES ((SELECT CURRVAL('Doctor_doctor_id_seq')), 'WED' , '18:00' );
INSERT INTO Schedule(Doctor_id, Day, Time) VALUES ((SELECT CURRVAL('Doctor_doctor_id_seq')), 'WED' , '22:00' );
INSERT INTO Schedule(Doctor_id, Day, Time) VALUES ((SELECT CURRVAL('Doctor_doctor_id_seq')), 'WED' , '23:00' );
INSERT INTO Schedule(Doctor_id, Day, Time) VALUES ((SELECT CURRVAL('Doctor_doctor_id_seq')), 'THU' , '6:00' );
INSERT INTO Schedule(Doctor_id, Day, Time) VALUES ((SELECT CURRVAL('Doctor_doctor_id_seq')), 'THU' , '7:00' );
INSERT INTO Schedule(Doctor_id, Day, Time) VALUES ((SELECT CURRVAL('Doctor_doctor_id_seq')), 'THU' , '8:00' );
INSERT INTO Schedule(Doctor_id, Day, Time) VALUES ((SELECT CURRVAL('Doctor_doctor_id_seq')), 'THU' , '9:00' );
INSERT INTO Schedule(Doctor_id, Day, Time) VALUES ((SELECT CURRVAL('Doctor_doctor_id_seq')), 'THU' , '10:00' );
INSERT INTO Schedule(Doctor_id, Day, Time) VALUES ((SELECT CURRVAL('Doctor_doctor_id_seq')), 'THU' , '11:00' );
INSERT INTO Schedule(Doctor_id, Day, Time) VALUES ((SELECT CURRVAL('Doctor_doctor_id_seq')), 'THU' , '18:00' );
INSERT INTO Schedule(Doctor_id, Day, Time) VALUES ((SELECT CURRVAL('Doctor_doctor_id_seq')), 'THU' , '21:00' );
INSERT INTO Schedule(Doctor_id, Day, Time) VALUES ((SELECT CURRVAL('Doctor_doctor_id_seq')), 'THU' , '23:00' );
INSERT INTO Schedule(Doctor_id, Day, Time) VALUES ((SELECT CURRVAL('Doctor_doctor_id_seq')), 'FRI' , '0:00' );
INSERT INTO Schedule(Doctor_id, Day, Time) VALUES ((SELECT CURRVAL('Doctor_doctor_id_seq')), 'FRI' , '2:00' );
INSERT INTO Schedule(Doctor_id, Day, Time) VALUES ((SELECT CURRVAL('Doctor_doctor_id_seq')), 'FRI' , '12:00' );
INSERT INTO Schedule(Doctor_id, Day, Time) VALUES ((SELECT CURRVAL('Doctor_doctor_id_seq')), 'FRI' , '14:00' );
INSERT INTO Schedule(Doctor_id, Day, Time) VALUES ((SELECT CURRVAL('Doctor_doctor_id_seq')), 'FRI' , '16:00' );
INSERT INTO Schedule(Doctor_id, Day, Time) VALUES ((SELECT CURRVAL('Doctor_doctor_id_seq')), 'FRI' , '19:00' );
INSERT INTO Schedule(Doctor_id, Day, Time) VALUES ((SELECT CURRVAL('Doctor_doctor_id_seq')), 'FRI' , '21:00' );
INSERT INTO Schedule(Doctor_id, Day, Time) VALUES ((SELECT CURRVAL('Doctor_doctor_id_seq')), 'SAT' , '1:00' );
INSERT INTO Schedule(Doctor_id, Day, Time) VALUES ((SELECT CURRVAL('Doctor_doctor_id_seq')), 'SAT' , '6:00' );
INSERT INTO Schedule(Doctor_id, Day, Time) VALUES ((SELECT CURRVAL('Doctor_doctor_id_seq')), 'SAT' , '7:00' );
INSERT INTO Schedule(Doctor_id, Day, Time) VALUES ((SELECT CURRVAL('Doctor_doctor_id_seq')), 'SAT' , '8:00' );
INSERT INTO Schedule(Doctor_id, Day, Time) VALUES ((SELECT CURRVAL('Doctor_doctor_id_seq')), 'SAT' , '9:00' );
INSERT INTO Schedule(Doctor_id, Day, Time) VALUES ((SELECT CURRVAL('Doctor_doctor_id_seq')), 'SAT' , '18:00' );
INSERT INTO Schedule(Doctor_id, Day, Time) VALUES ((SELECT CURRVAL('Doctor_doctor_id_seq')), 'SAT' , '20:00' );
INSERT INTO Schedule(Doctor_id, Day, Time) VALUES ((SELECT CURRVAL('Doctor_doctor_id_seq')), 'SAT' , '22:00' );
INSERT INTO Account(Login, Password, Permission_level, Date_of_creation, Last_time_online) VALUES ('caroline29','^2H9JmFee@' , 2 , '2011-08-11 22:26:49' , '2019-11-21 15:48:25');
INSERT INTO Staff(Passport_number, Account_id, Full_name, Position) VALUES (18534511 , (SELECT CURRVAL('account_account_id_seq') ),'Christian Nelson' , 'Doctor' );
INSERT INTO Medical_staff(Passport_number) VALUES (18534511);
INSERT INTO Doctor(MS_id, Specialization) VALUES ((SELECT CURRVAL('medical_staff_ms_id_seq')), 'Allergy' );
INSERT INTO Schedule(Doctor_id, Day, Time) VALUES ((SELECT CURRVAL('Doctor_doctor_id_seq')), 'SUN' , '2:00' );
INSERT INTO Schedule(Doctor_id, Day, Time) VALUES ((SELECT CURRVAL('Doctor_doctor_id_seq')), 'SUN' , '4:00' );
INSERT INTO Schedule(Doctor_id, Day, Time) VALUES ((SELECT CURRVAL('Doctor_doctor_id_seq')), 'SUN' , '9:00' );
INSERT INTO Schedule(Doctor_id, Day, Time) VALUES ((SELECT CURRVAL('Doctor_doctor_id_seq')), 'SUN' , '14:00' );
INSERT INTO Schedule(Doctor_id, Day, Time) VALUES ((SELECT CURRVAL('Doctor_doctor_id_seq')), 'SUN' , '15:00' );
INSERT INTO Schedule(Doctor_id, Day, Time) VALUES ((SELECT CURRVAL('Doctor_doctor_id_seq')), 'SUN' , '20:00' );
INSERT INTO Schedule(Doctor_id, Day, Time) VALUES ((SELECT CURRVAL('Doctor_doctor_id_seq')), 'SUN' , '22:00' );
INSERT INTO Schedule(Doctor_id, Day, Time) VALUES ((SELECT CURRVAL('Doctor_doctor_id_seq')), 'MON' , '0:00' );
INSERT INTO Schedule(Doctor_id, Day, Time) VALUES ((SELECT CURRVAL('Doctor_doctor_id_seq')), 'MON' , '4:00' );
INSERT INTO Schedule(Doctor_id, Day, Time) VALUES ((SELECT CURRVAL('Doctor_doctor_id_seq')), 'MON' , '14:00' );
INSERT INTO Schedule(Doctor_id, Day, Time) VALUES ((SELECT CURRVAL('Doctor_doctor_id_seq')), 'MON' , '15:00' );
INSERT INTO Schedule(Doctor_id, Day, Time) VALUES ((SELECT CURRVAL('Doctor_doctor_id_seq')), 'MON' , '16:00' );
INSERT INTO Schedule(Doctor_id, Day, Time) VALUES ((SELECT CURRVAL('Doctor_doctor_id_seq')), 'MON' , '20:00' );
INSERT INTO Schedule(Doctor_id, Day, Time) VALUES ((SELECT CURRVAL('Doctor_doctor_id_seq')), 'MON' , '21:00' );
INSERT INTO Schedule(Doctor_id, Day, Time) VALUES ((SELECT CURRVAL('Doctor_doctor_id_seq')), 'TUE' , '4:00' );
INSERT INTO Schedule(Doctor_id, Day, Time) VALUES ((SELECT CURRVAL('Doctor_doctor_id_seq')), 'TUE' , '6:00' );
INSERT INTO Schedule(Doctor_id, Day, Time) VALUES ((SELECT CURRVAL('Doctor_doctor_id_seq')), 'TUE' , '23:00' );
INSERT INTO Schedule(Doctor_id, Day, Time) VALUES ((SELECT CURRVAL('Doctor_doctor_id_seq')), 'WED' , '5:00' );
INSERT INTO Schedule(Doctor_id, Day, Time) VALUES ((SELECT CURRVAL('Doctor_doctor_id_seq')), 'WED' , '6:00' );
INSERT INTO Schedule(Doctor_id, Day, Time) VALUES ((SELECT CURRVAL('Doctor_doctor_id_seq')), 'WED' , '8:00' );
INSERT INTO Schedule(Doctor_id, Day, Time) VALUES ((SELECT CURRVAL('Doctor_doctor_id_seq')), 'WED' , '10:00' );
INSERT INTO Schedule(Doctor_id, Day, Time) VALUES ((SELECT CURRVAL('Doctor_doctor_id_seq')), 'WED' , '11:00' );
INSERT INTO Schedule(Doctor_id, Day, Time) VALUES ((SELECT CURRVAL('Doctor_doctor_id_seq')), 'WED' , '13:00' );
INSERT INTO Schedule(Doctor_id, Day, Time) VALUES ((SELECT CURRVAL('Doctor_doctor_id_seq')), 'THU' , '3:00' );
INSERT INTO Schedule(Doctor_id, Day, Time) VALUES ((SELECT CURRVAL('Doctor_doctor_id_seq')), 'THU' , '4:00' );
INSERT INTO Schedule(Doctor_id, Day, Time) VALUES ((SELECT CURRVAL('Doctor_doctor_id_seq')), 'THU' , '5:00' );
INSERT INTO Schedule(Doctor_id, Day, Time) VALUES ((SELECT CURRVAL('Doctor_doctor_id_seq')), 'THU' , '6:00' );
INSERT INTO Schedule(Doctor_id, Day, Time) VALUES ((SELECT CURRVAL('Doctor_doctor_id_seq')), 'THU' , '12:00' );
INSERT INTO Schedule(Doctor_id, Day, Time) VALUES ((SELECT CURRVAL('Doctor_doctor_id_seq')), 'THU' , '14:00' );
INSERT INTO Schedule(Doctor_id, Day, Time) VALUES ((SELECT CURRVAL('Doctor_doctor_id_seq')), 'THU' , '17:00' );
INSERT INTO Schedule(Doctor_id, Day, Time) VALUES ((SELECT CURRVAL('Doctor_doctor_id_seq')), 'THU' , '20:00' );
INSERT INTO Schedule(Doctor_id, Day, Time) VALUES ((SELECT CURRVAL('Doctor_doctor_id_seq')), 'THU' , '22:00' );
INSERT INTO Schedule(Doctor_id, Day, Time) VALUES ((SELECT CURRVAL('Doctor_doctor_id_seq')), 'FRI' , '6:00' );
INSERT INTO Schedule(Doctor_id, Day, Time) VALUES ((SELECT CURRVAL('Doctor_doctor_id_seq')), 'FRI' , '7:00' );
INSERT INTO Schedule(Doctor_id, Day, Time) VALUES ((SELECT CURRVAL('Doctor_doctor_id_seq')), 'FRI' , '8:00' );
INSERT INTO Schedule(Doctor_id, Day, Time) VALUES ((SELECT CURRVAL('Doctor_doctor_id_seq')), 'FRI' , '13:00' );
INSERT INTO Schedule(Doctor_id, Day, Time) VALUES ((SELECT CURRVAL('Doctor_doctor_id_seq')), 'FRI' , '17:00' );
INSERT INTO Schedule(Doctor_id, Day, Time) VALUES ((SELECT CURRVAL('Doctor_doctor_id_seq')), 'FRI' , '19:00' );
INSERT INTO Schedule(Doctor_id, Day, Time) VALUES ((SELECT CURRVAL('Doctor_doctor_id_seq')), 'FRI' , '21:00' );
INSERT INTO Schedule(Doctor_id, Day, Time) VALUES ((SELECT CURRVAL('Doctor_doctor_id_seq')), 'SAT' , '0:00' );
INSERT INTO Schedule(Doctor_id, Day, Time) VALUES ((SELECT CURRVAL('Doctor_doctor_id_seq')), 'SAT' , '2:00' );
INSERT INTO Schedule(Doctor_id, Day, Time) VALUES ((SELECT CURRVAL('Doctor_doctor_id_seq')), 'SAT' , '8:00' );
INSERT INTO Schedule(Doctor_id, Day, Time) VALUES ((SELECT CURRVAL('Doctor_doctor_id_seq')), 'SAT' , '11:00' );
INSERT INTO Schedule(Doctor_id, Day, Time) VALUES ((SELECT CURRVAL('Doctor_doctor_id_seq')), 'SAT' , '21:00' );
INSERT INTO Account(Login, Password, Permission_level, Date_of_creation, Last_time_online) VALUES ('jasminhatfield','DgvX_4&c!6' , 1 , '2010-11-22 09:04:12' , '2019-11-20 01:13:28');
INSERT INTO Staff(Passport_number, Account_id, Full_name, Position) VALUES (77633217 , (SELECT CURRVAL('account_account_id_seq') ),'Christopher Simmons' , 'Doctor' );
INSERT INTO Email(Passport_number, Email) VALUES(77633217 , 'williamjackson@gmail.com' );
INSERT INTO Email(Passport_number, Email) VALUES(77633217 , 'snyderjohn@yahoo.com' );
INSERT INTO Email(Passport_number, Email) VALUES(77633217 , 'wjohnson@anthony.biz' );
INSERT INTO Medical_staff(Passport_number) VALUES (77633217);
INSERT INTO Doctor(MS_id, Specialization) VALUES ((SELECT CURRVAL('medical_staff_ms_id_seq')), 'Gynecologic Oncology' );
INSERT INTO Schedule(Doctor_id, Day, Time) VALUES ((SELECT CURRVAL('Doctor_doctor_id_seq')), 'SUN' , '0:00' );
INSERT INTO Schedule(Doctor_id, Day, Time) VALUES ((SELECT CURRVAL('Doctor_doctor_id_seq')), 'SUN' , '3:00' );
INSERT INTO Schedule(Doctor_id, Day, Time) VALUES ((SELECT CURRVAL('Doctor_doctor_id_seq')), 'SUN' , '13:00' );
INSERT INTO Schedule(Doctor_id, Day, Time) VALUES ((SELECT CURRVAL('Doctor_doctor_id_seq')), 'SUN' , '14:00' );
INSERT INTO Schedule(Doctor_id, Day, Time) VALUES ((SELECT CURRVAL('Doctor_doctor_id_seq')), 'SUN' , '21:00' );
INSERT INTO Schedule(Doctor_id, Day, Time) VALUES ((SELECT CURRVAL('Doctor_doctor_id_seq')), 'SUN' , '23:00' );
INSERT INTO Schedule(Doctor_id, Day, Time) VALUES ((SELECT CURRVAL('Doctor_doctor_id_seq')), 'MON' , '0:00' );
INSERT INTO Schedule(Doctor_id, Day, Time) VALUES ((SELECT CURRVAL('Doctor_doctor_id_seq')), 'MON' , '4:00' );
INSERT INTO Schedule(Doctor_id, Day, Time) VALUES ((SELECT CURRVAL('Doctor_doctor_id_seq')), 'MON' , '6:00' );
INSERT INTO Schedule(Doctor_id, Day, Time) VALUES ((SELECT CURRVAL('Doctor_doctor_id_seq')), 'MON' , '7:00' );
INSERT INTO Schedule(Doctor_id, Day, Time) VALUES ((SELECT CURRVAL('Doctor_doctor_id_seq')), 'MON' , '11:00' );
INSERT INTO Schedule(Doctor_id, Day, Time) VALUES ((SELECT CURRVAL('Doctor_doctor_id_seq')), 'TUE' , '4:00' );
INSERT INTO Schedule(Doctor_id, Day, Time) VALUES ((SELECT CURRVAL('Doctor_doctor_id_seq')), 'TUE' , '14:00' );
INSERT INTO Schedule(Doctor_id, Day, Time) VALUES ((SELECT CURRVAL('Doctor_doctor_id_seq')), 'TUE' , '17:00' );
INSERT INTO Schedule(Doctor_id, Day, Time) VALUES ((SELECT CURRVAL('Doctor_doctor_id_seq')), 'TUE' , '18:00' );
INSERT INTO Schedule(Doctor_id, Day, Time) VALUES ((SELECT CURRVAL('Doctor_doctor_id_seq')), 'WED' , '9:00' );
INSERT INTO Schedule(Doctor_id, Day, Time) VALUES ((SELECT CURRVAL('Doctor_doctor_id_seq')), 'WED' , '12:00' );
INSERT INTO Schedule(Doctor_id, Day, Time) VALUES ((SELECT CURRVAL('Doctor_doctor_id_seq')), 'WED' , '19:00' );
INSERT INTO Schedule(Doctor_id, Day, Time) VALUES ((SELECT CURRVAL('Doctor_doctor_id_seq')), 'WED' , '21:00' );
INSERT INTO Schedule(Doctor_id, Day, Time) VALUES ((SELECT CURRVAL('Doctor_doctor_id_seq')), 'THU' , '1:00' );
INSERT INTO Schedule(Doctor_id, Day, Time) VALUES ((SELECT CURRVAL('Doctor_doctor_id_seq')), 'THU' , '5:00' );
INSERT INTO Schedule(Doctor_id, Day, Time) VALUES ((SELECT CURRVAL('Doctor_doctor_id_seq')), 'THU' , '11:00' );
INSERT INTO Schedule(Doctor_id, Day, Time) VALUES ((SELECT CURRVAL('Doctor_doctor_id_seq')), 'THU' , '21:00' );
INSERT INTO Schedule(Doctor_id, Day, Time) VALUES ((SELECT CURRVAL('Doctor_doctor_id_seq')), 'FRI' , '0:00' );
INSERT INTO Schedule(Doctor_id, Day, Time) VALUES ((SELECT CURRVAL('Doctor_doctor_id_seq')), 'FRI' , '6:00' );
INSERT INTO Schedule(Doctor_id, Day, Time) VALUES ((SELECT CURRVAL('Doctor_doctor_id_seq')), 'FRI' , '7:00' );
INSERT INTO Schedule(Doctor_id, Day, Time) VALUES ((SELECT CURRVAL('Doctor_doctor_id_seq')), 'FRI' , '19:00' );
INSERT INTO Schedule(Doctor_id, Day, Time) VALUES ((SELECT CURRVAL('Doctor_doctor_id_seq')), 'SAT' , '5:00' );
INSERT INTO Schedule(Doctor_id, Day, Time) VALUES ((SELECT CURRVAL('Doctor_doctor_id_seq')), 'SAT' , '6:00' );
INSERT INTO Schedule(Doctor_id, Day, Time) VALUES ((SELECT CURRVAL('Doctor_doctor_id_seq')), 'SAT' , '13:00' );
INSERT INTO Schedule(Doctor_id, Day, Time) VALUES ((SELECT CURRVAL('Doctor_doctor_id_seq')), 'SAT' , '18:00' );
INSERT INTO Schedule(Doctor_id, Day, Time) VALUES ((SELECT CURRVAL('Doctor_doctor_id_seq')), 'SAT' , '21:00' );
INSERT INTO Account(Login, Password, Permission_level, Date_of_creation, Last_time_online) VALUES ('kathryn64','wpf(4SvjT^' , 3 , '2014-02-24 09:50:40' , '2019-11-23 12:47:40');
INSERT INTO Staff(Passport_number, Account_id, Full_name, Position) VALUES (96545652 , (SELECT CURRVAL('account_account_id_seq') ),'Sally Holland' , 'Nurse' );
INSERT INTO Medical_staff(Passport_number) VALUES (96545652);
INSERT INTO Account(Login, Password, Permission_level, Date_of_creation, Last_time_online) VALUES ('johnsingh','8@6BJDyfxb' , 3 , '2018-03-24 05:15:47' , '2019-11-22 01:54:23');
INSERT INTO Staff(Passport_number, Account_id, Full_name, Position) VALUES (53263223 , (SELECT CURRVAL('account_account_id_seq') ),'Kristen Mccullough' , 'Nurse' );
INSERT INTO Email(Passport_number, Email) VALUES(53263223 , 'hillbenjamin@york.net' );
INSERT INTO Email(Passport_number, Email) VALUES(53263223 , 'wparker@gmail.com' );
INSERT INTO Medical_staff(Passport_number) VALUES (53263223);
INSERT INTO Message(Passport_number, Time_sent, Text) VALUES (53263223 , '2016-04-02 13:09:41' , 'Out hospital within affect ago early protect.');
INSERT INTO Receiver(Message_id, Receiver_id) VALUES ( (SELECT CURRVAL('Message_message_id_seq')) , 18534511);
INSERT INTO Message(Passport_number, Time_sent, Text) VALUES (53263223 , '2012-11-14 14:00:09' , 'Message such word value young rich.');
INSERT INTO Receiver(Message_id, Receiver_id) VALUES ( (SELECT CURRVAL('Message_message_id_seq')) , 18534511);
INSERT INTO Message(Passport_number, Time_sent, Text) VALUES (53263223 , '2014-04-02 14:10:06' , 'Like impact item wait data social herself trip.');
INSERT INTO Receiver(Message_id, Receiver_id) VALUES ( (SELECT CURRVAL('Message_message_id_seq')) , 83121982);
INSERT INTO Account(Login, Password, Permission_level, Date_of_creation, Last_time_online) VALUES ('susanbrooks','(h7SA&!^d!' , 2 , '2019-10-05 16:43:30' , '2019-11-24 23:45:18');
INSERT INTO Staff(Passport_number, Account_id, Full_name, Position) VALUES (63072693 , (SELECT CURRVAL('account_account_id_seq') ),'Martin Foster' , 'Doctor' );
INSERT INTO Email(Passport_number, Email) VALUES(63072693 , 'karenmartinez@yahoo.com' );
INSERT INTO Email(Passport_number, Email) VALUES(63072693 , 'theodoreknox@bryant-vance.biz' );
INSERT INTO Email(Passport_number, Email) VALUES(63072693 , 'emcfarland@brown.com' );
INSERT INTO Medical_staff(Passport_number) VALUES (63072693);
INSERT INTO Doctor(MS_id, Specialization) VALUES ((SELECT CURRVAL('medical_staff_ms_id_seq')), 'Ophthalmology' );
INSERT INTO Schedule(Doctor_id, Day, Time) VALUES ((SELECT CURRVAL('Doctor_doctor_id_seq')), 'SUN' , '2:00' );
INSERT INTO Schedule(Doctor_id, Day, Time) VALUES ((SELECT CURRVAL('Doctor_doctor_id_seq')), 'SUN' , '6:00' );
INSERT INTO Schedule(Doctor_id, Day, Time) VALUES ((SELECT CURRVAL('Doctor_doctor_id_seq')), 'SUN' , '17:00' );
INSERT INTO Schedule(Doctor_id, Day, Time) VALUES ((SELECT CURRVAL('Doctor_doctor_id_seq')), 'SUN' , '23:00' );
INSERT INTO Schedule(Doctor_id, Day, Time) VALUES ((SELECT CURRVAL('Doctor_doctor_id_seq')), 'MON' , '0:00' );
INSERT INTO Schedule(Doctor_id, Day, Time) VALUES ((SELECT CURRVAL('Doctor_doctor_id_seq')), 'MON' , '13:00' );
INSERT INTO Schedule(Doctor_id, Day, Time) VALUES ((SELECT CURRVAL('Doctor_doctor_id_seq')), 'MON' , '19:00' );
INSERT INTO Schedule(Doctor_id, Day, Time) VALUES ((SELECT CURRVAL('Doctor_doctor_id_seq')), 'MON' , '21:00' );
INSERT INTO Schedule(Doctor_id, Day, Time) VALUES ((SELECT CURRVAL('Doctor_doctor_id_seq')), 'TUE' , '18:00' );
INSERT INTO Schedule(Doctor_id, Day, Time) VALUES ((SELECT CURRVAL('Doctor_doctor_id_seq')), 'TUE' , '19:00' );
INSERT INTO Schedule(Doctor_id, Day, Time) VALUES ((SELECT CURRVAL('Doctor_doctor_id_seq')), 'TUE' , '20:00' );
INSERT INTO Schedule(Doctor_id, Day, Time) VALUES ((SELECT CURRVAL('Doctor_doctor_id_seq')), 'WED' , '0:00' );
INSERT INTO Schedule(Doctor_id, Day, Time) VALUES ((SELECT CURRVAL('Doctor_doctor_id_seq')), 'WED' , '6:00' );
INSERT INTO Schedule(Doctor_id, Day, Time) VALUES ((SELECT CURRVAL('Doctor_doctor_id_seq')), 'WED' , '7:00' );
INSERT INTO Schedule(Doctor_id, Day, Time) VALUES ((SELECT CURRVAL('Doctor_doctor_id_seq')), 'WED' , '10:00' );
INSERT INTO Schedule(Doctor_id, Day, Time) VALUES ((SELECT CURRVAL('Doctor_doctor_id_seq')), 'WED' , '12:00' );
INSERT INTO Schedule(Doctor_id, Day, Time) VALUES ((SELECT CURRVAL('Doctor_doctor_id_seq')), 'WED' , '17:00' );
INSERT INTO Schedule(Doctor_id, Day, Time) VALUES ((SELECT CURRVAL('Doctor_doctor_id_seq')), 'THU' , '3:00' );
INSERT INTO Schedule(Doctor_id, Day, Time) VALUES ((SELECT CURRVAL('Doctor_doctor_id_seq')), 'THU' , '6:00' );
INSERT INTO Schedule(Doctor_id, Day, Time) VALUES ((SELECT CURRVAL('Doctor_doctor_id_seq')), 'FRI' , '3:00' );
INSERT INTO Schedule(Doctor_id, Day, Time) VALUES ((SELECT CURRVAL('Doctor_doctor_id_seq')), 'FRI' , '13:00' );
INSERT INTO Schedule(Doctor_id, Day, Time) VALUES ((SELECT CURRVAL('Doctor_doctor_id_seq')), 'FRI' , '17:00' );
INSERT INTO Schedule(Doctor_id, Day, Time) VALUES ((SELECT CURRVAL('Doctor_doctor_id_seq')), 'SAT' , '2:00' );
INSERT INTO Schedule(Doctor_id, Day, Time) VALUES ((SELECT CURRVAL('Doctor_doctor_id_seq')), 'SAT' , '4:00' );
INSERT INTO Schedule(Doctor_id, Day, Time) VALUES ((SELECT CURRVAL('Doctor_doctor_id_seq')), 'SAT' , '8:00' );
INSERT INTO Schedule(Doctor_id, Day, Time) VALUES ((SELECT CURRVAL('Doctor_doctor_id_seq')), 'SAT' , '9:00' );
INSERT INTO Schedule(Doctor_id, Day, Time) VALUES ((SELECT CURRVAL('Doctor_doctor_id_seq')), 'SAT' , '12:00' );
INSERT INTO Schedule(Doctor_id, Day, Time) VALUES ((SELECT CURRVAL('Doctor_doctor_id_seq')), 'SAT' , '13:00' );
INSERT INTO Schedule(Doctor_id, Day, Time) VALUES ((SELECT CURRVAL('Doctor_doctor_id_seq')), 'SAT' , '15:00' );
INSERT INTO Schedule(Doctor_id, Day, Time) VALUES ((SELECT CURRVAL('Doctor_doctor_id_seq')), 'SAT' , '17:00' );
INSERT INTO Schedule(Doctor_id, Day, Time) VALUES ((SELECT CURRVAL('Doctor_doctor_id_seq')), 'SAT' , '19:00' );
INSERT INTO Schedule(Doctor_id, Day, Time) VALUES ((SELECT CURRVAL('Doctor_doctor_id_seq')), 'SAT' , '20:00' );
INSERT INTO Message(Passport_number, Time_sent, Text) VALUES (63072693 , '2017-06-03 12:04:58' , 'Pick sort include significant author our five size.');
INSERT INTO Receiver(Message_id, Receiver_id) VALUES ( (SELECT CURRVAL('Message_message_id_seq')) , 63072693);
INSERT INTO Message(Passport_number, Time_sent, Text) VALUES (63072693 , '2014-03-18 22:33:11' , 'Much relationship make Republican nature.');
INSERT INTO Receiver(Message_id, Receiver_id) VALUES ( (SELECT CURRVAL('Message_message_id_seq')) , 18534511);
INSERT INTO Message(Passport_number, Time_sent, Text) VALUES (63072693 , '2018-01-20 09:44:49' , 'He front news amount month political study sort.');
INSERT INTO Receiver(Message_id, Receiver_id) VALUES ( (SELECT CURRVAL('Message_message_id_seq')) , 83121982);
INSERT INTO Message(Passport_number, Time_sent, Text) VALUES (63072693 , '2011-01-08 02:09:49' , 'Own significant college thus measure challenge.');
INSERT INTO Receiver(Message_id, Receiver_id) VALUES ( (SELECT CURRVAL('Message_message_id_seq')) , 18534511);
INSERT INTO Message(Passport_number, Time_sent, Text) VALUES (63072693 , '2010-08-02 18:36:42' , 'Stay thank friend reduce ready late edge.');
INSERT INTO Receiver(Message_id, Receiver_id) VALUES ( (SELECT CURRVAL('Message_message_id_seq')) , 83121982);
INSERT INTO Account(Login, Password, Permission_level, Date_of_creation, Last_time_online) VALUES ('qwhite',')26kYKhRHR' , 3 , '2010-03-16 16:27:54' , '2019-11-21 12:01:30');
INSERT INTO Staff(Passport_number, Account_id, Full_name, Position) VALUES (36539956 , (SELECT CURRVAL('account_account_id_seq') ),'Stephanie Peters' , 'Nurse' );
INSERT INTO Email(Passport_number, Email) VALUES(36539956 , 'valerie84@lee.com' );
INSERT INTO Medical_staff(Passport_number) VALUES (36539956);
INSERT INTO Message(Passport_number, Time_sent, Text) VALUES (36539956 , '2016-02-04 07:38:59' , 'To its show fast loss owner my.');
INSERT INTO Receiver(Message_id, Receiver_id) VALUES ( (SELECT CURRVAL('Message_message_id_seq')) , 77633217);
INSERT INTO Message(Passport_number, Time_sent, Text) VALUES (36539956 , '2018-05-16 09:34:55' , 'Opportunity these teacher collection fight student today.');
INSERT INTO Receiver(Message_id, Receiver_id) VALUES ( (SELECT CURRVAL('Message_message_id_seq')) , 77633217);
INSERT INTO Message(Passport_number, Time_sent, Text) VALUES (36539956 , '2015-09-05 23:35:43' , 'Positive claim world hit.');
INSERT INTO Receiver(Message_id, Receiver_id) VALUES ( (SELECT CURRVAL('Message_message_id_seq')) , 36539956);
INSERT INTO Message(Passport_number, Time_sent, Text) VALUES (36539956 , '2019-02-01 00:20:50' , 'Edge minute wind.');
INSERT INTO Receiver(Message_id, Receiver_id) VALUES ( (SELECT CURRVAL('Message_message_id_seq')) , 63072693);
INSERT INTO Message(Passport_number, Time_sent, Text) VALUES (36539956 , '2013-08-24 12:54:15' , 'Pm usually for upon as feeling.');
INSERT INTO Receiver(Message_id, Receiver_id) VALUES ( (SELECT CURRVAL('Message_message_id_seq')) , 36539956);
INSERT INTO Account(Login, Password, Permission_level, Date_of_creation, Last_time_online) VALUES ('carol97','+wDp@rXDC8' , 3 , '2015-06-29 19:41:42' , '2019-11-21 12:12:08');
INSERT INTO Staff(Passport_number, Account_id, Full_name, Position) VALUES (70309690 , (SELECT CURRVAL('account_account_id_seq') ),'Paige Carter' , 'Nurse' );
INSERT INTO Email(Passport_number, Email) VALUES(70309690 , 'cheyenne26@williams.com' );
INSERT INTO Email(Passport_number, Email) VALUES(70309690 , 'lwright@evans.com' );
INSERT INTO Medical_staff(Passport_number) VALUES (70309690);
INSERT INTO Message(Passport_number, Time_sent, Text) VALUES (70309690 , '2010-09-20 17:02:20' , 'Important tree born hotel.');
INSERT INTO Receiver(Message_id, Receiver_id) VALUES ( (SELECT CURRVAL('Message_message_id_seq')) , 36539956);
INSERT INTO Message(Passport_number, Time_sent, Text) VALUES (70309690 , '2011-07-26 17:36:27' , 'Society various animal.');
INSERT INTO Receiver(Message_id, Receiver_id) VALUES ( (SELECT CURRVAL('Message_message_id_seq')) , 13307172);
INSERT INTO Account(Login, Password, Permission_level, Date_of_creation, Last_time_online) VALUES ('gabriel36','n(5@$tp%aZ' , 1 , '2018-05-23 23:13:23' , '2019-11-22 19:50:50');
INSERT INTO Staff(Passport_number, Account_id, Full_name, Position) VALUES (37649807 , (SELECT CURRVAL('account_account_id_seq') ),'Christy Johnson' , 'Doctor' );
INSERT INTO Email(Passport_number, Email) VALUES(37649807 , 'smithsara@gmail.com' );
INSERT INTO Medical_staff(Passport_number) VALUES (37649807);
INSERT INTO Doctor(MS_id, Specialization) VALUES ((SELECT CURRVAL('medical_staff_ms_id_seq')), 'Ophthalmology' );
INSERT INTO Schedule(Doctor_id, Day, Time) VALUES ((SELECT CURRVAL('Doctor_doctor_id_seq')), 'SUN' , '1:00' );
INSERT INTO Schedule(Doctor_id, Day, Time) VALUES ((SELECT CURRVAL('Doctor_doctor_id_seq')), 'SUN' , '2:00' );
INSERT INTO Schedule(Doctor_id, Day, Time) VALUES ((SELECT CURRVAL('Doctor_doctor_id_seq')), 'SUN' , '6:00' );
INSERT INTO Schedule(Doctor_id, Day, Time) VALUES ((SELECT CURRVAL('Doctor_doctor_id_seq')), 'SUN' , '7:00' );
INSERT INTO Schedule(Doctor_id, Day, Time) VALUES ((SELECT CURRVAL('Doctor_doctor_id_seq')), 'SUN' , '12:00' );
INSERT INTO Schedule(Doctor_id, Day, Time) VALUES ((SELECT CURRVAL('Doctor_doctor_id_seq')), 'MON' , '5:00' );
INSERT INTO Schedule(Doctor_id, Day, Time) VALUES ((SELECT CURRVAL('Doctor_doctor_id_seq')), 'MON' , '6:00' );
INSERT INTO Schedule(Doctor_id, Day, Time) VALUES ((SELECT CURRVAL('Doctor_doctor_id_seq')), 'MON' , '7:00' );
INSERT INTO Schedule(Doctor_id, Day, Time) VALUES ((SELECT CURRVAL('Doctor_doctor_id_seq')), 'MON' , '14:00' );
INSERT INTO Schedule(Doctor_id, Day, Time) VALUES ((SELECT CURRVAL('Doctor_doctor_id_seq')), 'TUE' , '0:00' );
INSERT INTO Schedule(Doctor_id, Day, Time) VALUES ((SELECT CURRVAL('Doctor_doctor_id_seq')), 'TUE' , '17:00' );
INSERT INTO Schedule(Doctor_id, Day, Time) VALUES ((SELECT CURRVAL('Doctor_doctor_id_seq')), 'TUE' , '19:00' );
INSERT INTO Schedule(Doctor_id, Day, Time) VALUES ((SELECT CURRVAL('Doctor_doctor_id_seq')), 'TUE' , '21:00' );
INSERT INTO Schedule(Doctor_id, Day, Time) VALUES ((SELECT CURRVAL('Doctor_doctor_id_seq')), 'TUE' , '23:00' );
INSERT INTO Schedule(Doctor_id, Day, Time) VALUES ((SELECT CURRVAL('Doctor_doctor_id_seq')), 'WED' , '3:00' );
INSERT INTO Schedule(Doctor_id, Day, Time) VALUES ((SELECT CURRVAL('Doctor_doctor_id_seq')), 'WED' , '7:00' );
INSERT INTO Schedule(Doctor_id, Day, Time) VALUES ((SELECT CURRVAL('Doctor_doctor_id_seq')), 'WED' , '18:00' );
INSERT INTO Schedule(Doctor_id, Day, Time) VALUES ((SELECT CURRVAL('Doctor_doctor_id_seq')), 'THU' , '0:00' );
INSERT INTO Schedule(Doctor_id, Day, Time) VALUES ((SELECT CURRVAL('Doctor_doctor_id_seq')), 'THU' , '5:00' );
INSERT INTO Schedule(Doctor_id, Day, Time) VALUES ((SELECT CURRVAL('Doctor_doctor_id_seq')), 'THU' , '6:00' );
INSERT INTO Schedule(Doctor_id, Day, Time) VALUES ((SELECT CURRVAL('Doctor_doctor_id_seq')), 'THU' , '17:00' );
INSERT INTO Schedule(Doctor_id, Day, Time) VALUES ((SELECT CURRVAL('Doctor_doctor_id_seq')), 'FRI' , '8:00' );
INSERT INTO Schedule(Doctor_id, Day, Time) VALUES ((SELECT CURRVAL('Doctor_doctor_id_seq')), 'FRI' , '11:00' );
INSERT INTO Schedule(Doctor_id, Day, Time) VALUES ((SELECT CURRVAL('Doctor_doctor_id_seq')), 'FRI' , '16:00' );
INSERT INTO Schedule(Doctor_id, Day, Time) VALUES ((SELECT CURRVAL('Doctor_doctor_id_seq')), 'SAT' , '0:00' );
INSERT INTO Schedule(Doctor_id, Day, Time) VALUES ((SELECT CURRVAL('Doctor_doctor_id_seq')), 'SAT' , '15:00' );
INSERT INTO Schedule(Doctor_id, Day, Time) VALUES ((SELECT CURRVAL('Doctor_doctor_id_seq')), 'SAT' , '16:00' );
INSERT INTO Schedule(Doctor_id, Day, Time) VALUES ((SELECT CURRVAL('Doctor_doctor_id_seq')), 'SAT' , '17:00' );
INSERT INTO Message(Passport_number, Time_sent, Text) VALUES (37649807 , '2010-07-27 17:53:06' , 'Accept environmental property find off establish official various.');
INSERT INTO Receiver(Message_id, Receiver_id) VALUES ( (SELECT CURRVAL('Message_message_id_seq')) , 37649807);
INSERT INTO Account(Login, Password, Permission_level, Date_of_creation, Last_time_online) VALUES ('emilywood','*qRNT1NdS(' , 3 , '2015-06-18 00:44:35' , '2019-11-23 15:26:49');
INSERT INTO Staff(Passport_number, Account_id, Full_name, Position) VALUES (37311063 , (SELECT CURRVAL('account_account_id_seq') ),'Heather Dixon' , 'Nurse' );
INSERT INTO Email(Passport_number, Email) VALUES(37311063 , 'angellee@gmail.com' );
INSERT INTO Email(Passport_number, Email) VALUES(37311063 , 'joshua36@gmail.com' );
INSERT INTO Email(Passport_number, Email) VALUES(37311063 , 'charleshenson@gmail.com' );
INSERT INTO Medical_staff(Passport_number) VALUES (37311063);
INSERT INTO Message(Passport_number, Time_sent, Text) VALUES (37311063 , '2015-02-23 02:23:18' , 'Imagine always whose college reach produce environment.');
INSERT INTO Receiver(Message_id, Receiver_id) VALUES ( (SELECT CURRVAL('Message_message_id_seq')) , 96545652);
INSERT INTO Message(Passport_number, Time_sent, Text) VALUES (37311063 , '2013-06-17 22:34:53' , 'However physical try them you street.');
INSERT INTO Receiver(Message_id, Receiver_id) VALUES ( (SELECT CURRVAL('Message_message_id_seq')) , 77633217);
INSERT INTO Account(Login, Password, Permission_level, Date_of_creation, Last_time_online) VALUES ('tammycalderon','$9KaLmt7*z' , 3 , '2010-10-26 03:26:08' , '2019-11-20 22:18:41');
INSERT INTO Staff(Passport_number, Account_id, Full_name, Position) VALUES (33499680 , (SELECT CURRVAL('account_account_id_seq') ),'David Chapman' , 'Nurse' );
INSERT INTO Email(Passport_number, Email) VALUES(33499680 , 'scottcrystal@gmail.com' );
INSERT INTO Email(Passport_number, Email) VALUES(33499680 , 'thomas34@gmail.com' );
INSERT INTO Email(Passport_number, Email) VALUES(33499680 , 'tracy94@yahoo.com' );
INSERT INTO Medical_staff(Passport_number) VALUES (33499680);
INSERT INTO Message(Passport_number, Time_sent, Text) VALUES (33499680 , '2019-03-30 05:10:30' , 'Those medical development walk upon development career.');
INSERT INTO Receiver(Message_id, Receiver_id) VALUES ( (SELECT CURRVAL('Message_message_id_seq')) , 96545652);
INSERT INTO Message(Passport_number, Time_sent, Text) VALUES (33499680 , '2019-07-02 15:37:42' , 'History save level street.');
INSERT INTO Receiver(Message_id, Receiver_id) VALUES ( (SELECT CURRVAL('Message_message_id_seq')) , 37311063);
INSERT INTO Message(Passport_number, Time_sent, Text) VALUES (33499680 , '2011-07-26 06:43:40' , 'Leader visit chance property money simple.');
INSERT INTO Receiver(Message_id, Receiver_id) VALUES ( (SELECT CURRVAL('Message_message_id_seq')) , 70309690);
INSERT INTO Message(Passport_number, Time_sent, Text) VALUES (33499680 , '2013-11-25 16:51:57' , 'Attack get spend mind section during from.');
INSERT INTO Receiver(Message_id, Receiver_id) VALUES ( (SELECT CURRVAL('Message_message_id_seq')) , 96545652);
INSERT INTO Message(Passport_number, Time_sent, Text) VALUES (33499680 , '2010-07-08 02:51:02' , 'Pretty design something exist focus.');
INSERT INTO Receiver(Message_id, Receiver_id) VALUES ( (SELECT CURRVAL('Message_message_id_seq')) , 33499680);
INSERT INTO Account(Login, Password, Permission_level, Date_of_creation, Last_time_online) VALUES ('wdavidson','v9YIc!4R!2' , 3 , '2011-10-29 02:46:36' , '2019-11-23 12:13:50');
INSERT INTO Staff(Passport_number, Account_id, Full_name, Position) VALUES (74728589 , (SELECT CURRVAL('account_account_id_seq') ),'Melissa Brown' , 'Nurse' );
INSERT INTO Email(Passport_number, Email) VALUES(74728589 , 'hhicks@santana-campbell.com' );
INSERT INTO Medical_staff(Passport_number) VALUES (74728589);
INSERT INTO Message(Passport_number, Time_sent, Text) VALUES (74728589 , '2016-04-24 18:32:56' , 'Stop general senior mean finally.');
INSERT INTO Receiver(Message_id, Receiver_id) VALUES ( (SELECT CURRVAL('Message_message_id_seq')) , 18534511);
INSERT INTO Message(Passport_number, Time_sent, Text) VALUES (74728589 , '2018-07-16 13:53:54' , 'Group forget science meet great few sea.');
INSERT INTO Receiver(Message_id, Receiver_id) VALUES ( (SELECT CURRVAL('Message_message_id_seq')) , 53263223);
INSERT INTO Message(Passport_number, Time_sent, Text) VALUES (74728589 , '2016-07-05 18:09:29' , 'Six network without personal media letter.');
INSERT INTO Receiver(Message_id, Receiver_id) VALUES ( (SELECT CURRVAL('Message_message_id_seq')) , 18534511);
INSERT INTO Message(Passport_number, Time_sent, Text) VALUES (74728589 , '2017-02-20 06:22:55' , 'Protect training their open current enough much.');
INSERT INTO Receiver(Message_id, Receiver_id) VALUES ( (SELECT CURRVAL('Message_message_id_seq')) , 37311063);
INSERT INTO Account(Login, Password, Permission_level, Date_of_creation, Last_time_online) VALUES ('jeffrey73','nX#7YxgWWi' , 1 , '2011-06-22 20:04:01' , '2019-11-22 16:18:02');
INSERT INTO Staff(Passport_number, Account_id, Full_name, Position) VALUES (45348631 , (SELECT CURRVAL('account_account_id_seq') ),'Benjamin Zimmerman' , 'Doctor' );
INSERT INTO Medical_staff(Passport_number) VALUES (45348631);
INSERT INTO Doctor(MS_id, Specialization) VALUES ((SELECT CURRVAL('medical_staff_ms_id_seq')), 'Burn/Trauma' );
INSERT INTO Schedule(Doctor_id, Day, Time) VALUES ((SELECT CURRVAL('Doctor_doctor_id_seq')), 'SUN' , '4:00' );
INSERT INTO Schedule(Doctor_id, Day, Time) VALUES ((SELECT CURRVAL('Doctor_doctor_id_seq')), 'SUN' , '17:00' );
INSERT INTO Schedule(Doctor_id, Day, Time) VALUES ((SELECT CURRVAL('Doctor_doctor_id_seq')), 'SUN' , '19:00' );
INSERT INTO Schedule(Doctor_id, Day, Time) VALUES ((SELECT CURRVAL('Doctor_doctor_id_seq')), 'MON' , '0:00' );
INSERT INTO Schedule(Doctor_id, Day, Time) VALUES ((SELECT CURRVAL('Doctor_doctor_id_seq')), 'MON' , '7:00' );
INSERT INTO Schedule(Doctor_id, Day, Time) VALUES ((SELECT CURRVAL('Doctor_doctor_id_seq')), 'MON' , '8:00' );
INSERT INTO Schedule(Doctor_id, Day, Time) VALUES ((SELECT CURRVAL('Doctor_doctor_id_seq')), 'MON' , '11:00' );
INSERT INTO Schedule(Doctor_id, Day, Time) VALUES ((SELECT CURRVAL('Doctor_doctor_id_seq')), 'MON' , '16:00' );
INSERT INTO Schedule(Doctor_id, Day, Time) VALUES ((SELECT CURRVAL('Doctor_doctor_id_seq')), 'MON' , '20:00' );
INSERT INTO Schedule(Doctor_id, Day, Time) VALUES ((SELECT CURRVAL('Doctor_doctor_id_seq')), 'TUE' , '4:00' );
INSERT INTO Schedule(Doctor_id, Day, Time) VALUES ((SELECT CURRVAL('Doctor_doctor_id_seq')), 'TUE' , '10:00' );
INSERT INTO Schedule(Doctor_id, Day, Time) VALUES ((SELECT CURRVAL('Doctor_doctor_id_seq')), 'TUE' , '12:00' );
INSERT INTO Schedule(Doctor_id, Day, Time) VALUES ((SELECT CURRVAL('Doctor_doctor_id_seq')), 'TUE' , '13:00' );
INSERT INTO Schedule(Doctor_id, Day, Time) VALUES ((SELECT CURRVAL('Doctor_doctor_id_seq')), 'WED' , '6:00' );
INSERT INTO Schedule(Doctor_id, Day, Time) VALUES ((SELECT CURRVAL('Doctor_doctor_id_seq')), 'WED' , '8:00' );
INSERT INTO Schedule(Doctor_id, Day, Time) VALUES ((SELECT CURRVAL('Doctor_doctor_id_seq')), 'WED' , '13:00' );
INSERT INTO Schedule(Doctor_id, Day, Time) VALUES ((SELECT CURRVAL('Doctor_doctor_id_seq')), 'WED' , '15:00' );
INSERT INTO Schedule(Doctor_id, Day, Time) VALUES ((SELECT CURRVAL('Doctor_doctor_id_seq')), 'WED' , '17:00' );
INSERT INTO Schedule(Doctor_id, Day, Time) VALUES ((SELECT CURRVAL('Doctor_doctor_id_seq')), 'THU' , '0:00' );
INSERT INTO Schedule(Doctor_id, Day, Time) VALUES ((SELECT CURRVAL('Doctor_doctor_id_seq')), 'THU' , '6:00' );
INSERT INTO Schedule(Doctor_id, Day, Time) VALUES ((SELECT CURRVAL('Doctor_doctor_id_seq')), 'THU' , '15:00' );
INSERT INTO Schedule(Doctor_id, Day, Time) VALUES ((SELECT CURRVAL('Doctor_doctor_id_seq')), 'THU' , '16:00' );
INSERT INTO Schedule(Doctor_id, Day, Time) VALUES ((SELECT CURRVAL('Doctor_doctor_id_seq')), 'THU' , '21:00' );
INSERT INTO Schedule(Doctor_id, Day, Time) VALUES ((SELECT CURRVAL('Doctor_doctor_id_seq')), 'THU' , '22:00' );
INSERT INTO Schedule(Doctor_id, Day, Time) VALUES ((SELECT CURRVAL('Doctor_doctor_id_seq')), 'FRI' , '1:00' );
INSERT INTO Schedule(Doctor_id, Day, Time) VALUES ((SELECT CURRVAL('Doctor_doctor_id_seq')), 'FRI' , '3:00' );
INSERT INTO Schedule(Doctor_id, Day, Time) VALUES ((SELECT CURRVAL('Doctor_doctor_id_seq')), 'FRI' , '4:00' );
INSERT INTO Schedule(Doctor_id, Day, Time) VALUES ((SELECT CURRVAL('Doctor_doctor_id_seq')), 'FRI' , '15:00' );
INSERT INTO Schedule(Doctor_id, Day, Time) VALUES ((SELECT CURRVAL('Doctor_doctor_id_seq')), 'SAT' , '10:00' );
INSERT INTO Schedule(Doctor_id, Day, Time) VALUES ((SELECT CURRVAL('Doctor_doctor_id_seq')), 'SAT' , '13:00' );
INSERT INTO Schedule(Doctor_id, Day, Time) VALUES ((SELECT CURRVAL('Doctor_doctor_id_seq')), 'SAT' , '16:00' );
INSERT INTO Schedule(Doctor_id, Day, Time) VALUES ((SELECT CURRVAL('Doctor_doctor_id_seq')), 'SAT' , '17:00' );
INSERT INTO Schedule(Doctor_id, Day, Time) VALUES ((SELECT CURRVAL('Doctor_doctor_id_seq')), 'SAT' , '20:00' );
INSERT INTO Message(Passport_number, Time_sent, Text) VALUES (45348631 , '2011-03-10 14:36:05' , 'Might ready religious or including.');
INSERT INTO Receiver(Message_id, Receiver_id) VALUES ( (SELECT CURRVAL('Message_message_id_seq')) , 18534511);
INSERT INTO Message(Passport_number, Time_sent, Text) VALUES (45348631 , '2012-04-10 16:38:36' , 'Capital staff expect population.');
INSERT INTO Receiver(Message_id, Receiver_id) VALUES ( (SELECT CURRVAL('Message_message_id_seq')) , 18534511);
INSERT INTO Account(Login, Password, Permission_level, Date_of_creation, Last_time_online) VALUES ('leonardmichael','9IVrGS0s@4' , 4 , '2010-07-15 23:19:25' , '2019-11-23 00:49:24');
INSERT INTO Staff(Passport_number, Account_id, Full_name, Position) VALUES (90515170 , (SELECT CURRVAL('account_account_id_seq') ),'Jennifer Fox' , 'IT department' );
INSERT INTO Email(Passport_number, Email) VALUES(90515170 , 'matthew36@hotmail.com' );
INSERT INTO Email(Passport_number, Email) VALUES(90515170 , 'gary15@yahoo.com' );
INSERT INTO Email(Passport_number, Email) VALUES(90515170 , 'james94@hotmail.com' );
INSERT INTO Nonmedical_staff(Passport_number) VALUES (90515170);
INSERT INTO Message(Passport_number, Time_sent, Text) VALUES (90515170 , '2014-07-07 02:47:56' , 'Itself not who discover seat might analysis water.');
INSERT INTO Receiver(Message_id, Receiver_id) VALUES ( (SELECT CURRVAL('Message_message_id_seq')) , 36539956);
INSERT INTO Message(Passport_number, Time_sent, Text) VALUES (90515170 , '2015-08-16 17:43:23' , 'Truth other choose anything.');
INSERT INTO Receiver(Message_id, Receiver_id) VALUES ( (SELECT CURRVAL('Message_message_id_seq')) , 13307172);
INSERT INTO Account(Login, Password, Permission_level, Date_of_creation, Last_time_online) VALUES ('chelsey44','8EtHH*oX!D' , 4 , '2014-11-04 01:09:50' , '2019-11-19 12:13:51');
INSERT INTO Staff(Passport_number, Account_id, Full_name, Position) VALUES (49005745 , (SELECT CURRVAL('account_account_id_seq') ),'Raymond Schwartz' , 'Security' );
INSERT INTO Email(Passport_number, Email) VALUES(49005745 , 'xramirez@hotmail.com' );
INSERT INTO Email(Passport_number, Email) VALUES(49005745 , 'ojackson@jones.com' );
INSERT INTO Email(Passport_number, Email) VALUES(49005745 , 'nicole27@campbell.net' );
INSERT INTO Nonmedical_staff(Passport_number) VALUES (49005745);
INSERT INTO Message(Passport_number, Time_sent, Text) VALUES (49005745 , '2014-02-25 21:15:10' , 'Agent available mouth base.');
INSERT INTO Receiver(Message_id, Receiver_id) VALUES ( (SELECT CURRVAL('Message_message_id_seq')) , 77633217);
INSERT INTO Account(Login, Password, Permission_level, Date_of_creation, Last_time_online) VALUES ('ronald69','**MBimYV7!' , 1 , '2016-12-13 02:39:53' , '2019-11-22 20:06:21');
INSERT INTO Staff(Passport_number, Account_id, Full_name, Position) VALUES (24980432 , (SELECT CURRVAL('account_account_id_seq') ),'Gregory Wiley' , 'Doctor' );
INSERT INTO Email(Passport_number, Email) VALUES(24980432 , 'elopez@sanchez.com' );
INSERT INTO Email(Passport_number, Email) VALUES(24980432 , 'pneal@gmail.com' );
INSERT INTO Medical_staff(Passport_number) VALUES (24980432);
INSERT INTO Doctor(MS_id, Specialization) VALUES ((SELECT CURRVAL('medical_staff_ms_id_seq')), 'Colorectal Surgery' );
INSERT INTO Schedule(Doctor_id, Day, Time) VALUES ((SELECT CURRVAL('Doctor_doctor_id_seq')), 'SUN' , '5:00' );
INSERT INTO Schedule(Doctor_id, Day, Time) VALUES ((SELECT CURRVAL('Doctor_doctor_id_seq')), 'SUN' , '10:00' );
INSERT INTO Schedule(Doctor_id, Day, Time) VALUES ((SELECT CURRVAL('Doctor_doctor_id_seq')), 'SUN' , '13:00' );
INSERT INTO Schedule(Doctor_id, Day, Time) VALUES ((SELECT CURRVAL('Doctor_doctor_id_seq')), 'SUN' , '20:00' );
INSERT INTO Schedule(Doctor_id, Day, Time) VALUES ((SELECT CURRVAL('Doctor_doctor_id_seq')), 'MON' , '7:00' );
INSERT INTO Schedule(Doctor_id, Day, Time) VALUES ((SELECT CURRVAL('Doctor_doctor_id_seq')), 'MON' , '8:00' );
INSERT INTO Schedule(Doctor_id, Day, Time) VALUES ((SELECT CURRVAL('Doctor_doctor_id_seq')), 'MON' , '9:00' );
INSERT INTO Schedule(Doctor_id, Day, Time) VALUES ((SELECT CURRVAL('Doctor_doctor_id_seq')), 'MON' , '10:00' );
INSERT INTO Schedule(Doctor_id, Day, Time) VALUES ((SELECT CURRVAL('Doctor_doctor_id_seq')), 'MON' , '13:00' );
INSERT INTO Schedule(Doctor_id, Day, Time) VALUES ((SELECT CURRVAL('Doctor_doctor_id_seq')), 'MON' , '14:00' );
INSERT INTO Schedule(Doctor_id, Day, Time) VALUES ((SELECT CURRVAL('Doctor_doctor_id_seq')), 'MON' , '19:00' );
INSERT INTO Schedule(Doctor_id, Day, Time) VALUES ((SELECT CURRVAL('Doctor_doctor_id_seq')), 'TUE' , '5:00' );
INSERT INTO Schedule(Doctor_id, Day, Time) VALUES ((SELECT CURRVAL('Doctor_doctor_id_seq')), 'TUE' , '8:00' );
INSERT INTO Schedule(Doctor_id, Day, Time) VALUES ((SELECT CURRVAL('Doctor_doctor_id_seq')), 'TUE' , '9:00' );
INSERT INTO Schedule(Doctor_id, Day, Time) VALUES ((SELECT CURRVAL('Doctor_doctor_id_seq')), 'TUE' , '14:00' );
INSERT INTO Schedule(Doctor_id, Day, Time) VALUES ((SELECT CURRVAL('Doctor_doctor_id_seq')), 'WED' , '1:00' );
INSERT INTO Schedule(Doctor_id, Day, Time) VALUES ((SELECT CURRVAL('Doctor_doctor_id_seq')), 'WED' , '2:00' );
INSERT INTO Schedule(Doctor_id, Day, Time) VALUES ((SELECT CURRVAL('Doctor_doctor_id_seq')), 'WED' , '5:00' );
INSERT INTO Schedule(Doctor_id, Day, Time) VALUES ((SELECT CURRVAL('Doctor_doctor_id_seq')), 'WED' , '15:00' );
INSERT INTO Schedule(Doctor_id, Day, Time) VALUES ((SELECT CURRVAL('Doctor_doctor_id_seq')), 'WED' , '17:00' );
INSERT INTO Schedule(Doctor_id, Day, Time) VALUES ((SELECT CURRVAL('Doctor_doctor_id_seq')), 'WED' , '21:00' );
INSERT INTO Schedule(Doctor_id, Day, Time) VALUES ((SELECT CURRVAL('Doctor_doctor_id_seq')), 'THU' , '6:00' );
INSERT INTO Schedule(Doctor_id, Day, Time) VALUES ((SELECT CURRVAL('Doctor_doctor_id_seq')), 'THU' , '9:00' );
INSERT INTO Schedule(Doctor_id, Day, Time) VALUES ((SELECT CURRVAL('Doctor_doctor_id_seq')), 'THU' , '12:00' );
INSERT INTO Schedule(Doctor_id, Day, Time) VALUES ((SELECT CURRVAL('Doctor_doctor_id_seq')), 'THU' , '14:00' );
INSERT INTO Schedule(Doctor_id, Day, Time) VALUES ((SELECT CURRVAL('Doctor_doctor_id_seq')), 'THU' , '15:00' );
INSERT INTO Schedule(Doctor_id, Day, Time) VALUES ((SELECT CURRVAL('Doctor_doctor_id_seq')), 'THU' , '20:00' );
INSERT INTO Schedule(Doctor_id, Day, Time) VALUES ((SELECT CURRVAL('Doctor_doctor_id_seq')), 'THU' , '21:00' );
INSERT INTO Schedule(Doctor_id, Day, Time) VALUES ((SELECT CURRVAL('Doctor_doctor_id_seq')), 'THU' , '22:00' );
INSERT INTO Schedule(Doctor_id, Day, Time) VALUES ((SELECT CURRVAL('Doctor_doctor_id_seq')), 'FRI' , '0:00' );
INSERT INTO Schedule(Doctor_id, Day, Time) VALUES ((SELECT CURRVAL('Doctor_doctor_id_seq')), 'FRI' , '1:00' );
INSERT INTO Schedule(Doctor_id, Day, Time) VALUES ((SELECT CURRVAL('Doctor_doctor_id_seq')), 'FRI' , '2:00' );
INSERT INTO Schedule(Doctor_id, Day, Time) VALUES ((SELECT CURRVAL('Doctor_doctor_id_seq')), 'FRI' , '5:00' );
INSERT INTO Schedule(Doctor_id, Day, Time) VALUES ((SELECT CURRVAL('Doctor_doctor_id_seq')), 'FRI' , '11:00' );
INSERT INTO Schedule(Doctor_id, Day, Time) VALUES ((SELECT CURRVAL('Doctor_doctor_id_seq')), 'FRI' , '16:00' );
INSERT INTO Schedule(Doctor_id, Day, Time) VALUES ((SELECT CURRVAL('Doctor_doctor_id_seq')), 'SAT' , '11:00' );
INSERT INTO Schedule(Doctor_id, Day, Time) VALUES ((SELECT CURRVAL('Doctor_doctor_id_seq')), 'SAT' , '15:00' );
INSERT INTO Message(Passport_number, Time_sent, Text) VALUES (24980432 , '2014-08-02 03:39:10' , 'Environment contain continue bank else room.');
INSERT INTO Receiver(Message_id, Receiver_id) VALUES ( (SELECT CURRVAL('Message_message_id_seq')) , 33499680);
INSERT INTO Message(Passport_number, Time_sent, Text) VALUES (24980432 , '2016-07-25 04:33:15' , 'On camera identify rest.');
INSERT INTO Receiver(Message_id, Receiver_id) VALUES ( (SELECT CURRVAL('Message_message_id_seq')) , 37649807);
INSERT INTO Account(Login, Password, Permission_level, Date_of_creation, Last_time_online) VALUES ('ronaldgomez','8DDE%piB^k' , 1 , '2015-11-23 11:29:32' , '2019-11-21 03:17:19');
INSERT INTO Staff(Passport_number, Account_id, Full_name, Position) VALUES (25586022 , (SELECT CURRVAL('account_account_id_seq') ),'Jeff Richards' , 'Doctor' );
INSERT INTO Email(Passport_number, Email) VALUES(25586022 , 'cookroberto@gmail.com' );
INSERT INTO Medical_staff(Passport_number) VALUES (25586022);
INSERT INTO Doctor(MS_id, Specialization) VALUES ((SELECT CURRVAL('medical_staff_ms_id_seq')), 'Neonatology' );
INSERT INTO Schedule(Doctor_id, Day, Time) VALUES ((SELECT CURRVAL('Doctor_doctor_id_seq')), 'SUN' , '0:00' );
INSERT INTO Schedule(Doctor_id, Day, Time) VALUES ((SELECT CURRVAL('Doctor_doctor_id_seq')), 'SUN' , '4:00' );
INSERT INTO Schedule(Doctor_id, Day, Time) VALUES ((SELECT CURRVAL('Doctor_doctor_id_seq')), 'SUN' , '5:00' );
INSERT INTO Schedule(Doctor_id, Day, Time) VALUES ((SELECT CURRVAL('Doctor_doctor_id_seq')), 'SUN' , '6:00' );
INSERT INTO Schedule(Doctor_id, Day, Time) VALUES ((SELECT CURRVAL('Doctor_doctor_id_seq')), 'SUN' , '7:00' );
INSERT INTO Schedule(Doctor_id, Day, Time) VALUES ((SELECT CURRVAL('Doctor_doctor_id_seq')), 'SUN' , '9:00' );
INSERT INTO Schedule(Doctor_id, Day, Time) VALUES ((SELECT CURRVAL('Doctor_doctor_id_seq')), 'SUN' , '11:00' );
INSERT INTO Schedule(Doctor_id, Day, Time) VALUES ((SELECT CURRVAL('Doctor_doctor_id_seq')), 'MON' , '4:00' );
INSERT INTO Schedule(Doctor_id, Day, Time) VALUES ((SELECT CURRVAL('Doctor_doctor_id_seq')), 'MON' , '9:00' );
INSERT INTO Schedule(Doctor_id, Day, Time) VALUES ((SELECT CURRVAL('Doctor_doctor_id_seq')), 'MON' , '15:00' );
INSERT INTO Schedule(Doctor_id, Day, Time) VALUES ((SELECT CURRVAL('Doctor_doctor_id_seq')), 'MON' , '18:00' );
INSERT INTO Schedule(Doctor_id, Day, Time) VALUES ((SELECT CURRVAL('Doctor_doctor_id_seq')), 'MON' , '19:00' );
INSERT INTO Schedule(Doctor_id, Day, Time) VALUES ((SELECT CURRVAL('Doctor_doctor_id_seq')), 'MON' , '20:00' );
INSERT INTO Schedule(Doctor_id, Day, Time) VALUES ((SELECT CURRVAL('Doctor_doctor_id_seq')), 'MON' , '21:00' );
INSERT INTO Schedule(Doctor_id, Day, Time) VALUES ((SELECT CURRVAL('Doctor_doctor_id_seq')), 'MON' , '23:00' );
INSERT INTO Schedule(Doctor_id, Day, Time) VALUES ((SELECT CURRVAL('Doctor_doctor_id_seq')), 'TUE' , '3:00' );
INSERT INTO Schedule(Doctor_id, Day, Time) VALUES ((SELECT CURRVAL('Doctor_doctor_id_seq')), 'TUE' , '6:00' );
INSERT INTO Schedule(Doctor_id, Day, Time) VALUES ((SELECT CURRVAL('Doctor_doctor_id_seq')), 'TUE' , '10:00' );
INSERT INTO Schedule(Doctor_id, Day, Time) VALUES ((SELECT CURRVAL('Doctor_doctor_id_seq')), 'TUE' , '12:00' );
INSERT INTO Schedule(Doctor_id, Day, Time) VALUES ((SELECT CURRVAL('Doctor_doctor_id_seq')), 'TUE' , '22:00' );
INSERT INTO Schedule(Doctor_id, Day, Time) VALUES ((SELECT CURRVAL('Doctor_doctor_id_seq')), 'WED' , '1:00' );
INSERT INTO Schedule(Doctor_id, Day, Time) VALUES ((SELECT CURRVAL('Doctor_doctor_id_seq')), 'WED' , '3:00' );
INSERT INTO Schedule(Doctor_id, Day, Time) VALUES ((SELECT CURRVAL('Doctor_doctor_id_seq')), 'WED' , '5:00' );
INSERT INTO Schedule(Doctor_id, Day, Time) VALUES ((SELECT CURRVAL('Doctor_doctor_id_seq')), 'WED' , '7:00' );
INSERT INTO Schedule(Doctor_id, Day, Time) VALUES ((SELECT CURRVAL('Doctor_doctor_id_seq')), 'WED' , '8:00' );
INSERT INTO Schedule(Doctor_id, Day, Time) VALUES ((SELECT CURRVAL('Doctor_doctor_id_seq')), 'WED' , '13:00' );
INSERT INTO Schedule(Doctor_id, Day, Time) VALUES ((SELECT CURRVAL('Doctor_doctor_id_seq')), 'WED' , '15:00' );
INSERT INTO Schedule(Doctor_id, Day, Time) VALUES ((SELECT CURRVAL('Doctor_doctor_id_seq')), 'WED' , '17:00' );
INSERT INTO Schedule(Doctor_id, Day, Time) VALUES ((SELECT CURRVAL('Doctor_doctor_id_seq')), 'THU' , '1:00' );
INSERT INTO Schedule(Doctor_id, Day, Time) VALUES ((SELECT CURRVAL('Doctor_doctor_id_seq')), 'THU' , '2:00' );
INSERT INTO Schedule(Doctor_id, Day, Time) VALUES ((SELECT CURRVAL('Doctor_doctor_id_seq')), 'THU' , '6:00' );
INSERT INTO Schedule(Doctor_id, Day, Time) VALUES ((SELECT CURRVAL('Doctor_doctor_id_seq')), 'THU' , '8:00' );
INSERT INTO Schedule(Doctor_id, Day, Time) VALUES ((SELECT CURRVAL('Doctor_doctor_id_seq')), 'THU' , '15:00' );
INSERT INTO Schedule(Doctor_id, Day, Time) VALUES ((SELECT CURRVAL('Doctor_doctor_id_seq')), 'THU' , '22:00' );
INSERT INTO Schedule(Doctor_id, Day, Time) VALUES ((SELECT CURRVAL('Doctor_doctor_id_seq')), 'FRI' , '0:00' );
INSERT INTO Schedule(Doctor_id, Day, Time) VALUES ((SELECT CURRVAL('Doctor_doctor_id_seq')), 'FRI' , '7:00' );
INSERT INTO Schedule(Doctor_id, Day, Time) VALUES ((SELECT CURRVAL('Doctor_doctor_id_seq')), 'FRI' , '13:00' );
INSERT INTO Schedule(Doctor_id, Day, Time) VALUES ((SELECT CURRVAL('Doctor_doctor_id_seq')), 'FRI' , '14:00' );
INSERT INTO Schedule(Doctor_id, Day, Time) VALUES ((SELECT CURRVAL('Doctor_doctor_id_seq')), 'SAT' , '8:00' );
INSERT INTO Schedule(Doctor_id, Day, Time) VALUES ((SELECT CURRVAL('Doctor_doctor_id_seq')), 'SAT' , '10:00' );
INSERT INTO Schedule(Doctor_id, Day, Time) VALUES ((SELECT CURRVAL('Doctor_doctor_id_seq')), 'SAT' , '18:00' );
INSERT INTO Message(Passport_number, Time_sent, Text) VALUES (25586022 , '2012-12-06 12:59:20' , 'Value down way southern.');
INSERT INTO Receiver(Message_id, Receiver_id) VALUES ( (SELECT CURRVAL('Message_message_id_seq')) , 70309690);
INSERT INTO Message(Passport_number, Time_sent, Text) VALUES (25586022 , '2016-03-29 15:30:30' , 'Catch hour cut.');
INSERT INTO Receiver(Message_id, Receiver_id) VALUES ( (SELECT CURRVAL('Message_message_id_seq')) , 13307172);
INSERT INTO Message(Passport_number, Time_sent, Text) VALUES (25586022 , '2012-01-28 19:09:30' , 'Reason ahead direction compare recognize travel civil.');
INSERT INTO Receiver(Message_id, Receiver_id) VALUES ( (SELECT CURRVAL('Message_message_id_seq')) , 13307172);
INSERT INTO Message(Passport_number, Time_sent, Text) VALUES (25586022 , '2013-12-11 00:26:13' , 'Clear ask scientist study air.');
INSERT INTO Receiver(Message_id, Receiver_id) VALUES ( (SELECT CURRVAL('Message_message_id_seq')) , 74728589);
INSERT INTO Message(Passport_number, Time_sent, Text) VALUES (25586022 , '2019-08-24 17:48:10' , 'Between century middle.');
INSERT INTO Receiver(Message_id, Receiver_id) VALUES ( (SELECT CURRVAL('Message_message_id_seq')) , 83121982);
INSERT INTO Account(Login, Password, Permission_level, Date_of_creation, Last_time_online) VALUES ('isaiahbaker','dp)tqD^s$9' , 3 , '2010-02-20 16:18:29' , '2019-11-24 15:24:25');
INSERT INTO Staff(Passport_number, Account_id, Full_name, Position) VALUES (12304271 , (SELECT CURRVAL('account_account_id_seq') ),'Laura Freeman' , 'Nurse' );
INSERT INTO Email(Passport_number, Email) VALUES(12304271 , 'jilljordan@winters-hurst.biz' );
INSERT INTO Email(Passport_number, Email) VALUES(12304271 , 'wcantrell@lee.org' );
INSERT INTO Email(Passport_number, Email) VALUES(12304271 , 'jamesjackson@liu.com' );
INSERT INTO Medical_staff(Passport_number) VALUES (12304271);
INSERT INTO Message(Passport_number, Time_sent, Text) VALUES (12304271 , '2017-11-01 01:52:17' , 'Training season history party.');
INSERT INTO Receiver(Message_id, Receiver_id) VALUES ( (SELECT CURRVAL('Message_message_id_seq')) , 33499680);
INSERT INTO Message(Passport_number, Time_sent, Text) VALUES (12304271 , '2010-10-30 00:15:40' , 'Hot as care consider executive language month.');
INSERT INTO Receiver(Message_id, Receiver_id) VALUES ( (SELECT CURRVAL('Message_message_id_seq')) , 33499680);
INSERT INTO Message(Passport_number, Time_sent, Text) VALUES (12304271 , '2016-11-01 23:03:06' , 'Our lot everybody according weight significant place apply.');
INSERT INTO Receiver(Message_id, Receiver_id) VALUES ( (SELECT CURRVAL('Message_message_id_seq')) , 49005745);
INSERT INTO Message(Passport_number, Time_sent, Text) VALUES (12304271 , '2011-12-27 14:02:08' , 'Structure subject exactly low.');
INSERT INTO Receiver(Message_id, Receiver_id) VALUES ( (SELECT CURRVAL('Message_message_id_seq')) , 70309690);
INSERT INTO Account(Login, Password, Permission_level, Date_of_creation, Last_time_online) VALUES ('smithbrett','cL1XNwo&&S' , 4 , '2010-03-06 06:25:37' , '2019-11-19 12:12:00');
INSERT INTO Staff(Passport_number, Account_id, Full_name, Position) VALUES (32694529 , (SELECT CURRVAL('account_account_id_seq') ),'Jay Baker' , 'Adminstration' );
INSERT INTO Nonmedical_staff(Passport_number) VALUES (32694529);
